ID,Full Name,Job Title,Salary
1,Emma Martinez,Software Engineer,77276
2,Michael Brown,Software Engineer,87182
3,Jane Walker,Network Engineer,93243
4,Alice Smith,System Administrator,91634
5,Emma Smith,Product Manager,55437
6,Charlie Anderson,Product Manager,98557
7,Sophia Martinez,UX Designer,74360
8,Alice Brown,Software Engineer,94041
9,Olivia Harris,AI Researcher,51561
10,Alice Anderson,AI Researcher,86129
11,Olivia Harris,Database Administrator,92881
12,Alice Lewis,Database Administrator,79380
13,Olivia Martinez,System Administrator,63037
14,Charlie Brown,System Administrator,84686
15,John Walker,Product Manager,51256
16,John Taylor,Data Analyst,84648
17,David Taylor,Network Engineer,59920
18,Emma Johnson,Project Manager,67652
19,Olivia Johnson,Software Engineer,85217
20,Emma Brown,UX Designer,83298
21,Bob Lewis,Project Manager,81745
22,Alice Smith,Project Manager,69859
23,Emma Lewis,Software Engineer,53647
24,Olivia Clark,DevOps Engineer,73561
25,David Martinez,Software Engineer,54524
26,Bob Anderson,DevOps Engineer,60503
27,Alice Brown,Product Manager,73736
28,David Taylor,Database Administrator,88234
29,Jane Martinez,Project Manager,57120
30,Charlie Brown,System Administrator,54109
31,Jane Lewis,System Administrator,76932
32,David Smith,Project Manager,82186
33,Alice Anderson,Network Engineer,69327
34,David Harris,Product Manager,77262
35,Bob Johnson,Software Engineer,77259
36,Sophia Martinez,Network Engineer,68725
37,Bob Walker,AI Researcher,65191
38,Emma Brown,Project Manager,85322
39,Jane Anderson,DevOps Engineer,50175
40,Michael Brown,UX Designer,73296
41,Sophia Lewis,UX Designer,85639
42,Emma Harris,Project Manager,66085
43,Charlie Taylor,UX Designer,78082
44,Charlie Clark,Software Engineer,76207
45,Jane Martinez,DevOps Engineer,69608
46,Emma Clark,Network Engineer,93785
47,John Taylor,Network Engineer,86805
48,John Brown,Database Administrator,57623
49,Emma Lewis,Database Administrator,67919
50,Bob Anderson,Product Manager,87236
51,Alice Martinez,Data Analyst,96020
52,Michael Martinez,AI Researcher,91563
53,Jane Anderson,Product Manager,74278
54,David Harris,Project Manager,94271
55,Emma Clark,Database Administrator,60887
56,Bob Lewis,UX Designer,52673
57,Michael Martinez,Database Administrator,72655
58,Alice Martinez,DevOps Engineer,91717
59,Sophia Anderson,AI Researcher,74911
60,Charlie Clark,Product Manager,90090
61,Sophia Smith,Database Administrator,88353
62,Jane Taylor,System Administrator,80615
63,Charlie Taylor,Product Manager,53750
64,David Anderson,Data Analyst,78110
65,Emma Johnson,Network Engineer,68149
66,Bob Martinez,Project Manager,83978
67,Sophia Anderson,Project Manager,88036
68,Charlie Anderson,System Administrator,77605
69,Alice Johnson,Network Engineer,58811
70,Charlie Lewis,UX Designer,77335
71,Michael Clark,Product Manager,54082
72,David Anderson,System Administrator,84782
73,David Anderson,DevOps Engineer,75081
74,Emma Anderson,Data Analyst,86729
75,Charlie Walker,DevOps Engineer,97886
76,Jane Lewis,Product Manager,68059
77,Charlie Brown,AI Researcher,76993
78,John Clark,Project Manager,57032
79,Olivia Lewis,DevOps Engineer,76060
80,Olivia Smith,System Administrator,72613
81,Alice Clark,Software Engineer,60991
82,David Clark,Software Engineer,93328
83,Charlie Taylor,UX Designer,55742
84,Charlie Brown,Network Engineer,81109
85,Michael Brown,AI Researcher,50420
86,David Taylor,Network Engineer,76447
87,Jane Brown,Product Manager,83271
88,Olivia Martinez,System Administrator,99134
89,Alice Martinez,Project Manager,77640
90,John Lewis,AI Researcher,87377
91,Charlie Anderson,DevOps Engineer,68423
92,Sophia Lewis,UX Designer,97482
93,Sophia Martinez,Database Administrator,89273
94,Michael Johnson,Software Engineer,91085
95,Emma Brown,System Administrator,74862
96,David Harris,AI Researcher,64074
97,Olivia Johnson,AI Researcher,83682
98,David Smith,Network Engineer,71987
99,Charlie Brown,Database Administrator,54830
100,Alice Anderson,AI Researcher,87799
101,John Walker,Project Manager,60456
102,Sophia Walker,AI Researcher,69905
103,John Martinez,Project Manager,55381
104,David Smith,UX Designer,53205
105,Alice Martinez,Network Engineer,75318
106,Jane Harris,Data Analyst,56957
107,Sophia Brown,Product Manager,88258
108,Michael Walker,Product Manager,88705
109,Michael Clark,UX Designer,54018
110,John Martinez,Software Engineer,81586
111,Sophia Walker,System Administrator,79638
112,Michael Anderson,DevOps Engineer,80338
113,John Taylor,Product Manager,90659
114,Emma Walker,Project Manager,83521
115,Alice Anderson,UX Designer,82011
116,Bob Anderson,System Administrator,62936
117,Sophia Brown,Project Manager,50861
118,Jane Lewis,Database Administrator,63427
119,Olivia Clark,Database Administrator,87064
120,John Harris,Database Administrator,79260
121,Charlie Lewis,Network Engineer,65075
122,Charlie Harris,Project Manager,60498
123,Alice Martinez,DevOps Engineer,97981
124,Jane Walker,UX Designer,81113
125,Michael Anderson,System Administrator,59799
126,Charlie Smith,DevOps Engineer,88559
127,Bob Walker,DevOps Engineer,55295
128,David Lewis,System Administrator,62454
129,Olivia Johnson,Project Manager,50953
130,John Lewis,Database Administrator,75231
131,Emma Smith,System Administrator,57833
132,Charlie Harris,UX Designer,96765
133,Emma Harris,Data Analyst,89618
134,Olivia Walker,Data Analyst,54166
135,Emma Taylor,Data Analyst,80451
136,Olivia Johnson,UX Designer,57634
137,Olivia Brown,AI Researcher,91938
138,Jane Smith,Database Administrator,75217
139,John Martinez,Software Engineer,80651
140,Charlie Lewis,Data Analyst,96571
141,John Johnson,System Administrator,84668
142,Alice Martinez,Project Manager,86634
143,John Anderson,Software Engineer,58029
144,Emma Taylor,Network Engineer,55264
145,Jane Walker,AI Researcher,98778
146,David Martinez,AI Researcher,87314
147,David Lewis,Database Administrator,78987
148,Bob Walker,Data Analyst,75244
149,Bob Johnson,Product Manager,73370
150,Emma Smith,Software Engineer,73504
151,Sophia Walker,Data Analyst,81205
152,Sophia Smith,UX Designer,83908
153,Michael Harris,Data Analyst,61064
154,Olivia Smith,AI Researcher,76264
155,Michael Anderson,Product Manager,53480
156,Emma Harris,Data Analyst,97228
157,Jane Smith,System Administrator,58157
158,David Harris,Software Engineer,78639
159,Emma Martinez,Network Engineer,73450
160,Emma Clark,Data Analyst,80249
161,Charlie Taylor,Network Engineer,79172
162,Jane Harris,AI Researcher,50079
163,Jane Smith,Database Administrator,67974
164,Bob Smith,Project Manager,80736
165,Jane Taylor,Product Manager,93919
166,Olivia Clark,UX Designer,58624
167,David Anderson,Product Manager,61839
168,David Lewis,AI Researcher,53245
169,Charlie Harris,Product Manager,54184
170,Sophia Walker,Software Engineer,86138
171,Bob Harris,Project Manager,97600
172,Michael Smith,AI Researcher,68605
173,Charlie Johnson,Project Manager,54381
174,Olivia Smith,UX Designer,97252
175,David Brown,Software Engineer,70693
176,Alice Johnson,UX Designer,92959
177,Emma Brown,Database Administrator,53834
178,Emma Johnson,Product Manager,72757
179,John Johnson,AI Researcher,55063
180,Bob Brown,System Administrator,64487
181,Sophia Brown,Software Engineer,68397
182,Alice Brown,DevOps Engineer,56357
183,Jane Clark,AI Researcher,72204
184,Jane Smith,System Administrator,57212
185,Sophia Harris,Data Analyst,62015
186,Alice Clark,Data Analyst,71469
187,Olivia Anderson,Data Analyst,51495
188,Michael Brown,DevOps Engineer,75658
189,Sophia Johnson,DevOps Engineer,68577
190,Emma Smith,DevOps Engineer,98235
191,Jane Clark,Database Administrator,79496
192,Olivia Clark,Software Engineer,82024
193,Sophia Harris,Project Manager,50823
194,Charlie Martinez,Project Manager,57573
195,Charlie Johnson,System Administrator,70411
196,Charlie Smith,Product Manager,92072
197,Alice Johnson,Database Administrator,98213
198,John Clark,Project Manager,74401
199,John Harris,Network Engineer,93164
200,Michael Harris,Project Manager,94270
201,Bob Harris,AI Researcher,67554
202,Jane Martinez,Database Administrator,59291
203,Bob Brown,UX Designer,70421
204,Jane Anderson,AI Researcher,88313
205,Bob Lewis,Software Engineer,67753
206,Charlie Anderson,Data Analyst,63843
207,Michael Clark,UX Designer,99557
208,John Clark,Product Manager,85326
209,Michael Harris,Database Administrator,72138
210,Charlie Brown,DevOps Engineer,53098
211,Jane Harris,Network Engineer,87065
212,Jane Martinez,System Administrator,58317
213,Sophia Anderson,UX Designer,97472
214,Emma Johnson,Product Manager,77612
215,Bob Smith,Network Engineer,94636
216,Olivia Johnson,DevOps Engineer,62537
217,Alice Harris,UX Designer,61639
218,John Harris,Product Manager,79769
219,Alice Smith,Project Manager,99485
220,Charlie Taylor,Database Administrator,85774
221,Sophia Brown,AI Researcher,87589
222,Jane Smith,AI Researcher,94306
223,Sophia Lewis,UX Designer,72367
224,David Walker,Software Engineer,52360
225,Michael Harris,System Administrator,85870
226,Sophia Johnson,System Administrator,57278
227,David Harris,DevOps Engineer,98533
228,Charlie Clark,Data Analyst,84502
229,Emma Johnson,Data Analyst,72276
230,Olivia Harris,Product Manager,74684
231,Emma Anderson,Software Engineer,91009
232,Michael Brown,Project Manager,87140
233,Olivia Martinez,Project Manager,96593
234,Alice Brown,Data Analyst,86526
235,Alice Taylor,Data Analyst,75511
236,Michael Johnson,AI Researcher,74511
237,John Clark,UX Designer,66224
238,Charlie Brown,UX Designer,90886
239,Bob Brown,UX Designer,60914
240,John Walker,Product Manager,71460
241,Charlie Anderson,UX Designer,50628
242,Bob Harris,Database Administrator,96931
243,Charlie Anderson,Project Manager,72840
244,Alice Walker,Project Manager,90829
245,Charlie Taylor,Software Engineer,50894
246,Charlie Brown,Data Analyst,97582
247,Emma Martinez,Network Engineer,97440
248,Charlie Walker,System Administrator,61222
249,Charlie Martinez,Network Engineer,77941
250,Charlie Clark,Database Administrator,60424
251,Charlie Clark,DevOps Engineer,66978
252,John Smith,Software Engineer,78022
253,Sophia Smith,AI Researcher,54519
254,Bob Smith,Software Engineer,99113
255,Emma Martinez,System Administrator,95365
256,John Smith,Project Manager,65303
257,David Smith,Software Engineer,50147
258,Sophia Martinez,Database Administrator,86027
259,Emma Brown,Data Analyst,94650
260,Charlie Johnson,Product Manager,63974
261,Michael Brown,Network Engineer,70607
262,Olivia Martinez,Product Manager,99273
263,Michael Smith,Software Engineer,77719
264,Alice Taylor,Data Analyst,78541
265,John Smith,Network Engineer,63994
266,Jane Clark,Database Administrator,66528
267,Bob Lewis,Database Administrator,55535
268,Emma Harris,Software Engineer,78666
269,Charlie Walker,DevOps Engineer,95784
270,Michael Taylor,Software Engineer,71486
271,Sophia Lewis,UX Designer,78920
272,David Harris,Software Engineer,94292
273,Jane Brown,System Administrator,97361
274,Charlie Brown,Software Engineer,62738
275,Charlie Anderson,Data Analyst,64065
276,Sophia Clark,Product Manager,99910
277,Alice Lewis,Product Manager,96835
278,Jane Anderson,Project Manager,68614
279,Alice Walker,Product Manager,80216
280,Jane Clark,System Administrator,50629
281,Charlie Johnson,UX Designer,52323
282,Sophia Anderson,Network Engineer,67748
283,Emma Brown,Network Engineer,59081
284,John Martinez,Database Administrator,87079
285,Jane Brown,Software Engineer,84292
286,Alice Clark,Project Manager,90363
287,Olivia Walker,Data Analyst,66646
288,Michael Martinez,Project Manager,63105
289,David Johnson,Project Manager,85858
290,Bob Walker,UX Designer,86666
291,Emma Walker,Data Analyst,71900
292,Jane Harris,System Administrator,91803
293,Jane Taylor,System Administrator,74524
294,Olivia Martinez,DevOps Engineer,64724
295,David Taylor,Product Manager,93298
296,Michael Harris,Project Manager,96949
297,Michael Anderson,DevOps Engineer,58994
298,Sophia Anderson,Software Engineer,87054
299,John Harris,Data Analyst,52235
300,David Lewis,Project Manager,91552
301,David Clark,Software Engineer,83963
302,Bob Brown,System Administrator,88214
303,Jane Brown,System Administrator,97485
304,Jane Martinez,AI Researcher,85134
305,Alice Walker,Network Engineer,77110
306,Michael Taylor,Data Analyst,77643
307,David Taylor,Network Engineer,96735
308,Bob Smith,Product Manager,74586
309,John Taylor,DevOps Engineer,54831
310,John Anderson,Network Engineer,54536
311,Alice Johnson,Network Engineer,92323
312,Jane Martinez,Network Engineer,98692
313,Jane Walker,Software Engineer,73083
314,Emma Brown,Software Engineer,63558
315,Bob Brown,Network Engineer,87669
316,Bob Taylor,System Administrator,60598
317,John Lewis,AI Researcher,97922
318,Jane Anderson,Project Manager,85058
319,Olivia Lewis,Project Manager,65528
320,Michael Clark,System Administrator,50077
321,John Anderson,DevOps Engineer,94373
322,Alice Harris,Product Manager,83307
323,Charlie Smith,Software Engineer,50535
324,Alice Walker,Product Manager,66912
325,Alice Clark,DevOps Engineer,85460
326,Bob Lewis,Database Administrator,80305
327,John Taylor,System Administrator,78208
328,Sophia Harris,Product Manager,74386
329,Emma Brown,Data Analyst,95769
330,John Smith,System Administrator,50187
331,Charlie Smith,Project Manager,68319
332,Sophia Harris,Product Manager,81286
333,Charlie Brown,Project Manager,57532
334,Alice Taylor,Database Administrator,97663
335,Michael Anderson,AI Researcher,63078
336,Alice Taylor,Product Manager,55229
337,John Lewis,Project Manager,82565
338,Michael Anderson,UX Designer,75456
339,Bob Smith,Network Engineer,86760
340,Charlie Smith,Database Administrator,93069
341,Charlie Martinez,UX Designer,57687
342,Michael Clark,DevOps Engineer,52409
343,John Brown,Data Analyst,59873
344,Jane Anderson,Database Administrator,54055
345,Emma Walker,Software Engineer,68700
346,David Smith,System Administrator,90116
347,Emma Lewis,Software Engineer,66980
348,Sophia Brown,Database Administrator,69352
349,Charlie Johnson,Product Manager,80909
350,John Brown,Database Administrator,71738
351,Bob Brown,Network Engineer,59479
352,John Johnson,Database Administrator,74830
353,Sophia Lewis,Data Analyst,57423
354,Bob Martinez,Database Administrator,50768
355,Jane Martinez,Product Manager,84926
356,Sophia Walker,DevOps Engineer,51084
357,Alice Johnson,Data Analyst,57761
358,Alice Taylor,System Administrator,58125
359,Emma Taylor,Network Engineer,85262
360,Bob Lewis,Software Engineer,87963
361,Bob Walker,Software Engineer,96233
362,Jane Martinez,Data Analyst,97582
363,Sophia Smith,Project Manager,90960
364,Jane Walker,DevOps Engineer,90684
365,Sophia Martinez,System Administrator,50899
366,John Taylor,System Administrator,68486
367,David Walker,Product Manager,55221
368,Jane Clark,UX Designer,61695
369,Michael Harris,Product Manager,85728
370,Emma Harris,Product Manager,94016
371,David Martinez,Project Manager,88368
372,Bob Brown,Project Manager,51499
373,Olivia Lewis,Software Engineer,74967
374,Michael Anderson,AI Researcher,87567
375,David Brown,Database Administrator,53431
376,Alice Harris,Project Manager,74830
377,John Harris,UX Designer,99946
378,Alice Clark,Product Manager,63976
379,John Martinez,AI Researcher,90622
380,Michael Martinez,Project Manager,51083
381,Olivia Johnson,DevOps Engineer,97443
382,John Smith,Data Analyst,72935
383,Olivia Harris,Project Manager,71821
384,Alice Walker,System Administrator,64825
385,Alice Harris,Project Manager,82704
386,Sophia Martinez,System Administrator,89826
387,Olivia Taylor,Software Engineer,81255
388,Emma Walker,Software Engineer,53511
389,Michael Johnson,UX Designer,69881
390,Charlie Harris,AI Researcher,75605
391,Michael Walker,DevOps Engineer,93825
392,Bob Taylor,AI Researcher,85127
393,Alice Brown,Software Engineer,83332
394,Michael Brown,Project Manager,83408
395,Alice Walker,Software Engineer,72293
396,Sophia Harris,Data Analyst,84604
397,Olivia Martinez,Network Engineer,92407
398,Charlie Brown,System Administrator,50849
399,Bob Walker,AI Researcher,54181
400,Olivia Lewis,Project Manager,82776
401,Charlie Harris,Network Engineer,71905
402,Bob Anderson,Database Administrator,50443
403,Michael Smith,DevOps Engineer,93196
404,Alice Smith,UX Designer,98503
405,David Brown,Product Manager,93491
406,Sophia Lewis,DevOps Engineer,85365
407,Alice Taylor,AI Researcher,83610
408,David Harris,Software Engineer,91039
409,Bob Harris,DevOps Engineer,62467
410,Charlie Harris,Network Engineer,64038
411,Michael Smith,Network Engineer,89958
412,Bob Clark,Data Analyst,89253
413,Charlie Taylor,Project Manager,61593
414,David Clark,DevOps Engineer,77411
415,Emma Smith,Database Administrator,90120
416,Bob Lewis,Database Administrator,83022
417,John Smith,Project Manager,62262
418,Sophia Harris,UX Designer,68755
419,Emma Taylor,Network Engineer,55913
420,Alice Anderson,UX Designer,85134
421,Jane Taylor,Software Engineer,88585
422,John Smith,AI Researcher,98401
423,Sophia Lewis,UX Designer,81004
424,Emma Harris,Project Manager,84509
425,David Harris,System Administrator,54545
426,John Clark,Project Manager,55400
427,Olivia Johnson,Project Manager,65712
428,Jane Brown,UX Designer,78691
429,Sophia Smith,Network Engineer,72025
430,Bob Johnson,Network Engineer,92377
431,Jane Walker,UX Designer,86574
432,David Brown,Network Engineer,90781
433,Alice Walker,AI Researcher,81812
434,Sophia Smith,Network Engineer,82686
435,Sophia Harris,Project Manager,63091
436,Emma Clark,Data Analyst,86024
437,Sophia Brown,AI Researcher,94334
438,David Anderson,Product Manager,81331
439,Charlie Lewis,Data Analyst,62965
440,David Smith,Software Engineer,68256
441,John Lewis,Project Manager,78897
442,Sophia Lewis,DevOps Engineer,82386
443,David Harris,Project Manager,92510
444,John Walker,System Administrator,91781
445,Emma Walker,Data Analyst,92207
446,Charlie Smith,Data Analyst,52611
447,Charlie Lewis,Project Manager,93187
448,Alice Harris,DevOps Engineer,69420
449,Bob Martinez,Product Manager,90202
450,Charlie Anderson,Project Manager,76483
451,Bob Smith,Product Manager,71801
452,Alice Martinez,Software Engineer,80393
453,John Lewis,DevOps Engineer,90133
454,David Clark,Network Engineer,64967
455,Michael Smith,Data Analyst,63756
456,Bob Brown,Network Engineer,97669
457,Olivia Harris,UX Designer,71680
458,Emma Clark,Software Engineer,87109
459,Jane Walker,Database Administrator,93568
460,Charlie Harris,Database Administrator,64629
461,Charlie Harris,Network Engineer,59055
462,Alice Walker,Project Manager,85495
463,John Anderson,AI Researcher,93059
464,Alice Clark,Project Manager,92439
465,Sophia Walker,Database Administrator,73464
466,Jane Harris,Project Manager,93362
467,Michael Walker,Database Administrator,73403
468,Sophia Harris,Product Manager,63186
469,Bob Smith,UX Designer,89126
470,Emma Clark,Network Engineer,68507
471,Jane Smith,Network Engineer,98098
472,Jane Martinez,Data Analyst,79366
473,Bob Anderson,DevOps Engineer,70042
474,Jane Anderson,Project Manager,96041
475,John Harris,DevOps Engineer,67555
476,Sophia Taylor,Product Manager,56997
477,Emma Clark,UX Designer,80610
478,Bob Harris,Network Engineer,58307
479,Michael Johnson,UX Designer,87378
480,Michael Harris,Software Engineer,62815
481,Michael Clark,Database Administrator,98975
482,Jane Anderson,UX Designer,51334
483,John Brown,Data Analyst,96719
484,Jane Clark,Project Manager,75976
485,Michael Harris,Software Engineer,83794
486,Emma Brown,Software Engineer,93200
487,Sophia Lewis,Database Administrator,51474
488,Charlie Anderson,DevOps Engineer,92746
489,Emma Clark,Data Analyst,56466
490,David Smith,Database Administrator,84534
491,Charlie Johnson,UX Designer,64861
492,Olivia Martinez,AI Researcher,88884
493,Alice Lewis,Project Manager,60520
494,Michael Taylor,Project Manager,55484
495,David Martinez,Product Manager,58831
496,Olivia Smith,AI Researcher,92545
497,John Walker,System Administrator,86377
498,Sophia Martinez,Project Manager,59910
499,Jane Johnson,Data Analyst,77183
500,Emma Harris,Database Administrator,86431
501,David Lewis,Database Administrator,78440
502,Bob Lewis,UX Designer,63399
503,Michael Brown,AI Researcher,92244
504,Alice Taylor,Database Administrator,77498
505,Sophia Taylor,Software Engineer,91183
506,Sophia Taylor,Data Analyst,99203
507,Emma Taylor,Data Analyst,93823
508,Bob Smith,Network Engineer,52389
509,Jane Harris,Database Administrator,89700
510,Olivia Lewis,System Administrator,77649
511,Olivia Anderson,AI Researcher,64982
512,Bob Taylor,Network Engineer,73736
513,Bob Martinez,Network Engineer,77083
514,Olivia Lewis,DevOps Engineer,50474
515,David Anderson,Product Manager,89670
516,Charlie Johnson,Software Engineer,80264
517,Emma Johnson,Software Engineer,83027
518,Sophia Taylor,DevOps Engineer,90577
519,John Smith,Project Manager,50891
520,Charlie Johnson,Software Engineer,56900
521,Sophia Lewis,UX Designer,89658
522,Bob Martinez,Project Manager,52088
523,Jane Smith,UX Designer,70845
524,Jane Harris,Software Engineer,90751
525,Charlie Brown,Network Engineer,76065
526,Alice Martinez,Database Administrator,57822
527,Jane Brown,Database Administrator,77827
528,Alice Johnson,Network Engineer,69199
529,Alice Johnson,System Administrator,81359
530,Michael Clark,Database Administrator,59837
531,Sophia Martinez,Project Manager,91485
532,Jane Clark,UX Designer,57561
533,Alice Martinez,Product Manager,78800
534,Alice Johnson,Project Manager,75423
535,Bob Clark,Database Administrator,87381
536,Michael Clark,System Administrator,58481
537,David Clark,Product Manager,81166
538,Charlie Brown,AI Researcher,69201
539,Emma Lewis,Project Manager,89985
540,Michael Anderson,Network Engineer,80549
541,Michael Anderson,UX Designer,80941
542,Charlie Taylor,System Administrator,90105
543,Alice Smith,Software Engineer,53328
544,Emma Anderson,Network Engineer,59694
545,Sophia Smith,Database Administrator,68170
546,Bob Brown,Database Administrator,84461
547,Bob Harris,Product Manager,99953
548,Charlie Anderson,Database Administrator,98577
549,Bob Harris,Data Analyst,69688
550,Michael Johnson,Product Manager,60812
551,Charlie Martinez,AI Researcher,65171
552,Bob Harris,Data Analyst,69265
553,Sophia Anderson,AI Researcher,88024
554,David Harris,AI Researcher,89933
555,Alice Harris,AI Researcher,56216
556,Bob Anderson,Database Administrator,59001
557,Charlie Lewis,AI Researcher,69151
558,Jane Lewis,Product Manager,66232
559,Emma Walker,Database Administrator,79715
560,John Smith,Project Manager,99065
561,Alice Anderson,DevOps Engineer,95415
562,Emma Smith,UX Designer,90163
563,John Smith,System Administrator,68554
564,David Anderson,AI Researcher,58302
565,Michael Johnson,UX Designer,90370
566,Jane Anderson,DevOps Engineer,54251
567,Jane Brown,Project Manager,98214
568,David Martinez,System Administrator,61689
569,John Taylor,UX Designer,76610
570,Jane Anderson,UX Designer,73143
571,Bob Anderson,Project Manager,56764
572,Charlie Lewis,UX Designer,57916
573,Michael Johnson,Product Manager,69269
574,Jane Clark,UX Designer,65312
575,Olivia Smith,Data Analyst,60371
576,Olivia Martinez,System Administrator,91137
577,Emma Walker,DevOps Engineer,66623
578,Michael Martinez,Data Analyst,77388
579,Bob Clark,System Administrator,94161
580,Sophia Taylor,Database Administrator,61922
581,Olivia Anderson,UX Designer,74524
582,Charlie Johnson,Data Analyst,69800
583,Charlie Taylor,System Administrator,58113
584,John Brown,Database Administrator,91293
585,Bob Brown,DevOps Engineer,81352
586,Olivia Anderson,DevOps Engineer,94829
587,Charlie Harris,Software Engineer,83318
588,John Smith,System Administrator,69932
589,David Taylor,System Administrator,90559
590,Emma Brown,AI Researcher,88629
591,John Walker,Software Engineer,91791
592,Olivia Anderson,Project Manager,89606
593,Jane Walker,Software Engineer,72237
594,Michael Clark,AI Researcher,83367
595,Charlie Johnson,Data Analyst,50729
596,David Walker,UX Designer,60432
597,Olivia Taylor,Software Engineer,64651
598,Bob Lewis,Software Engineer,74362
599,Michael Harris,AI Researcher,82180
600,Alice Brown,Project Manager,67386
601,Olivia Taylor,AI Researcher,51694
602,Jane Lewis,UX Designer,96656
603,Charlie Walker,Software Engineer,60920
604,Charlie Smith,Product Manager,52827
605,Michael Brown,Database Administrator,94280
606,John Harris,Project Manager,91827
607,Bob Walker,UX Designer,61001
608,Jane Brown,UX Designer,70885
609,Olivia Martinez,Network Engineer,75965
610,Bob Brown,System Administrator,73533
611,Alice Harris,Network Engineer,51778
612,Bob Lewis,System Administrator,65040
613,John Brown,Data Analyst,82068
614,Bob Harris,AI Researcher,55761
615,Jane Walker,System Administrator,56741
616,Bob Taylor,System Administrator,61795
617,Sophia Taylor,UX Designer,70840
618,Emma Martinez,Software Engineer,53979
619,Olivia Smith,Software Engineer,81230
620,Sophia Taylor,Project Manager,94009
621,Alice Anderson,Network Engineer,90275
622,Alice Harris,Product Manager,86567
623,John Lewis,Product Manager,81081
624,John Anderson,UX Designer,82239
625,Charlie Walker,Project Manager,57805
626,David Martinez,UX Designer,86136
627,Alice Johnson,AI Researcher,78839
628,John Johnson,DevOps Engineer,82439
629,John Martinez,Database Administrator,62882
630,Sophia Anderson,AI Researcher,57981
631,Jane Smith,Product Manager,95540
632,Alice Harris,UX Designer,71975
633,Sophia Anderson,Network Engineer,85860
634,David Martinez,Data Analyst,91234
635,Michael Walker,Database Administrator,95956
636,Michael Johnson,Project Manager,79366
637,Emma Walker,AI Researcher,97229
638,Charlie Taylor,Software Engineer,65163
639,Michael Brown,System Administrator,68230
640,Bob Brown,System Administrator,72186
641,Michael Martinez,Product Manager,67254
642,David Anderson,DevOps Engineer,53304
643,Alice Lewis,Data Analyst,86378
644,Bob Martinez,Database Administrator,50954
645,Jane Walker,System Administrator,70438
646,David Lewis,Database Administrator,73092
647,Bob Johnson,Project Manager,84104
648,Olivia Johnson,DevOps Engineer,68701
649,John Brown,UX Designer,56093
650,Bob Smith,Network Engineer,83088
651,John Taylor,Product Manager,63471
652,Jane Martinez,UX Designer,74615
653,Alice Harris,Database Administrator,90999
654,John Clark,Software Engineer,81885
655,John Anderson,Project Manager,56934
656,John Taylor,Product Manager,71780
657,Alice Johnson,Software Engineer,58780
658,Charlie Martinez,Product Manager,66011
659,David Clark,Network Engineer,69198
660,Alice Clark,DevOps Engineer,55466
661,David Anderson,Data Analyst,60936
662,Emma Clark,Product Manager,56136
663,Charlie Johnson,Software Engineer,91284
664,John Brown,AI Researcher,57442
665,David Anderson,System Administrator,90805
666,Charlie Harris,DevOps Engineer,90191
667,Charlie Walker,DevOps Engineer,75404
668,Michael Taylor,Product Manager,51702
669,Michael Johnson,Product Manager,94531
670,Bob Smith,Data Analyst,85147
671,David Smith,Data Analyst,97393
672,Michael Johnson,Software Engineer,63960
673,Michael Taylor,Data Analyst,74680
674,Michael Clark,Network Engineer,52689
675,Jane Taylor,AI Researcher,69115
676,Alice Johnson,Product Manager,52512
677,Jane Harris,Project Manager,66234
678,David Brown,Data Analyst,83909
679,Alice Smith,AI Researcher,89775
680,John Taylor,Data Analyst,59194
681,Alice Lewis,Database Administrator,71429
682,Olivia Johnson,AI Researcher,95789
683,Sophia Martinez,Project Manager,64294
684,Emma Brown,Project Manager,93999
685,Jane Anderson,AI Researcher,96536
686,Sophia Brown,Data Analyst,72658
687,Michael Brown,Product Manager,53822
688,Charlie Harris,Product Manager,53788
689,Jane Brown,UX Designer,78805
690,Bob Anderson,Database Administrator,58737
691,Alice Clark,UX Designer,81305
692,John Anderson,Network Engineer,74156
693,Sophia Clark,AI Researcher,79814
694,John Walker,Software Engineer,62294
695,Michael Smith,Data Analyst,65913
696,Sophia Harris,Network Engineer,88707
697,John Lewis,System Administrator,96783
698,Bob Harris,Network Engineer,87404
699,Jane Smith,Network Engineer,97034
700,Bob Martinez,Database Administrator,83749
701,David Anderson,System Administrator,71053
702,Charlie Johnson,Network Engineer,81162
703,Charlie Taylor,Product Manager,55943
704,Michael Clark,Database Administrator,80245
705,Olivia Anderson,Software Engineer,63263
706,Charlie Smith,System Administrator,60597
707,John Lewis,System Administrator,99929
708,Sophia Smith,AI Researcher,76938
709,Sophia Anderson,DevOps Engineer,65733
710,Michael Brown,Product Manager,83295
711,Olivia Martinez,System Administrator,54743
712,Bob Harris,UX Designer,87066
713,John Harris,Software Engineer,66360
714,Emma Martinez,Software Engineer,60308
715,David Walker,Database Administrator,56380
716,Michael Johnson,Project Manager,92719
717,Charlie Johnson,Database Administrator,62988
718,Emma Clark,Data Analyst,93338
719,David Walker,Network Engineer,61832
720,Sophia Brown,DevOps Engineer,53315
721,Bob Smith,Database Administrator,67599
722,Bob Martinez,Data Analyst,56304
723,David Johnson,Product Manager,85536
724,Charlie Lewis,Database Administrator,71899
725,Charlie Taylor,Software Engineer,99844
726,Olivia Anderson,Network Engineer,74817
727,Michael Brown,Project Manager,79455
728,Charlie Martinez,Data Analyst,70267
729,Michael Lewis,Data Analyst,83095
730,Michael Lewis,AI Researcher,97456
731,Michael Walker,Product Manager,51243
732,Bob Walker,Product Manager,62098
733,Olivia Taylor,Product Manager,62914
734,Jane Taylor,AI Researcher,94392
735,David Martinez,Software Engineer,89053
736,Bob Johnson,DevOps Engineer,67541
737,John Smith,Project Manager,77947
738,Charlie Martinez,Network Engineer,94113
739,Jane Walker,Software Engineer,71734
740,Olivia Anderson,System Administrator,84577
741,Alice Anderson,Project Manager,67688
742,Jane Clark,DevOps Engineer,96651
743,Olivia Walker,System Administrator,62614
744,Charlie Walker,Data Analyst,50755
745,Olivia Johnson,Network Engineer,69803
746,Olivia Harris,Network Engineer,65402
747,Charlie Taylor,AI Researcher,59243
748,Charlie Taylor,UX Designer,85591
749,Olivia Smith,Network Engineer,50163
750,Charlie Johnson,AI Researcher,71403
751,John Anderson,Data Analyst,94366
752,Charlie Johnson,Data Analyst,59451
753,Bob Lewis,Data Analyst,57256
754,Alice Smith,Product Manager,76397
755,Michael Smith,Database Administrator,80845
756,Olivia Harris,DevOps Engineer,77482
757,Bob Smith,AI Researcher,72575
758,John Walker,System Administrator,97805
759,Jane Brown,System Administrator,58045
760,Charlie Johnson,DevOps Engineer,74946
761,John Johnson,UX Designer,51595
762,Sophia Martinez,Software Engineer,86689
763,Alice Martinez,System Administrator,88754
764,Emma Walker,DevOps Engineer,52675
765,Alice Johnson,Project Manager,97281
766,David Johnson,DevOps Engineer,80970
767,Jane Walker,Project Manager,88006
768,Michael Lewis,Project Manager,50765
769,Sophia Harris,Software Engineer,61297
770,David Walker,Product Manager,90034
771,Michael Johnson,Project Manager,60224
772,Bob Lewis,UX Designer,76941
773,Olivia Taylor,Database Administrator,85224
774,Alice Taylor,Software Engineer,67736
775,Bob Brown,Product Manager,73107
776,Michael Clark,Software Engineer,87208
777,Michael Smith,Project Manager,79871
778,Alice Martinez,Software Engineer,80510
779,Olivia Taylor,Data Analyst,97615
780,John Martinez,DevOps Engineer,68339
781,Jane Lewis,AI Researcher,74163
782,John Smith,DevOps Engineer,84007
783,Alice Johnson,DevOps Engineer,93039
784,John Anderson,Project Manager,94774
785,John Anderson,AI Researcher,70639
786,David Johnson,UX Designer,74843
787,John Smith,Database Administrator,81062
788,Olivia Harris,System Administrator,75230
789,Charlie Clark,Data Analyst,53582
790,Jane Clark,Network Engineer,97740
791,David Johnson,Data Analyst,98832
792,Charlie Johnson,DevOps Engineer,69139
793,Emma Martinez,Network Engineer,57180
794,Olivia Smith,AI Researcher,86848
795,Alice Clark,Project Manager,97613
796,Sophia Smith,Network Engineer,85287
797,Olivia Taylor,Network Engineer,50763
798,Emma Harris,Software Engineer,59330
799,Emma Johnson,UX Designer,98595
800,Olivia Clark,UX Designer,71292
801,Olivia Clark,Database Administrator,67700
802,Emma Walker,Software Engineer,98727
803,Alice Clark,System Administrator,50861
804,John Martinez,DevOps Engineer,81259
805,John Lewis,Project Manager,60033
806,Charlie Johnson,Product Manager,56021
807,Emma Walker,System Administrator,52547
808,Jane Taylor,UX Designer,76206
809,Bob Brown,Project Manager,90868
810,Charlie Anderson,Data Analyst,90294
811,John Lewis,DevOps Engineer,74952
812,Michael Clark,Database Administrator,59134
813,Jane Brown,AI Researcher,62280
814,David Clark,AI Researcher,96020
815,John Martinez,Network Engineer,67473
816,Michael Martinez,DevOps Engineer,62691
817,David Clark,DevOps Engineer,57679
818,Michael Johnson,Network Engineer,77859
819,Bob Johnson,Product Manager,63985
820,Jane Martinez,Data Analyst,80259
821,Charlie Anderson,AI Researcher,73654
822,Alice Martinez,DevOps Engineer,69440
823,Sophia Anderson,Data Analyst,78369
824,Sophia Clark,Network Engineer,82262
825,David Martinez,Product Manager,75488
826,Olivia Smith,AI Researcher,79629
827,Sophia Lewis,DevOps Engineer,61585
828,Alice Anderson,Database Administrator,95161
829,Bob Walker,Database Administrator,72914
830,Jane Walker,Project Manager,83147
831,Charlie Clark,Software Engineer,85323
832,Alice Brown,Product Manager,97100
833,David Brown,Network Engineer,84557
834,Jane Lewis,Database Administrator,72171
835,Alice Harris,Product Manager,75180
836,Sophia Smith,UX Designer,82720
837,Sophia Brown,System Administrator,83575
838,David Taylor,UX Designer,65432
839,David Smith,System Administrator,69470
840,Charlie Lewis,Project Manager,90033
841,Michael Brown,System Administrator,79591
842,David Brown,Product Manager,54793
843,Charlie Lewis,System Administrator,76030
844,Olivia Walker,UX Designer,51749
845,Michael Clark,Data Analyst,61400
846,David Clark,Product Manager,57384
847,David Harris,Project Manager,62997
848,Alice Martinez,Software Engineer,85490
849,Bob Lewis,Product Manager,53774
850,John Lewis,Software Engineer,66597
851,Bob Lewis,Software Engineer,98380
852,Bob Brown,Product Manager,67220
853,Sophia Anderson,Project Manager,93693
854,Alice Harris,Product Manager,55501
855,Sophia Harris,Product Manager,88920
856,Charlie Harris,System Administrator,85495
857,Charlie Clark,Project Manager,67096
858,Michael Harris,Project Manager,94026
859,Charlie Walker,Product Manager,96454
860,Olivia Martinez,DevOps Engineer,57497
861,Sophia Harris,System Administrator,79523
862,John Clark,UX Designer,81687
863,Emma Harris,Database Administrator,74692
864,Alice Brown,Database Administrator,75924
865,John Harris,Product Manager,87185
866,Emma Harris,DevOps Engineer,64802
867,Olivia Anderson,UX Designer,50576
868,Sophia Brown,System Administrator,77622
869,Jane Brown,AI Researcher,89171
870,Alice Lewis,UX Designer,69593
871,David Lewis,AI Researcher,93710
872,Jane Martinez,AI Researcher,66406
873,John Martinez,Network Engineer,54422
874,Jane Walker,Project Manager,84669
875,Sophia Johnson,Network Engineer,90438
876,Charlie Lewis,DevOps Engineer,94302
877,John Brown,Data Analyst,74295
878,Charlie Taylor,AI Researcher,91152
879,Emma Clark,UX Designer,65542
880,Olivia Taylor,AI Researcher,79588
881,Jane Brown,Product Manager,97482
882,Bob Brown,UX Designer,77989
883,David Harris,Project Manager,70975
884,Emma Harris,AI Researcher,86247
885,Charlie Walker,UX Designer,94513
886,Alice Johnson,Database Administrator,84342
887,Michael Harris,Project Manager,68944
888,Sophia Anderson,Data Analyst,85632
889,Alice Anderson,AI Researcher,89417
890,John Taylor,UX Designer,66472
891,John Lewis,System Administrator,58414
892,David Harris,Project Manager,75519
893,Michael Harris,UX Designer,54017
894,Alice Clark,System Administrator,82752
895,John Martinez,Data Analyst,56609
896,Emma Walker,Database Administrator,95396
897,Alice Anderson,Project Manager,69304
898,Emma Clark,Software Engineer,55263
899,Sophia Johnson,Network Engineer,94515
900,Jane Smith,Product Manager,92821
901,Bob Brown,Project Manager,54602
902,Emma Walker,System Administrator,90583
903,Sophia Taylor,AI Researcher,51304
904,Sophia Johnson,Database Administrator,55831
905,Olivia Harris,Network Engineer,91631
906,Jane Harris,Product Manager,92044
907,Michael Brown,Product Manager,52377
908,Michael Walker,Database Administrator,58700
909,David Lewis,Database Administrator,58718
910,Bob Johnson,AI Researcher,90839
911,Charlie Walker,Project Manager,82136
912,Sophia Smith,Project Manager,56370
913,Charlie Smith,Network Engineer,57514
914,Michael Harris,AI Researcher,57898
915,John Lewis,Database Administrator,63465
916,Charlie Johnson,Data Analyst,63800
917,Sophia Taylor,System Administrator,72435
918,Bob Clark,Product Manager,64056
919,Alice Clark,DevOps Engineer,67301
920,Michael Smith,Network Engineer,85228
921,Michael Brown,Software Engineer,60896
922,David Anderson,UX Designer,84697
923,Emma Martinez,Project Manager,71073
924,John Clark,Network Engineer,99910
925,Sophia Smith,UX Designer,50053
926,Olivia Smith,Product Manager,97231
927,Sophia Walker,Project Manager,64877
928,Jane Anderson,DevOps Engineer,61794
929,Alice Anderson,Database Administrator,57249
930,Charlie Harris,DevOps Engineer,69350
931,Sophia Lewis,Project Manager,86413
932,Charlie Walker,Project Manager,73771
933,John Lewis,System Administrator,97706
934,Alice Johnson,AI Researcher,86973
935,Michael Harris,UX Designer,95686
936,Charlie Clark,Software Engineer,74748
937,Olivia Anderson,DevOps Engineer,84463
938,Olivia Martinez,AI Researcher,93661
939,Bob Taylor,AI Researcher,67659
940,Charlie Johnson,Project Manager,84495
941,Charlie Johnson,Network Engineer,85804
942,David Lewis,Software Engineer,86367
943,Charlie Walker,Product Manager,95805
944,Olivia Clark,DevOps Engineer,56745
945,Olivia Johnson,Data Analyst,50446
946,Charlie Walker,Database Administrator,61965
947,Jane Walker,DevOps Engineer,92299
948,Emma Smith,AI Researcher,96519
949,John Walker,Data Analyst,56987
950,Emma Johnson,System Administrator,83259
951,David Harris,Network Engineer,60948
952,Alice Anderson,System Administrator,89244
953,Jane Lewis,UX Designer,69410
954,Michael Harris,AI Researcher,66467
955,David Martinez,Software Engineer,83843
956,Alice Walker,Data Analyst,54067
957,Olivia Harris,DevOps Engineer,65020
958,Emma Anderson,UX Designer,66442
959,Olivia Walker,Data Analyst,76292
960,Sophia Anderson,System Administrator,53194
961,Michael Martinez,System Administrator,68353
962,Olivia Martinez,System Administrator,55255
963,Bob Walker,Product Manager,50450
964,David Harris,Software Engineer,91180
965,Olivia Clark,Network Engineer,62672
966,Olivia Lewis,Product Manager,69778
967,Bob Clark,Project Manager,62580
968,Sophia Brown,DevOps Engineer,97077
969,Olivia Harris,UX Designer,88743
970,David Walker,AI Researcher,61720
971,Jane Taylor,Software Engineer,99998
972,Sophia Taylor,DevOps Engineer,79721
973,David Taylor,Network Engineer,63566
974,Jane Harris,DevOps Engineer,54212
975,Sophia Walker,Product Manager,86766
976,Michael Clark,Network Engineer,89190
977,David Walker,AI Researcher,67699
978,Alice Brown,Database Administrator,62250
979,David Anderson,System Administrator,63579
980,John Martinez,UX Designer,89263
981,Charlie Clark,Project Manager,59998
982,Michael Lewis,DevOps Engineer,99128
983,Emma Smith,UX Designer,76130
984,Charlie Martinez,DevOps Engineer,93093
985,Alice Smith,Software Engineer,71357
986,Alice Brown,UX Designer,69732
987,Michael Clark,Product Manager,67544
988,Michael Anderson,DevOps Engineer,72152
989,Jane Brown,Database Administrator,51927
990,Jane Walker,Project Manager,62982
991,Bob Brown,Database Administrator,93443
992,David Brown,Product Manager,61008
993,Olivia Clark,Network Engineer,50752
994,Charlie Anderson,Software Engineer,99522
995,Emma Harris,System Administrator,76757
996,Sophia Walker,Project Manager,97649
997,Olivia Anderson,Network Engineer,69142
998,Emma Johnson,Software Engineer,71904
999,Olivia Taylor,Database Administrator,97006
1000,Alice Walker,Software Engineer,92261
1001,Charlie Walker,Data Analyst,90575
1002,Alice Lewis,Software Engineer,99135
1003,John Lewis,Data Analyst,70114
1004,Michael Smith,Network Engineer,68244
1005,John Taylor,Database Administrator,58091
1006,Emma Harris,Product Manager,92656
1007,Jane Smith,Database Administrator,65228
1008,Olivia Harris,Data Analyst,80589
1009,Jane Taylor,Data Analyst,93245
1010,Alice Harris,UX Designer,63187
1011,Sophia Brown,Network Engineer,72163
1012,David Walker,DevOps Engineer,55961
1013,David Taylor,UX Designer,71195
1014,Jane Walker,Product Manager,81254
1015,David Lewis,Data Analyst,71183
1016,David Johnson,Data Analyst,89290
1017,John Martinez,DevOps Engineer,55863
1018,Alice Taylor,Project Manager,86473
1019,John Harris,Data Analyst,94892
1020,John Johnson,DevOps Engineer,96429
1021,Olivia Clark,UX Designer,92912
1022,Bob Anderson,Data Analyst,84574
1023,Michael Brown,System Administrator,97306
1024,Jane Brown,DevOps Engineer,96636
1025,Sophia Johnson,System Administrator,97578
1026,Emma Anderson,System Administrator,87185
1027,Olivia Harris,System Administrator,67014
1028,David Brown,DevOps Engineer,87822
1029,Bob Harris,System Administrator,79903
1030,Sophia Lewis,Product Manager,64091
1031,Bob Lewis,UX Designer,74465
1032,Emma Martinez,System Administrator,78423
1033,David Brown,Project Manager,96128
1034,Alice Johnson,AI Researcher,99667
1035,David Martinez,AI Researcher,73424
1036,Alice Clark,Database Administrator,83615
1037,Charlie Taylor,Project Manager,79838
1038,David Taylor,AI Researcher,91222
1039,Charlie Lewis,AI Researcher,51885
1040,Sophia Harris,Software Engineer,57295
1041,Michael Clark,System Administrator,93400
1042,David Smith,Project Manager,71024
1043,Bob Harris,DevOps Engineer,87957
1044,Charlie Taylor,Product Manager,82064
1045,Jane Anderson,UX Designer,97998
1046,Charlie Taylor,Network Engineer,53192
1047,Emma Johnson,Data Analyst,57729
1048,Alice Clark,UX Designer,64799
1049,Bob Clark,System Administrator,75272
1050,David Smith,Product Manager,71450
1051,Emma Walker,Network Engineer,64005
1052,Michael Smith,Software Engineer,96713
1053,David Walker,DevOps Engineer,66928
1054,Sophia Martinez,AI Researcher,82811
1055,Olivia Clark,Database Administrator,61441
1056,Emma Lewis,UX Designer,57413
1057,Olivia Lewis,Data Analyst,86758
1058,Alice Smith,Software Engineer,67717
1059,David Lewis,AI Researcher,52149
1060,Michael Anderson,UX Designer,92237
1061,John Walker,Project Manager,87185
1062,Olivia Anderson,Product Manager,61567
1063,Sophia Johnson,Project Manager,83748
1064,Sophia Martinez,Network Engineer,73204
1065,Alice Smith,UX Designer,95843
1066,John Brown,Software Engineer,82485
1067,Jane Brown,Product Manager,94244
1068,Olivia Clark,System Administrator,51305
1069,Jane Walker,Software Engineer,51331
1070,Olivia Smith,DevOps Engineer,55934
1071,Sophia Brown,Project Manager,95615
1072,Bob Harris,Project Manager,99464
1073,Bob Harris,Software Engineer,99626
1074,Jane Brown,Network Engineer,91174
1075,Charlie Harris,UX Designer,95710
1076,Emma Smith,Software Engineer,66079
1077,Olivia Harris,UX Designer,98323
1078,Sophia Clark,Database Administrator,95603
1079,Emma Smith,System Administrator,74175
1080,John Clark,Database Administrator,70477
1081,Jane Taylor,UX Designer,72143
1082,John Smith,Product Manager,70950
1083,David Johnson,Project Manager,60295
1084,David Walker,Database Administrator,54922
1085,Charlie Lewis,UX Designer,70947
1086,Alice Smith,Data Analyst,51204
1087,Alice Lewis,Software Engineer,69694
1088,Olivia Clark,Product Manager,64655
1089,Sophia Martinez,Database Administrator,67308
1090,Jane Walker,Software Engineer,83782
1091,Jane Johnson,System Administrator,60036
1092,David Walker,DevOps Engineer,78165
1093,Sophia Taylor,Software Engineer,80361
1094,Michael Clark,UX Designer,65585
1095,Sophia Smith,Network Engineer,66722
1096,Emma Brown,Network Engineer,72512
1097,Michael Brown,Software Engineer,94926
1098,Alice Clark,System Administrator,70905
1099,Jane Smith,System Administrator,99080
1100,Olivia Johnson,Database Administrator,73265
1101,Bob Lewis,Network Engineer,52763
1102,Bob Martinez,UX Designer,69456
1103,Bob Walker,Data Analyst,69075
1104,Olivia Lewis,Network Engineer,53506
1105,Jane Johnson,Database Administrator,79721
1106,Jane Walker,Software Engineer,84859
1107,Michael Harris,Data Analyst,59214
1108,Sophia Harris,AI Researcher,76228
1109,Olivia Harris,Network Engineer,95972
1110,Bob Anderson,Software Engineer,69196
1111,Olivia Walker,DevOps Engineer,88302
1112,Charlie Smith,Network Engineer,87020
1113,Sophia Taylor,Data Analyst,65552
1114,Charlie Brown,Network Engineer,88731
1115,John Martinez,Project Manager,70664
1116,Sophia Walker,Network Engineer,84524
1117,Alice Martinez,Product Manager,93456
1118,Emma Anderson,Software Engineer,81833
1119,Emma Johnson,Project Manager,55987
1120,Olivia Johnson,Database Administrator,73805
1121,John Johnson,Network Engineer,67737
1122,Emma Taylor,AI Researcher,87175
1123,John Martinez,Product Manager,83187
1124,John Martinez,Product Manager,65561
1125,Olivia Clark,DevOps Engineer,54340
1126,Jane Lewis,Database Administrator,75880
1127,Charlie Harris,DevOps Engineer,76738
1128,Bob Johnson,DevOps Engineer,62971
1129,Bob Walker,System Administrator,58943
1130,David Martinez,Data Analyst,71139
1131,David Johnson,Project Manager,88030
1132,David Smith,Data Analyst,65961
1133,Olivia Johnson,UX Designer,83885
1134,Alice Walker,Project Manager,84943
1135,Jane Anderson,Network Engineer,77102
1136,Sophia Brown,Database Administrator,82935
1137,Jane Johnson,System Administrator,64821
1138,Sophia Johnson,Network Engineer,66458
1139,Charlie Martinez,Data Analyst,61103
1140,John Lewis,Software Engineer,75689
1141,Charlie Lewis,Product Manager,78537
1142,Sophia Johnson,Software Engineer,67888
1143,Michael Harris,Data Analyst,70771
1144,Bob Harris,Software Engineer,81614
1145,Jane Harris,Project Manager,68785
1146,Emma Martinez,Database Administrator,74068
1147,John Smith,AI Researcher,91905
1148,John Smith,UX Designer,87176
1149,Sophia Lewis,Network Engineer,54245
1150,John Anderson,DevOps Engineer,53388
1151,David Brown,DevOps Engineer,99916
1152,Alice Anderson,Network Engineer,86883
1153,Charlie Clark,AI Researcher,63731
1154,Emma Walker,Data Analyst,76872
1155,Alice Walker,UX Designer,77851
1156,Olivia Clark,Network Engineer,74413
1157,Sophia Harris,Project Manager,95866
1158,David Taylor,UX Designer,82207
1159,Jane Clark,UX Designer,74216
1160,Sophia Martinez,Network Engineer,94867
1161,Emma Anderson,Data Analyst,81524
1162,John Brown,UX Designer,88240
1163,Emma Smith,Project Manager,97379
1164,David Walker,Network Engineer,57731
1165,Bob Johnson,DevOps Engineer,96809
1166,Sophia Harris,Project Manager,98981
1167,Olivia Walker,UX Designer,55804
1168,Charlie Walker,Product Manager,52911
1169,Emma Martinez,Product Manager,76396
1170,Charlie Walker,AI Researcher,82259
1171,Sophia Martinez,Network Engineer,79846
1172,Bob Harris,Database Administrator,73441
1173,Charlie Taylor,Data Analyst,53488
1174,John Clark,Software Engineer,56841
1175,Jane Brown,Database Administrator,94216
1176,John Harris,Network Engineer,77381
1177,Olivia Lewis,AI Researcher,88433
1178,Michael Harris,AI Researcher,59804
1179,Michael Martinez,Product Manager,89093
1180,Bob Lewis,Product Manager,90777
1181,Charlie Lewis,Network Engineer,90721
1182,John Johnson,UX Designer,87819
1183,Charlie Lewis,Network Engineer,63053
1184,Bob Clark,DevOps Engineer,75426
1185,Alice Johnson,System Administrator,92367
1186,John Johnson,UX Designer,68477
1187,Emma Johnson,Database Administrator,56115
1188,David Brown,System Administrator,62783
1189,Alice Taylor,Database Administrator,82614
1190,Olivia Johnson,AI Researcher,98896
1191,Bob Taylor,Software Engineer,75750
1192,Emma Johnson,Project Manager,75991
1193,Michael Brown,Database Administrator,52049
1194,Emma Brown,Project Manager,64151
1195,Charlie Taylor,System Administrator,91697
1196,Olivia Taylor,Project Manager,58223
1197,Bob Martinez,Product Manager,76500
1198,Sophia Johnson,System Administrator,91945
1199,Bob Walker,Data Analyst,77463
1200,Alice Smith,Network Engineer,90392
1201,David Harris,AI Researcher,71846
1202,Michael Smith,Network Engineer,76395
1203,Michael Smith,AI Researcher,57443
1204,Jane Clark,DevOps Engineer,68121
1205,Alice Smith,Product Manager,80978
1206,Bob Walker,Database Administrator,51211
1207,Sophia Lewis,Software Engineer,60239
1208,Alice Harris,Project Manager,60023
1209,Michael Anderson,Product Manager,79294
1210,Michael Smith,Database Administrator,87598
1211,Olivia Clark,Network Engineer,81889
1212,Alice Anderson,DevOps Engineer,96814
1213,Emma Martinez,UX Designer,66287
1214,David Anderson,Product Manager,60480
1215,Alice Smith,Project Manager,50835
1216,Emma Taylor,UX Designer,92945
1217,Michael Lewis,Data Analyst,86092
1218,David Harris,Project Manager,56670
1219,Charlie Anderson,AI Researcher,60596
1220,Olivia Walker,Product Manager,83462
1221,Jane Martinez,AI Researcher,78786
1222,Olivia Smith,DevOps Engineer,84291
1223,John Clark,Software Engineer,99705
1224,Olivia Anderson,AI Researcher,91093
1225,Emma Anderson,Product Manager,54755
1226,Sophia Smith,System Administrator,84353
1227,John Martinez,Software Engineer,88530
1228,John Clark,Project Manager,92950
1229,Emma Anderson,DevOps Engineer,95681
1230,Bob Walker,AI Researcher,63733
1231,Alice Smith,Data Analyst,58925
1232,Bob Anderson,UX Designer,50071
1233,Bob Smith,DevOps Engineer,65696
1234,Alice Taylor,Product Manager,69600
1235,Michael Taylor,Database Administrator,67125
1236,Emma Harris,DevOps Engineer,98858
1237,Charlie Anderson,Software Engineer,91536
1238,Jane Martinez,DevOps Engineer,94895
1239,Bob Johnson,System Administrator,67114
1240,Michael Taylor,Data Analyst,84471
1241,Bob Harris,Project Manager,74865
1242,Olivia Lewis,DevOps Engineer,90162
1243,Emma Johnson,Network Engineer,93630
1244,Olivia Anderson,Software Engineer,87010
1245,Michael Anderson,Database Administrator,88050
1246,David Lewis,System Administrator,93983
1247,Alice Johnson,UX Designer,95371
1248,Michael Clark,System Administrator,57163
1249,David Harris,Network Engineer,83433
1250,Jane Martinez,Data Analyst,60249
1251,Jane Clark,DevOps Engineer,56538
1252,Emma Walker,DevOps Engineer,53406
1253,Bob Taylor,Data Analyst,84213
1254,Olivia Harris,Network Engineer,56704
1255,Emma Clark,DevOps Engineer,96706
1256,Olivia Martinez,System Administrator,58524
1257,Emma Martinez,Data Analyst,82928
1258,John Smith,UX Designer,65909
1259,Charlie Lewis,AI Researcher,87707
1260,Olivia Harris,DevOps Engineer,91330
1261,Emma Taylor,Project Manager,86018
1262,Emma Clark,UX Designer,92728
1263,Sophia Walker,Product Manager,60703
1264,Emma Brown,System Administrator,52440
1265,Olivia Smith,Project Manager,75196
1266,David Clark,Data Analyst,97253
1267,Emma Clark,Data Analyst,68251
1268,Bob Anderson,Database Administrator,51924
1269,David Taylor,Product Manager,85164
1270,John Johnson,Network Engineer,95078
1271,Emma Brown,DevOps Engineer,68174
1272,Sophia Lewis,Product Manager,94333
1273,Sophia Taylor,AI Researcher,92243
1274,Sophia Walker,Database Administrator,72319
1275,Charlie Harris,AI Researcher,96930
1276,Bob Clark,UX Designer,92768
1277,Jane Harris,System Administrator,61715
1278,Sophia Lewis,Product Manager,77634
1279,John Harris,Data Analyst,95228
1280,Alice Walker,Data Analyst,93866
1281,David Brown,Database Administrator,50189
1282,Alice Johnson,System Administrator,71786
1283,Charlie Johnson,DevOps Engineer,80914
1284,Bob Clark,Database Administrator,78996
1285,Jane Anderson,AI Researcher,70642
1286,Alice Brown,DevOps Engineer,54559
1287,Charlie Taylor,Database Administrator,63845
1288,Jane Taylor,Software Engineer,68282
1289,Olivia Harris,System Administrator,69396
1290,David Martinez,Data Analyst,67610
1291,Sophia Walker,System Administrator,96029
1292,Sophia Brown,System Administrator,78236
1293,Sophia Clark,DevOps Engineer,93025
1294,Jane Walker,Project Manager,80827
1295,David Taylor,System Administrator,60474
1296,Emma Martinez,UX Designer,71818
1297,John Harris,Data Analyst,97318
1298,Alice Johnson,Network Engineer,53223
1299,Alice Clark,UX Designer,77504
1300,Alice Walker,System Administrator,85991
1301,Sophia Smith,DevOps Engineer,58333
1302,Michael Smith,Product Manager,60281
1303,Charlie Anderson,Network Engineer,76715
1304,Charlie Harris,Project Manager,87836
1305,David Walker,DevOps Engineer,90521
1306,Alice Anderson,Project Manager,74644
1307,John Walker,Software Engineer,81378
1308,John Walker,Project Manager,61117
1309,Emma Anderson,UX Designer,53480
1310,Jane Clark,Software Engineer,55489
1311,Jane Smith,Product Manager,92435
1312,Bob Anderson,AI Researcher,56348
1313,Sophia Johnson,AI Researcher,56428
1314,Olivia Lewis,Database Administrator,89862
1315,Emma Brown,Product Manager,82213
1316,Olivia Anderson,Product Manager,84772
1317,Alice Martinez,Network Engineer,90146
1318,Alice Smith,Software Engineer,80235
1319,Olivia Harris,Product Manager,84472
1320,Bob Walker,AI Researcher,97966
1321,David Harris,Product Manager,72838
1322,Olivia Clark,Project Manager,61728
1323,David Martinez,DevOps Engineer,60067
1324,Olivia Taylor,Data Analyst,55045
1325,Charlie Clark,Database Administrator,62360
1326,Jane Smith,System Administrator,75205
1327,Jane Walker,UX Designer,87069
1328,Charlie Martinez,Network Engineer,61610
1329,Olivia Clark,Software Engineer,67149
1330,Olivia Taylor,UX Designer,53520
1331,Sophia Harris,Network Engineer,95885
1332,John Lewis,Data Analyst,82960
1333,Bob Johnson,Project Manager,90286
1334,Charlie Martinez,UX Designer,79110
1335,Emma Harris,System Administrator,96491
1336,John Johnson,Database Administrator,55878
1337,John Walker,Software Engineer,69878
1338,Olivia Brown,Product Manager,76614
1339,Olivia Martinez,Project Manager,93331
1340,Charlie Johnson,Network Engineer,61366
1341,Olivia Brown,Project Manager,63537
1342,John Johnson,DevOps Engineer,92300
1343,Olivia Johnson,AI Researcher,90179
1344,Michael Anderson,Software Engineer,91364
1345,David Harris,Data Analyst,94184
1346,Jane Smith,Software Engineer,57122
1347,John Clark,Network Engineer,93949
1348,Emma Walker,AI Researcher,70089
1349,Olivia Martinez,Software Engineer,92806
1350,David Anderson,Data Analyst,60219
1351,Alice Lewis,DevOps Engineer,73793
1352,Alice Brown,UX Designer,72909
1353,David Anderson,Network Engineer,95467
1354,David Martinez,System Administrator,56955
1355,David Johnson,Database Administrator,55964
1356,Emma Lewis,AI Researcher,81880
1357,Sophia Lewis,System Administrator,51721
1358,Sophia Smith,Project Manager,50549
1359,Charlie Martinez,AI Researcher,90476
1360,Sophia Taylor,Database Administrator,64452
1361,Sophia Smith,UX Designer,94194
1362,Olivia Taylor,AI Researcher,76640
1363,Olivia Johnson,DevOps Engineer,82214
1364,Michael Walker,System Administrator,82524
1365,Bob Walker,AI Researcher,92124
1366,Michael Martinez,DevOps Engineer,58294
1367,Alice Taylor,Product Manager,98707
1368,Michael Anderson,Software Engineer,97978
1369,Emma Taylor,Software Engineer,76489
1370,David Lewis,Database Administrator,56751
1371,Michael Johnson,Product Manager,50111
1372,Michael Martinez,DevOps Engineer,95244
1373,John Taylor,Data Analyst,75164
1374,Emma Brown,Database Administrator,70856
1375,Olivia Clark,Network Engineer,79799
1376,Alice Harris,DevOps Engineer,99264
1377,Emma Lewis,Product Manager,54450
1378,David Brown,Data Analyst,54123
1379,Bob Brown,System Administrator,65147
1380,Charlie Clark,AI Researcher,87862
1381,Sophia Taylor,DevOps Engineer,72320
1382,Michael Clark,Data Analyst,92451
1383,Emma Anderson,Network Engineer,77967
1384,Charlie Clark,AI Researcher,82143
1385,Alice Walker,Network Engineer,69335
1386,Alice Johnson,System Administrator,73656
1387,Sophia Taylor,Project Manager,75725
1388,Olivia Anderson,Data Analyst,52862
1389,John Harris,Network Engineer,72943
1390,Emma Anderson,System Administrator,62212
1391,Bob Harris,Network Engineer,75834
1392,Charlie Walker,System Administrator,68853
1393,Sophia Brown,Data Analyst,61465
1394,Alice Smith,UX Designer,67905
1395,Bob Lewis,DevOps Engineer,87124
1396,Sophia Martinez,System Administrator,51605
1397,Bob Smith,DevOps Engineer,74511
1398,Alice Lewis,DevOps Engineer,88641
1399,David Johnson,AI Researcher,86224
1400,Bob Johnson,Data Analyst,73110
1401,David Lewis,DevOps Engineer,51610
1402,David Clark,Project Manager,67873
1403,John Smith,AI Researcher,70508
1404,John Taylor,System Administrator,62846
1405,Michael Martinez,UX Designer,53824
1406,John Taylor,AI Researcher,83533
1407,Olivia Taylor,Database Administrator,80585
1408,Jane Martinez,Software Engineer,68552
1409,David Smith,System Administrator,63487
1410,David Anderson,System Administrator,59474
1411,Bob Brown,DevOps Engineer,55950
1412,Charlie Johnson,Database Administrator,51208
1413,Bob Walker,Network Engineer,96496
1414,John Johnson,System Administrator,62266
1415,Charlie Smith,AI Researcher,82502
1416,Alice Walker,DevOps Engineer,85029
1417,Sophia Anderson,Product Manager,96131
1418,Alice Harris,Data Analyst,59812
1419,Charlie Lewis,Software Engineer,85618
1420,Bob Brown,Project Manager,65551
1421,Charlie Clark,UX Designer,94593
1422,Bob Martinez,UX Designer,97060
1423,Bob Smith,Data Analyst,86235
1424,Olivia Lewis,System Administrator,56547
1425,Charlie Smith,Network Engineer,93187
1426,David Lewis,Project Manager,51925
1427,Michael Martinez,Database Administrator,63762
1428,Sophia Walker,Product Manager,72404
1429,John Anderson,Project Manager,52572
1430,Bob Smith,Network Engineer,92380
1431,Olivia Lewis,Database Administrator,96150
1432,John Taylor,Database Administrator,74962
1433,Michael Anderson,Software Engineer,67882
1434,Emma Brown,Network Engineer,56537
1435,Alice Johnson,Product Manager,61066
1436,Michael Smith,Data Analyst,69287
1437,Jane Johnson,Software Engineer,61364
1438,Emma Anderson,Network Engineer,63344
1439,Emma Walker,Data Analyst,72575
1440,Michael Anderson,Software Engineer,54632
1441,David Brown,AI Researcher,72606
1442,Jane Smith,Database Administrator,56489
1443,Bob Smith,Software Engineer,77406
1444,Sophia Taylor,Project Manager,71499
1445,Michael Taylor,Network Engineer,71445
1446,Emma Walker,Data Analyst,71151
1447,Sophia Clark,Network Engineer,76453
1448,Michael Walker,Database Administrator,90017
1449,John Anderson,DevOps Engineer,92770
1450,Charlie Brown,Network Engineer,91871
1451,John Smith,Database Administrator,62470
1452,Alice Anderson,Database Administrator,96201
1453,Charlie Brown,Database Administrator,65469
1454,Olivia Harris,Product Manager,89410
1455,Sophia Harris,Data Analyst,92513
1456,Alice Clark,Software Engineer,68439
1457,Jane Martinez,System Administrator,68987
1458,John Taylor,DevOps Engineer,52031
1459,Sophia Walker,DevOps Engineer,70382
1460,Olivia Lewis,Network Engineer,86249
1461,John Anderson,DevOps Engineer,85686
1462,Emma Lewis,AI Researcher,61212
1463,Olivia Clark,System Administrator,64036
1464,Charlie Harris,Data Analyst,79278
1465,Bob Harris,Data Analyst,78424
1466,David Brown,DevOps Engineer,60390
1467,Bob Clark,Network Engineer,61693
1468,Jane Anderson,Project Manager,94142
1469,Sophia Martinez,UX Designer,95809
1470,Sophia Taylor,UX Designer,66182
1471,Michael Martinez,Network Engineer,58452
1472,Bob Taylor,Database Administrator,67845
1473,Michael Martinez,AI Researcher,85174
1474,John Johnson,Software Engineer,71230
1475,David Martinez,UX Designer,55672
1476,Charlie Taylor,AI Researcher,74306
1477,Alice Lewis,UX Designer,81386
1478,Charlie Johnson,DevOps Engineer,84081
1479,Alice Johnson,Project Manager,92221
1480,David Lewis,Software Engineer,51984
1481,Jane Harris,Database Administrator,90498
1482,Charlie Smith,Product Manager,99988
1483,John Anderson,DevOps Engineer,74162
1484,Michael Anderson,UX Designer,87796
1485,Bob Harris,AI Researcher,54396
1486,Bob Johnson,Software Engineer,77693
1487,Michael Taylor,Network Engineer,70247
1488,John Taylor,Data Analyst,96149
1489,Sophia Taylor,Network Engineer,76494
1490,John Anderson,DevOps Engineer,69027
1491,Sophia Lewis,Network Engineer,75241
1492,Bob Smith,System Administrator,85141
1493,Sophia Anderson,System Administrator,85878
1494,John Walker,DevOps Engineer,75752
1495,Bob Taylor,Project Manager,50878
1496,Emma Walker,Project Manager,81907
1497,Alice Smith,UX Designer,53130
1498,Olivia Anderson,Product Manager,64812
1499,Charlie Martinez,Software Engineer,76147
1500,Jane Walker,AI Researcher,98096
1501,Olivia Walker,Software Engineer,68360
1502,Sophia Taylor,Product Manager,86768
1503,Emma Smith,DevOps Engineer,90538
1504,Sophia Anderson,Data Analyst,70826
1505,Jane Walker,Network Engineer,92907
1506,David Anderson,UX Designer,69855
1507,Emma Johnson,System Administrator,53207
1508,Alice Smith,AI Researcher,59544
1509,Sophia Clark,System Administrator,97032
1510,Bob Harris,Product Manager,76873
1511,John Johnson,Product Manager,63943
1512,Bob Walker,UX Designer,50984
1513,Bob Johnson,Product Manager,89785
1514,Sophia Harris,Database Administrator,56079
1515,Alice Harris,System Administrator,62429
1516,Emma Martinez,DevOps Engineer,60208
1517,Olivia Smith,Software Engineer,86528
1518,Michael Clark,DevOps Engineer,55283
1519,John Anderson,Network Engineer,98855
1520,David Taylor,Product Manager,94461
1521,Olivia Walker,Software Engineer,94137
1522,David Harris,DevOps Engineer,65739
1523,David Brown,DevOps Engineer,55698
1524,Michael Anderson,Software Engineer,77699
1525,Emma Harris,Project Manager,72726
1526,Michael Anderson,Software Engineer,58680
1527,Emma Clark,Software Engineer,73609
1528,Jane Smith,DevOps Engineer,96148
1529,Charlie Clark,Software Engineer,77769
1530,Olivia Taylor,Database Administrator,59565
1531,Emma Smith,System Administrator,99037
1532,Emma Brown,Database Administrator,79591
1533,John Harris,Software Engineer,71089
1534,Bob Taylor,UX Designer,87397
1535,Bob Johnson,Software Engineer,94296
1536,Olivia Lewis,UX Designer,94448
1537,John Martinez,System Administrator,93571
1538,Olivia Harris,Software Engineer,74569
1539,Bob Johnson,System Administrator,64371
1540,Charlie Anderson,Database Administrator,95327
1541,Emma Walker,DevOps Engineer,99098
1542,David Smith,Product Manager,92831
1543,John Taylor,Network Engineer,50997
1544,Bob Johnson,AI Researcher,95399
1545,John Smith,Project Manager,81522
1546,John Martinez,Software Engineer,71166
1547,Jane Martinez,Database Administrator,64057
1548,Michael Brown,Data Analyst,54035
1549,Sophia Anderson,AI Researcher,92432
1550,Jane Brown,Database Administrator,73658
1551,Jane Clark,Product Manager,75789
1552,Olivia Brown,AI Researcher,63570
1553,Emma Walker,AI Researcher,71640
1554,Charlie Harris,AI Researcher,77158
1555,David Lewis,DevOps Engineer,84514
1556,Alice Anderson,DevOps Engineer,86511
1557,Jane Clark,Project Manager,91056
1558,Sophia Smith,Product Manager,66286
1559,Sophia Lewis,Software Engineer,59999
1560,Emma Brown,Network Engineer,81494
1561,John Clark,System Administrator,68180
1562,Emma Smith,Database Administrator,58240
1563,Charlie Martinez,Product Manager,70722
1564,Olivia Johnson,AI Researcher,62872
1565,Sophia Smith,Network Engineer,63241
1566,Jane Smith,Database Administrator,91789
1567,Charlie Johnson,Project Manager,61620
1568,Charlie Martinez,UX Designer,97964
1569,Charlie Harris,Database Administrator,90073
1570,Jane Clark,System Administrator,64463
1571,Olivia Martinez,AI Researcher,61021
1572,Sophia Walker,Product Manager,90900
1573,Emma Lewis,System Administrator,90189
1574,Sophia Brown,Product Manager,52890
1575,Olivia Brown,DevOps Engineer,71995
1576,David Walker,Project Manager,85574
1577,John Harris,Product Manager,70520
1578,Emma Martinez,DevOps Engineer,74120
1579,Olivia Johnson,Project Manager,97176
1580,Emma Anderson,Product Manager,59357
1581,Bob Anderson,System Administrator,53697
1582,David Martinez,Network Engineer,52539
1583,Alice Anderson,Product Manager,65639
1584,David Anderson,System Administrator,61532
1585,Olivia Anderson,Network Engineer,75622
1586,Alice Walker,AI Researcher,76390
1587,Michael Johnson,Product Manager,66143
1588,Alice Martinez,Project Manager,86176
1589,David Clark,Project Manager,82130
1590,Olivia Brown,Data Analyst,54414
1591,Jane Johnson,Software Engineer,66349
1592,Alice Walker,DevOps Engineer,87488
1593,Jane Walker,Data Analyst,50769
1594,Sophia Lewis,System Administrator,86303
1595,Olivia Walker,Project Manager,98506
1596,Emma Walker,DevOps Engineer,76735
1597,David Martinez,AI Researcher,51724
1598,Charlie Clark,AI Researcher,58027
1599,Sophia Clark,Database Administrator,83642
1600,Emma Clark,DevOps Engineer,53562
1601,Olivia Walker,Data Analyst,95365
1602,Michael Harris,Database Administrator,69367
1603,Bob Brown,System Administrator,54408
1604,John Harris,Product Manager,77702
1605,Alice Brown,DevOps Engineer,68305
1606,Charlie Smith,UX Designer,58770
1607,Charlie Harris,AI Researcher,74778
1608,John Brown,Project Manager,85580
1609,Emma Harris,Data Analyst,56002
1610,Olivia Clark,Network Engineer,96213
1611,Olivia Taylor,System Administrator,78959
1612,Olivia Harris,Product Manager,53771
1613,Charlie Taylor,AI Researcher,61330
1614,David Taylor,System Administrator,77240
1615,David Anderson,Project Manager,89923
1616,Emma Walker,AI Researcher,58599
1617,Charlie Martinez,Database Administrator,79386
1618,John Lewis,Data Analyst,53399
1619,Alice Lewis,System Administrator,98631
1620,Charlie Taylor,Software Engineer,69254
1621,Emma Clark,Data Analyst,85054
1622,Sophia Walker,DevOps Engineer,75815
1623,Charlie Walker,System Administrator,57990
1624,John Harris,Database Administrator,85961
1625,John Taylor,System Administrator,80204
1626,Alice Lewis,Database Administrator,84243
1627,Charlie Smith,Network Engineer,52229
1628,Jane Harris,System Administrator,79771
1629,Sophia Anderson,AI Researcher,83213
1630,John Martinez,DevOps Engineer,50316
1631,Bob Smith,AI Researcher,81216
1632,Alice Martinez,Network Engineer,56507
1633,Alice Clark,Product Manager,53631
1634,Olivia Clark,Software Engineer,79995
1635,Charlie Taylor,DevOps Engineer,68674
1636,Emma Harris,System Administrator,91606
1637,David Smith,Product Manager,79429
1638,Jane Martinez,Data Analyst,65914
1639,Sophia Brown,Product Manager,70415
1640,Michael Johnson,DevOps Engineer,64747
1641,Jane Johnson,Data Analyst,99308
1642,John Walker,Product Manager,81262
1643,Olivia Martinez,DevOps Engineer,52621
1644,John Clark,UX Designer,99752
1645,Sophia Anderson,System Administrator,92747
1646,Charlie Martinez,Software Engineer,86712
1647,Emma Walker,AI Researcher,69187
1648,Jane Harris,Product Manager,96186
1649,Jane Clark,Data Analyst,67828
1650,John Walker,UX Designer,90262
1651,Emma Anderson,AI Researcher,56412
1652,Sophia Brown,AI Researcher,65713
1653,Olivia Taylor,Software Engineer,70767
1654,Bob Smith,Product Manager,77490
1655,David Johnson,System Administrator,51382
1656,Jane Martinez,Software Engineer,96281
1657,Michael Harris,System Administrator,94315
1658,Sophia Johnson,Network Engineer,71215
1659,Charlie Harris,AI Researcher,69180
1660,Jane Walker,Database Administrator,79816
1661,Alice Taylor,Database Administrator,68838
1662,Emma Clark,DevOps Engineer,71221
1663,Emma Johnson,Data Analyst,91225
1664,Michael Brown,Product Manager,91088
1665,David Clark,UX Designer,63797
1666,Bob Walker,Software Engineer,63890
1667,John Clark,Database Administrator,71348
1668,Charlie Anderson,Project Manager,88859
1669,Emma Taylor,AI Researcher,68932
1670,Bob Harris,Data Analyst,95941
1671,Michael Lewis,Network Engineer,66003
1672,Charlie Clark,Data Analyst,54319
1673,Michael Anderson,UX Designer,97382
1674,Bob Smith,Network Engineer,73675
1675,John Harris,Network Engineer,55112
1676,Michael Anderson,Project Manager,82683
1677,Bob Harris,System Administrator,51567
1678,David Johnson,Software Engineer,67394
1679,Michael Johnson,Project Manager,97698
1680,David Johnson,System Administrator,72594
1681,David Smith,Software Engineer,95824
1682,Olivia Brown,Product Manager,52702
1683,Sophia Brown,Software Engineer,89413
1684,David Johnson,System Administrator,99576
1685,Emma Lewis,Software Engineer,84143
1686,John Brown,Software Engineer,79437
1687,Charlie Lewis,AI Researcher,66705
1688,Michael Taylor,Product Manager,51303
1689,Bob Brown,Network Engineer,53887
1690,Sophia Johnson,Network Engineer,57493
1691,Alice Anderson,Software Engineer,88073
1692,John Smith,UX Designer,81297
1693,David Walker,UX Designer,54191
1694,John Smith,UX Designer,86915
1695,Sophia Taylor,DevOps Engineer,62177
1696,David Johnson,Software Engineer,68665
1697,Olivia Taylor,UX Designer,69315
1698,Sophia Taylor,DevOps Engineer,53476
1699,Charlie Brown,Database Administrator,87545
1700,Sophia Martinez,AI Researcher,52742
1701,Bob Smith,Product Manager,74863
1702,Jane Brown,Data Analyst,96790
1703,Emma Walker,System Administrator,95158
1704,Michael Walker,Software Engineer,81999
1705,Bob Harris,Database Administrator,76075
1706,Olivia Lewis,Database Administrator,62303
1707,Alice Anderson,System Administrator,75519
1708,Alice Harris,AI Researcher,76818
1709,John Brown,Software Engineer,50427
1710,Sophia Smith,Database Administrator,76158
1711,John Martinez,Software Engineer,54148
1712,Bob Brown,Database Administrator,64777
1713,Olivia Brown,AI Researcher,78027
1714,David Smith,UX Designer,52550
1715,Alice Martinez,Database Administrator,72136
1716,Jane Smith,Database Administrator,86263
1717,Alice Johnson,Product Manager,55882
1718,Olivia Harris,System Administrator,59198
1719,Emma Taylor,Data Analyst,82760
1720,Michael Smith,System Administrator,98215
1721,Sophia Brown,Project Manager,78964
1722,Alice Smith,Product Manager,63915
1723,Sophia Taylor,Product Manager,50459
1724,Emma Lewis,Network Engineer,60479
1725,Charlie Smith,Project Manager,53316
1726,Jane Clark,Network Engineer,65226
1727,Bob Brown,UX Designer,66094
1728,Michael Brown,DevOps Engineer,93621
1729,Michael Walker,Database Administrator,75868
1730,Michael Harris,AI Researcher,74798
1731,John Walker,DevOps Engineer,61859
1732,Alice Lewis,DevOps Engineer,53708
1733,Michael Smith,Data Analyst,70053
1734,Jane Clark,Project Manager,80770
1735,John Anderson,Data Analyst,54314
1736,Olivia Brown,Product Manager,54192
1737,David Smith,Network Engineer,72944
1738,Sophia Harris,Product Manager,71980
1739,Alice Brown,Network Engineer,50655
1740,Sophia Anderson,System Administrator,83322
1741,Sophia Walker,Network Engineer,63556
1742,Bob Brown,UX Designer,84153
1743,Sophia Anderson,Software Engineer,82147
1744,Jane Brown,Data Analyst,97781
1745,Alice Anderson,Software Engineer,62373
1746,Jane Clark,AI Researcher,89282
1747,Emma Lewis,Database Administrator,99267
1748,Olivia Johnson,DevOps Engineer,70646
1749,Sophia Martinez,UX Designer,85318
1750,Sophia Taylor,DevOps Engineer,93411
1751,Jane Johnson,Network Engineer,95366
1752,Michael Clark,Database Administrator,83078
1753,David Brown,Software Engineer,57237
1754,Charlie Walker,Data Analyst,59926
1755,Charlie Anderson,Network Engineer,81219
1756,John Clark,UX Designer,66310
1757,Sophia Johnson,Database Administrator,81508
1758,Sophia Johnson,System Administrator,82290
1759,Olivia Martinez,Project Manager,62719
1760,John Anderson,System Administrator,95596
1761,Sophia Brown,Software Engineer,56264
1762,Jane Smith,Network Engineer,82074
1763,Sophia Smith,UX Designer,81865
1764,Charlie Smith,Software Engineer,52531
1765,Alice Smith,System Administrator,74005
1766,Alice Lewis,Product Manager,99802
1767,Olivia Harris,System Administrator,79724
1768,Olivia Martinez,Project Manager,59159
1769,Charlie Walker,UX Designer,95644
1770,Michael Anderson,DevOps Engineer,79474
1771,Alice Smith,Database Administrator,64165
1772,Alice Clark,Project Manager,59014
1773,Charlie Lewis,Data Analyst,81685
1774,Charlie Harris,Database Administrator,74158
1775,Alice Taylor,UX Designer,80014
1776,Bob Harris,Product Manager,64184
1777,Jane Brown,Network Engineer,69870
1778,David Johnson,DevOps Engineer,65968
1779,Charlie Taylor,Data Analyst,53366
1780,Charlie Walker,UX Designer,74390
1781,Michael Lewis,Product Manager,93001
1782,Bob Lewis,Project Manager,83044
1783,David Clark,System Administrator,53655
1784,Bob Harris,System Administrator,88885
1785,David Johnson,UX Designer,80349
1786,John Taylor,Software Engineer,60927
1787,Emma Harris,Database Administrator,74857
1788,Alice Brown,Database Administrator,54970
1789,Olivia Clark,UX Designer,85809
1790,David Harris,DevOps Engineer,60588
1791,Bob Anderson,Network Engineer,67204
1792,Bob Martinez,System Administrator,69850
1793,Emma Anderson,System Administrator,62334
1794,David Johnson,Product Manager,77142
1795,Charlie Anderson,DevOps Engineer,86513
1796,John Harris,Network Engineer,91855
1797,Charlie Johnson,DevOps Engineer,89195
1798,John Clark,Product Manager,74171
1799,Olivia Walker,Project Manager,55850
1800,Jane Walker,Network Engineer,58557
1801,Bob Brown,Data Analyst,52424
1802,Alice Clark,Network Engineer,79433
1803,Jane Lewis,System Administrator,54915
1804,Michael Smith,UX Designer,73022
1805,John Lewis,Network Engineer,89043
1806,Bob Johnson,DevOps Engineer,50722
1807,Emma Lewis,Software Engineer,83586
1808,Emma Johnson,System Administrator,67958
1809,Bob Brown,AI Researcher,52993
1810,Charlie Clark,Database Administrator,95923
1811,John Walker,Network Engineer,63272
1812,David Smith,Project Manager,52599
1813,Bob Martinez,Software Engineer,94204
1814,Michael Brown,Network Engineer,50755
1815,Olivia Anderson,Data Analyst,99871
1816,Charlie Smith,Data Analyst,86397
1817,Bob Martinez,Network Engineer,52283
1818,Jane Johnson,System Administrator,94225
1819,Alice Harris,Software Engineer,94604
1820,Charlie Anderson,UX Designer,68620
1821,Michael Johnson,Product Manager,90606
1822,Sophia Harris,DevOps Engineer,97701
1823,Emma Lewis,Database Administrator,99215
1824,Olivia Anderson,Project Manager,90899
1825,Emma Walker,System Administrator,57727
1826,Bob Lewis,Project Manager,88203
1827,Emma Harris,Software Engineer,55922
1828,David Brown,Database Administrator,52833
1829,Olivia Smith,AI Researcher,96667
1830,Michael Taylor,Software Engineer,71270
1831,Michael Smith,System Administrator,73764
1832,Bob Martinez,Network Engineer,81290
1833,Sophia Anderson,Data Analyst,66330
1834,Charlie Walker,UX Designer,53833
1835,Jane Johnson,Product Manager,71894
1836,David Smith,DevOps Engineer,63422
1837,John Anderson,Product Manager,71751
1838,Bob Anderson,Database Administrator,56117
1839,Charlie Anderson,Network Engineer,56006
1840,John Lewis,UX Designer,93903
1841,Olivia Walker,Product Manager,91289
1842,John Smith,Project Manager,72147
1843,Alice Harris,Data Analyst,90391
1844,Olivia Anderson,DevOps Engineer,72572
1845,Alice Lewis,System Administrator,98018
1846,Emma Smith,UX Designer,88237
1847,Olivia Walker,Network Engineer,74263
1848,John Taylor,AI Researcher,55897
1849,Emma Johnson,Database Administrator,57069
1850,Michael Smith,System Administrator,77776
1851,Jane Anderson,DevOps Engineer,86606
1852,Bob Brown,DevOps Engineer,64142
1853,Charlie Martinez,Data Analyst,56027
1854,Alice Lewis,Network Engineer,50852
1855,Michael Harris,Product Manager,69221
1856,David Lewis,System Administrator,87763
1857,Jane Lewis,UX Designer,79809
1858,Emma Martinez,Database Administrator,95069
1859,Olivia Clark,Project Manager,66285
1860,Emma Anderson,DevOps Engineer,80389
1861,Emma Harris,Data Analyst,95832
1862,Olivia Anderson,AI Researcher,90147
1863,Olivia Martinez,Data Analyst,86045
1864,Charlie Harris,Data Analyst,92955
1865,Olivia Brown,Project Manager,83597
1866,Charlie Clark,Network Engineer,60022
1867,Jane Taylor,UX Designer,91911
1868,Sophia Anderson,Project Manager,65992
1869,Jane Walker,Product Manager,66917
1870,Olivia Clark,Network Engineer,86281
1871,Olivia Taylor,System Administrator,77521
1872,Sophia Harris,AI Researcher,95699
1873,Alice Anderson,System Administrator,59067
1874,Alice Martinez,Network Engineer,83278
1875,Olivia Clark,Product Manager,77794
1876,Michael Smith,UX Designer,70436
1877,John Harris,AI Researcher,65747
1878,David Taylor,Network Engineer,84956
1879,Olivia Walker,Database Administrator,64187
1880,Charlie Anderson,Project Manager,78734
1881,David Johnson,DevOps Engineer,76471
1882,Michael Martinez,Product Manager,98934
1883,John Smith,Project Manager,82529
1884,Sophia Smith,Data Analyst,88392
1885,John Smith,Software Engineer,86342
1886,Alice Lewis,Database Administrator,78457
1887,John Taylor,Network Engineer,96198
1888,David Lewis,Project Manager,59919
1889,Alice Lewis,Software Engineer,63157
1890,John Brown,Project Manager,76514
1891,Jane Taylor,Database Administrator,57557
1892,Jane Taylor,Network Engineer,93348
1893,Alice Lewis,System Administrator,50062
1894,John Martinez,UX Designer,62351
1895,Bob Johnson,System Administrator,55873
1896,Emma Clark,Database Administrator,52487
1897,David Taylor,Network Engineer,82046
1898,David Johnson,Product Manager,65271
1899,Olivia Brown,Network Engineer,50086
1900,Olivia Walker,AI Researcher,70853
1901,Jane Martinez,System Administrator,86143
1902,Emma Taylor,Software Engineer,50965
1903,Charlie Anderson,Database Administrator,87582
1904,Michael Johnson,Project Manager,52552
1905,Michael Anderson,System Administrator,83801
1906,Jane Taylor,DevOps Engineer,60936
1907,David Clark,Product Manager,86521
1908,Sophia Anderson,Product Manager,98505
1909,David Walker,System Administrator,56508
1910,Michael Brown,Network Engineer,75505
1911,Alice Taylor,DevOps Engineer,81100
1912,Jane Johnson,Data Analyst,75366
1913,Sophia Smith,Project Manager,85591
1914,Michael Walker,Data Analyst,98995
1915,John Taylor,System Administrator,91653
1916,Emma Walker,Database Administrator,97643
1917,David Anderson,Network Engineer,84849
1918,Charlie Smith,DevOps Engineer,83965
1919,Michael Smith,Software Engineer,84621
1920,Olivia Martinez,Network Engineer,96744
1921,Sophia Smith,Data Analyst,79362
1922,Bob Smith,Software Engineer,70415
1923,Bob Brown,Network Engineer,63957
1924,Charlie Johnson,DevOps Engineer,91093
1925,Charlie Brown,Database Administrator,67191
1926,Sophia Brown,Database Administrator,95784
1927,Sophia Anderson,DevOps Engineer,74732
1928,Charlie Martinez,DevOps Engineer,90912
1929,Alice Harris,Database Administrator,66682
1930,Sophia Smith,DevOps Engineer,97616
1931,Emma Taylor,Network Engineer,94754
1932,David Harris,UX Designer,51219
1933,David Lewis,Network Engineer,86707
1934,Jane Harris,Data Analyst,80384
1935,Charlie Lewis,Database Administrator,78138
1936,Alice Smith,Data Analyst,66542
1937,David Martinez,System Administrator,73118
1938,Emma Clark,Database Administrator,99171
1939,John Walker,System Administrator,72570
1940,Alice Anderson,Product Manager,54019
1941,David Johnson,Product Manager,76323
1942,Jane Johnson,Project Manager,64852
1943,John Lewis,Project Manager,78257
1944,Michael Clark,Data Analyst,58517
1945,Sophia Brown,UX Designer,92665
1946,Olivia Walker,DevOps Engineer,83347
1947,Charlie Brown,Software Engineer,53463
1948,Sophia Clark,System Administrator,92138
1949,Charlie Brown,Project Manager,93685
1950,Michael Walker,Network Engineer,85312
1951,Charlie Brown,Product Manager,82863
1952,Charlie Harris,System Administrator,65555
1953,Sophia Harris,AI Researcher,54716
1954,John Brown,Software Engineer,76906
1955,Jane Clark,Product Manager,96764
1956,John Brown,AI Researcher,69513
1957,Olivia Smith,Network Engineer,82308
1958,John Anderson,UX Designer,56938
1959,Charlie Walker,System Administrator,89399
1960,Olivia Johnson,Data Analyst,58681
1961,Alice Anderson,Network Engineer,50194
1962,John Smith,UX Designer,71108
1963,Alice Smith,System Administrator,55158
1964,Olivia Lewis,System Administrator,79344
1965,Olivia Johnson,DevOps Engineer,98570
1966,Sophia Martinez,Project Manager,91156
1967,Olivia Brown,System Administrator,76435
1968,Alice Martinez,Database Administrator,50670
1969,Charlie Taylor,Network Engineer,63902
1970,Olivia Martinez,Database Administrator,79705
1971,David Smith,Software Engineer,85999
1972,Alice Walker,Software Engineer,95098
1973,Sophia Taylor,System Administrator,64419
1974,Charlie Brown,Data Analyst,69883
1975,Alice Walker,AI Researcher,77709
1976,Emma Harris,Software Engineer,56114
1977,Charlie Harris,UX Designer,84654
1978,Michael Lewis,AI Researcher,96719
1979,David Smith,DevOps Engineer,79760
1980,Michael Clark,DevOps Engineer,98329
1981,Michael Johnson,UX Designer,80113
1982,Olivia Anderson,AI Researcher,80867
1983,David Lewis,System Administrator,91591
1984,Jane Walker,Software Engineer,77570
1985,Olivia Harris,UX Designer,56520
1986,John Taylor,DevOps Engineer,72014
1987,Olivia Lewis,Data Analyst,65512
1988,Charlie Clark,System Administrator,81141
1989,Michael Walker,Product Manager,60351
1990,Michael Harris,Product Manager,51955
1991,Olivia Brown,Database Administrator,69643
1992,Alice Smith,UX Designer,60235
1993,Emma Brown,UX Designer,67146
1994,Olivia Lewis,UX Designer,73861
1995,Michael Harris,Project Manager,90547
1996,Charlie Walker,UX Designer,55266
1997,Emma Johnson,Software Engineer,79272
1998,David Anderson,Project Manager,87158
1999,Jane Anderson,Database Administrator,66211
2000,Bob Walker,UX Designer,85503
2001,Michael Clark,Project Manager,86492
2002,Sophia Brown,UX Designer,91387
2003,Bob Martinez,Product Manager,88619
2004,Bob Taylor,Network Engineer,50878
2005,Jane Walker,AI Researcher,70229
2006,Alice Brown,Software Engineer,81851
2007,Charlie Martinez,Project Manager,78697
2008,Alice Walker,UX Designer,64438
2009,Charlie Harris,Data Analyst,76350
2010,Emma Taylor,System Administrator,92621
2011,Charlie Lewis,Network Engineer,66541
2012,Olivia Johnson,Database Administrator,81328
2013,Alice Smith,AI Researcher,76320
2014,Olivia Harris,Network Engineer,68875
2015,Olivia Taylor,System Administrator,77963
2016,Sophia Clark,UX Designer,85243
2017,Alice Martinez,Network Engineer,60772
2018,John Johnson,Network Engineer,79417
2019,Michael Martinez,Project Manager,54989
2020,Sophia Taylor,Data Analyst,60410
2021,Michael Brown,Product Manager,60316
2022,Olivia Clark,Software Engineer,71662
2023,Sophia Brown,AI Researcher,66629
2024,Bob Taylor,System Administrator,86235
2025,Bob Clark,Software Engineer,54475
2026,John Anderson,Software Engineer,96796
2027,Alice Walker,Data Analyst,54371
2028,Bob Walker,Database Administrator,82060
2029,Olivia Taylor,DevOps Engineer,53727
2030,John Clark,Software Engineer,53364
2031,Jane Clark,DevOps Engineer,92595
2032,Charlie Walker,DevOps Engineer,79318
2033,Alice Clark,Network Engineer,63773
2034,Michael Smith,UX Designer,55435
2035,Jane Johnson,Network Engineer,77496
2036,John Johnson,System Administrator,93275
2037,Emma Walker,Data Analyst,74579
2038,Emma Anderson,Product Manager,89321
2039,Jane Walker,Data Analyst,84653
2040,Olivia Harris,Project Manager,67571
2041,Sophia Johnson,Network Engineer,96667
2042,Michael Martinez,Network Engineer,80694
2043,John Martinez,System Administrator,80309
2044,Olivia Brown,Database Administrator,86454
2045,Sophia Clark,AI Researcher,62220
2046,Olivia Smith,Data Analyst,94805
2047,Charlie Martinez,AI Researcher,96827
2048,Charlie Brown,Database Administrator,51715
2049,Emma Johnson,UX Designer,60569
2050,John Clark,Data Analyst,80586
2051,David Clark,UX Designer,80136
2052,Alice Clark,AI Researcher,83795
2053,Charlie Harris,Network Engineer,93639
2054,Bob Johnson,Network Engineer,72623
2055,Olivia Johnson,Network Engineer,67805
2056,Bob Taylor,Software Engineer,66718
2057,Alice Anderson,DevOps Engineer,74996
2058,Sophia Smith,Database Administrator,58887
2059,David Lewis,DevOps Engineer,87582
2060,Jane Taylor,Software Engineer,57376
2061,Sophia Martinez,DevOps Engineer,91219
2062,Olivia Taylor,Database Administrator,84605
2063,Charlie Walker,Data Analyst,79800
2064,David Lewis,UX Designer,89861
2065,Sophia Walker,Software Engineer,50975
2066,Bob Smith,Product Manager,85584
2067,Bob Johnson,Data Analyst,68940
2068,David Johnson,AI Researcher,72709
2069,Emma Harris,Data Analyst,72492
2070,Jane Taylor,Product Manager,90620
2071,Michael Brown,System Administrator,70892
2072,Bob Harris,Project Manager,75443
2073,Emma Taylor,UX Designer,78434
2074,John Walker,Software Engineer,92660
2075,Charlie Brown,Project Manager,53662
2076,John Harris,Database Administrator,73780
2077,Emma Clark,System Administrator,68043
2078,Sophia Walker,System Administrator,76599
2079,Jane Anderson,Project Manager,86312
2080,Olivia Taylor,Product Manager,85367
2081,Emma Smith,System Administrator,93101
2082,Emma Walker,Project Manager,71432
2083,Sophia Brown,Database Administrator,75837
2084,Emma Anderson,Network Engineer,54358
2085,Bob Johnson,Database Administrator,51204
2086,David Johnson,Project Manager,77988
2087,Michael Brown,AI Researcher,86705
2088,Alice Walker,AI Researcher,62644
2089,Olivia Brown,Software Engineer,60684
2090,David Clark,System Administrator,67314
2091,Bob Clark,Network Engineer,88626
2092,Olivia Brown,Software Engineer,57993
2093,Emma Walker,AI Researcher,54499
2094,Bob Harris,DevOps Engineer,54996
2095,Jane Walker,Data Analyst,61623
2096,Sophia Martinez,Data Analyst,69377
2097,John Brown,System Administrator,59173
2098,John Walker,Project Manager,63331
2099,Bob Walker,Software Engineer,99911
2100,David Anderson,Database Administrator,58472
2101,Charlie Brown,Database Administrator,72286
2102,Jane Martinez,UX Designer,85379
2103,Alice Johnson,Database Administrator,61614
2104,Emma Clark,Project Manager,80476
2105,David Johnson,Project Manager,81904
2106,John Lewis,Product Manager,61065
2107,Sophia Anderson,DevOps Engineer,65795
2108,Emma Anderson,Database Administrator,87579
2109,Bob Brown,Project Manager,88538
2110,Michael Lewis,Data Analyst,74118
2111,John Martinez,AI Researcher,54134
2112,John Martinez,Data Analyst,99955
2113,Emma Johnson,Data Analyst,66649
2114,Jane Lewis,Project Manager,91052
2115,Charlie Lewis,Data Analyst,96022
2116,Sophia Johnson,Database Administrator,89805
2117,Emma Clark,System Administrator,52434
2118,Emma Clark,AI Researcher,84135
2119,Jane Johnson,Database Administrator,80643
2120,Olivia Anderson,System Administrator,69037
2121,Michael Clark,System Administrator,54786
2122,Emma Clark,System Administrator,52002
2123,Olivia Taylor,System Administrator,56744
2124,Emma Walker,Project Manager,96466
2125,Bob Lewis,AI Researcher,82587
2126,Bob Harris,Database Administrator,93202
2127,Alice Brown,System Administrator,54944
2128,Michael Johnson,Database Administrator,86372
2129,Charlie Clark,AI Researcher,85781
2130,Michael Brown,UX Designer,75986
2131,Alice Martinez,Data Analyst,99209
2132,Jane Johnson,DevOps Engineer,89566
2133,Emma Harris,Project Manager,76063
2134,John Smith,Network Engineer,59085
2135,Olivia Johnson,DevOps Engineer,66201
2136,Bob Lewis,AI Researcher,73537
2137,Alice Walker,Network Engineer,65938
2138,David Walker,Project Manager,66629
2139,Emma Lewis,Project Manager,78793
2140,Alice Walker,UX Designer,62968
2141,Jane Johnson,Data Analyst,82064
2142,Emma Brown,Network Engineer,86488
2143,Alice Brown,Software Engineer,98785
2144,Charlie Martinez,Project Manager,52661
2145,Bob Martinez,Network Engineer,68983
2146,Michael Taylor,UX Designer,78377
2147,Michael Brown,Network Engineer,55761
2148,David Martinez,Data Analyst,82617
2149,Emma Johnson,Database Administrator,90890
2150,Jane Brown,UX Designer,98720
2151,Olivia Taylor,AI Researcher,55612
2152,Charlie Clark,Database Administrator,65840
2153,Emma Johnson,Network Engineer,51608
2154,Bob Lewis,Database Administrator,75775
2155,Olivia Harris,System Administrator,78267
2156,Bob Smith,Project Manager,81265
2157,Charlie Walker,Product Manager,74758
2158,Charlie Harris,Database Administrator,79774
2159,Sophia Johnson,Project Manager,58819
2160,Jane Smith,Network Engineer,85748
2161,Emma Taylor,AI Researcher,60148
2162,Jane Anderson,Product Manager,86114
2163,Emma Smith,Project Manager,73774
2164,Michael Clark,Database Administrator,81346
2165,Olivia Lewis,AI Researcher,71815
2166,Sophia Taylor,Software Engineer,52527
2167,John Martinez,Project Manager,81806
2168,Bob Martinez,UX Designer,94779
2169,Michael Anderson,Data Analyst,92912
2170,David Anderson,Database Administrator,94889
2171,Michael Clark,Database Administrator,92532
2172,Charlie Smith,Product Manager,73262
2173,Charlie Harris,AI Researcher,88293
2174,John Martinez,System Administrator,99448
2175,Bob Walker,Software Engineer,73731
2176,Charlie Clark,Network Engineer,97251
2177,Bob Taylor,Data Analyst,94358
2178,Charlie Clark,Database Administrator,69519
2179,John Brown,Project Manager,65264
2180,Jane Walker,AI Researcher,93913
2181,Emma Lewis,Project Manager,83366
2182,John Lewis,Database Administrator,88024
2183,David Lewis,Data Analyst,96782
2184,John Clark,AI Researcher,74552
2185,Sophia Taylor,Software Engineer,95616
2186,Michael Clark,UX Designer,59596
2187,Charlie Johnson,AI Researcher,81511
2188,Bob Taylor,Data Analyst,64131
2189,Alice Clark,System Administrator,51253
2190,Jane Brown,DevOps Engineer,57298
2191,Olivia Smith,Data Analyst,62876
2192,Sophia Harris,Database Administrator,73361
2193,David Harris,Data Analyst,83357
2194,Michael Lewis,UX Designer,84687
2195,David Harris,Network Engineer,67081
2196,John Smith,Product Manager,54274
2197,Olivia Martinez,Database Administrator,95317
2198,John Martinez,Network Engineer,68439
2199,Jane Clark,Product Manager,54057
2200,Sophia Walker,UX Designer,58887
2201,John Smith,Network Engineer,77807
2202,John Clark,AI Researcher,64947
2203,Charlie Lewis,System Administrator,97269
2204,Alice Johnson,System Administrator,58715
2205,Olivia Harris,DevOps Engineer,92404
2206,Emma Walker,UX Designer,91996
2207,Emma Johnson,AI Researcher,55114
2208,David Walker,System Administrator,66302
2209,Sophia Walker,System Administrator,70508
2210,Alice Harris,Data Analyst,85818
2211,Emma Lewis,Database Administrator,62672
2212,Charlie Brown,Network Engineer,63584
2213,David Clark,UX Designer,65489
2214,John Harris,UX Designer,92897
2215,Jane Clark,Data Analyst,95488
2216,Bob Walker,Product Manager,55585
2217,Sophia Smith,Data Analyst,64231
2218,Charlie Anderson,DevOps Engineer,92721
2219,Alice Smith,Data Analyst,57976
2220,Charlie Johnson,Database Administrator,74619
2221,Michael Walker,Database Administrator,87265
2222,Jane Brown,UX Designer,83548
2223,Sophia Harris,Data Analyst,83616
2224,Olivia Smith,UX Designer,79656
2225,John Harris,Product Manager,92421
2226,Michael Smith,Network Engineer,54722
2227,Michael Martinez,Data Analyst,64040
2228,Michael Johnson,DevOps Engineer,99864
2229,Bob Lewis,Database Administrator,75721
2230,David Clark,UX Designer,68851
2231,David Clark,DevOps Engineer,88956
2232,Alice Anderson,UX Designer,52433
2233,David Harris,Product Manager,96609
2234,Sophia Taylor,UX Designer,67521
2235,David Harris,DevOps Engineer,97147
2236,Olivia Taylor,AI Researcher,61068
2237,Bob Clark,Database Administrator,68377
2238,David Walker,Network Engineer,65135
2239,John Martinez,Network Engineer,72243
2240,Jane Anderson,Software Engineer,55767
2241,Olivia Martinez,System Administrator,67049
2242,Sophia Lewis,Product Manager,90490
2243,Alice Walker,Network Engineer,63161
2244,Jane Martinez,Database Administrator,66949
2245,Charlie Martinez,DevOps Engineer,72214
2246,Jane Smith,Project Manager,98211
2247,Jane Brown,Product Manager,54140
2248,John Taylor,Network Engineer,74204
2249,Jane Martinez,UX Designer,61127
2250,Emma Anderson,UX Designer,67238
2251,Alice Harris,Project Manager,76547
2252,Emma Walker,UX Designer,80245
2253,Jane Smith,UX Designer,64337
2254,Sophia Taylor,System Administrator,54419
2255,Charlie Taylor,Data Analyst,63506
2256,Michael Harris,Database Administrator,50024
2257,Charlie Anderson,Project Manager,81480
2258,Alice Lewis,Product Manager,93044
2259,Charlie Anderson,AI Researcher,62190
2260,Alice Anderson,System Administrator,78022
2261,Sophia Brown,Project Manager,53257
2262,Olivia Harris,Network Engineer,53833
2263,Charlie Lewis,Data Analyst,89166
2264,David Taylor,Project Manager,94015
2265,Emma Smith,Project Manager,50503
2266,Bob Taylor,Software Engineer,99488
2267,Alice Harris,UX Designer,77887
2268,Jane Anderson,Database Administrator,65098
2269,Jane Lewis,Product Manager,80400
2270,Jane Walker,Database Administrator,98524
2271,Charlie Brown,Product Manager,71795
2272,Alice Lewis,System Administrator,85112
2273,Alice Anderson,AI Researcher,72473
2274,Michael Brown,UX Designer,85969
2275,Olivia Harris,Database Administrator,76633
2276,David Brown,UX Designer,71399
2277,John Walker,Product Manager,61320
2278,Charlie Taylor,Product Manager,89497
2279,Charlie Brown,AI Researcher,57411
2280,David Taylor,Product Manager,51376
2281,Michael Walker,UX Designer,99029
2282,Olivia Walker,Database Administrator,88223
2283,Michael Martinez,Product Manager,73281
2284,Michael Harris,System Administrator,83831
2285,Sophia Taylor,DevOps Engineer,54366
2286,Alice Martinez,AI Researcher,75692
2287,David Lewis,Software Engineer,94482
2288,Sophia Harris,Software Engineer,77045
2289,Michael Harris,Software Engineer,65999
2290,Alice Martinez,UX Designer,70413
2291,John Anderson,System Administrator,85898
2292,David Anderson,Product Manager,86507
2293,Olivia Clark,UX Designer,87629
2294,David Clark,Project Manager,86745
2295,Bob Clark,Database Administrator,62416
2296,Jane Anderson,Database Administrator,96707
2297,John Clark,Software Engineer,55678
2298,Sophia Anderson,Data Analyst,83328
2299,John Clark,AI Researcher,87287
2300,Michael Walker,Software Engineer,73862
2301,Alice Harris,Network Engineer,76148
2302,David Clark,Product Manager,97821
2303,Charlie Clark,Product Manager,76207
2304,Bob Martinez,Network Engineer,91165
2305,Charlie Anderson,Data Analyst,93238
2306,Charlie Brown,AI Researcher,64759
2307,Emma Smith,DevOps Engineer,84717
2308,David Clark,Network Engineer,55837
2309,Emma Lewis,AI Researcher,84610
2310,Alice Lewis,DevOps Engineer,81702
2311,Charlie Brown,AI Researcher,86438
2312,Jane Brown,UX Designer,98320
2313,Olivia Martinez,Data Analyst,89507
2314,Sophia Smith,Data Analyst,58278
2315,Bob Lewis,Network Engineer,78413
2316,Alice Johnson,Project Manager,98758
2317,Bob Clark,AI Researcher,89594
2318,Sophia Anderson,DevOps Engineer,95264
2319,Olivia Anderson,Product Manager,92635
2320,John Johnson,Data Analyst,75730
2321,Bob Lewis,Network Engineer,72562
2322,Sophia Martinez,Network Engineer,69586
2323,Charlie Lewis,Project Manager,76151
2324,Olivia Lewis,DevOps Engineer,86163
2325,Charlie Lewis,UX Designer,62911
2326,John Clark,Software Engineer,54378
2327,Emma Martinez,AI Researcher,85701
2328,Olivia Anderson,Database Administrator,81703
2329,Olivia Walker,Project Manager,92411
2330,Alice Martinez,Software Engineer,86580
2331,Michael Harris,UX Designer,90115
2332,Bob Brown,Software Engineer,74646
2333,Bob Harris,Data Analyst,78900
2334,Bob Brown,Project Manager,54825
2335,David Clark,DevOps Engineer,51381
2336,Emma Anderson,Network Engineer,78962
2337,Michael Martinez,DevOps Engineer,77279
2338,Alice Anderson,Database Administrator,90483
2339,Emma Walker,Network Engineer,89861
2340,John Martinez,Network Engineer,76638
2341,Bob Taylor,Product Manager,92803
2342,Michael Harris,Network Engineer,53731
2343,David Taylor,DevOps Engineer,67914
2344,Alice Johnson,DevOps Engineer,54545
2345,Emma Harris,UX Designer,51373
2346,Bob Johnson,Network Engineer,69085
2347,David Anderson,Project Manager,93347
2348,Alice Clark,DevOps Engineer,81202
2349,David Martinez,UX Designer,78001
2350,Bob Clark,AI Researcher,87706
2351,Olivia Brown,UX Designer,86821
2352,David Anderson,AI Researcher,52978
2353,Emma Walker,Data Analyst,75171
2354,Sophia Smith,Data Analyst,51258
2355,John Taylor,AI Researcher,76860
2356,Jane Walker,Network Engineer,70374
2357,Alice Walker,Database Administrator,99445
2358,Olivia Martinez,System Administrator,60813
2359,Emma Martinez,System Administrator,57866
2360,Emma Lewis,Software Engineer,90770
2361,Bob Taylor,System Administrator,97175
2362,Bob Walker,Product Manager,74979
2363,Bob Brown,Product Manager,85811
2364,John Anderson,Data Analyst,80510
2365,Bob Lewis,Data Analyst,99422
2366,Michael Clark,DevOps Engineer,59939
2367,Sophia Smith,Database Administrator,55770
2368,Bob Brown,System Administrator,78397
2369,Alice Harris,UX Designer,75891
2370,Jane Clark,DevOps Engineer,92918
2371,Jane Harris,Product Manager,79536
2372,Sophia Lewis,Product Manager,64985
2373,Jane Martinez,UX Designer,75335
2374,David Walker,Database Administrator,99294
2375,John Walker,Project Manager,73191
2376,Olivia Martinez,Network Engineer,66610
2377,Alice Walker,Project Manager,74885
2378,Olivia Martinez,UX Designer,95247
2379,David Smith,Data Analyst,67657
2380,Olivia Taylor,System Administrator,61195
2381,John Brown,Data Analyst,64014
2382,David Harris,Software Engineer,64403
2383,John Brown,Network Engineer,84046
2384,David Lewis,Network Engineer,92116
2385,Charlie Smith,Database Administrator,62944
2386,Bob Walker,Database Administrator,92110
2387,Sophia Brown,AI Researcher,93253
2388,David Johnson,DevOps Engineer,81012
2389,Bob Taylor,Product Manager,77333
2390,Bob Anderson,Software Engineer,50352
2391,Alice Smith,Product Manager,73115
2392,Sophia Taylor,Product Manager,87089
2393,David Johnson,AI Researcher,87331
2394,David Walker,System Administrator,63309
2395,Michael Brown,AI Researcher,66882
2396,David Johnson,DevOps Engineer,83439
2397,Bob Walker,AI Researcher,50167
2398,John Taylor,UX Designer,84400
2399,David Brown,UX Designer,54586
2400,Jane Anderson,Data Analyst,69466
2401,Sophia Harris,System Administrator,98638
2402,Emma Brown,Data Analyst,58357
2403,Olivia Taylor,AI Researcher,56726
2404,Olivia Lewis,Network Engineer,64921
2405,Emma Clark,Database Administrator,55954
2406,Michael Harris,UX Designer,92851
2407,Emma Martinez,DevOps Engineer,91774
2408,John Johnson,DevOps Engineer,76156
2409,David Taylor,UX Designer,52231
2410,Charlie Brown,AI Researcher,73039
2411,Bob Lewis,Database Administrator,57483
2412,Charlie Anderson,Project Manager,65560
2413,Bob Brown,UX Designer,90394
2414,Charlie Walker,Software Engineer,76710
2415,Jane Harris,Data Analyst,52270
2416,John Smith,Product Manager,63044
2417,Alice Lewis,System Administrator,98509
2418,Olivia Johnson,Database Administrator,72853
2419,Sophia Clark,System Administrator,87472
2420,Michael Martinez,Database Administrator,96478
2421,John Smith,UX Designer,94844
2422,Alice Martinez,DevOps Engineer,79276
2423,Jane Taylor,UX Designer,79402
2424,Olivia Walker,Network Engineer,89806
2425,Jane Smith,Network Engineer,53222
2426,Bob Anderson,DevOps Engineer,62748
2427,Alice Martinez,AI Researcher,95899
2428,Bob Anderson,Project Manager,95884
2429,Bob Taylor,AI Researcher,94380
2430,Emma Taylor,Product Manager,64832
2431,Michael Harris,AI Researcher,50289
2432,Sophia Lewis,UX Designer,73814
2433,Sophia Anderson,UX Designer,62435
2434,John Lewis,AI Researcher,83945
2435,David Clark,Database Administrator,66930
2436,Sophia Brown,Software Engineer,71395
2437,Sophia Johnson,Product Manager,69721
2438,Jane Walker,UX Designer,55564
2439,Alice Clark,Database Administrator,93213
2440,Emma Harris,AI Researcher,73067
2441,Alice Johnson,AI Researcher,63839
2442,Jane Martinez,Database Administrator,97755
2443,Emma Johnson,Data Analyst,83924
2444,Emma Walker,Database Administrator,52464
2445,Olivia Walker,Data Analyst,93832
2446,David Walker,AI Researcher,88886
2447,Olivia Johnson,Network Engineer,78806
2448,John Walker,Software Engineer,69590
2449,Bob Clark,UX Designer,63602
2450,Jane Walker,Network Engineer,75580
2451,Emma Smith,System Administrator,68369
2452,Michael Walker,Database Administrator,69753
2453,Bob Taylor,UX Designer,67502
2454,Jane Taylor,Product Manager,66690
2455,David Martinez,Database Administrator,68230
2456,David Martinez,Project Manager,84174
2457,Olivia Brown,System Administrator,75882
2458,Emma Taylor,AI Researcher,65416
2459,Charlie Harris,UX Designer,82490
2460,Charlie Lewis,Network Engineer,85311
2461,Bob Clark,AI Researcher,54478
2462,Emma Anderson,Project Manager,72696
2463,David Brown,DevOps Engineer,68886
2464,Charlie Taylor,System Administrator,98585
2465,Olivia Smith,DevOps Engineer,77864
2466,Alice Clark,System Administrator,68031
2467,David Johnson,AI Researcher,84454
2468,Emma Clark,UX Designer,77606
2469,Bob Taylor,System Administrator,84197
2470,Sophia Taylor,System Administrator,96842
2471,David Smith,DevOps Engineer,50612
2472,Bob Taylor,DevOps Engineer,59105
2473,Alice Harris,UX Designer,86763
2474,Sophia Harris,DevOps Engineer,93150
2475,John Taylor,AI Researcher,78638
2476,Alice Johnson,DevOps Engineer,80862
2477,Emma Lewis,Product Manager,72656
2478,David Lewis,Product Manager,71951
2479,John Taylor,Software Engineer,60106
2480,John Taylor,UX Designer,65448
2481,Alice Walker,Software Engineer,89566
2482,Michael Harris,Network Engineer,81106
2483,Jane Smith,Software Engineer,68505
2484,Charlie Harris,Database Administrator,75745
2485,Olivia Lewis,AI Researcher,64384
2486,Alice Martinez,Data Analyst,82565
2487,Bob Lewis,DevOps Engineer,98146
2488,Bob Martinez,Software Engineer,87505
2489,Emma Harris,UX Designer,98217
2490,Sophia Taylor,Software Engineer,85918
2491,Bob Brown,Product Manager,91745
2492,John Anderson,UX Designer,71552
2493,Alice Anderson,Product Manager,66967
2494,David Clark,Database Administrator,80234
2495,Michael Lewis,AI Researcher,96231
2496,Charlie Clark,DevOps Engineer,65164
2497,Sophia Lewis,Database Administrator,76152
2498,David Brown,UX Designer,64515
2499,Olivia Harris,UX Designer,80113
2500,David Lewis,Project Manager,90956
2501,Sophia Harris,Project Manager,91552
2502,John Lewis,Product Manager,67482
2503,John Brown,Product Manager,61814
2504,Charlie Walker,System Administrator,69668
2505,John Martinez,Software Engineer,99589
2506,Alice Brown,Database Administrator,55292
2507,Alice Martinez,Software Engineer,92242
2508,Bob Clark,DevOps Engineer,76445
2509,Sophia Harris,AI Researcher,95217
2510,Bob Anderson,Software Engineer,51031
2511,Michael Harris,Software Engineer,84571
2512,David Taylor,Project Manager,51533
2513,John Martinez,Product Manager,71542
2514,John Walker,Software Engineer,75625
2515,David Clark,DevOps Engineer,71146
2516,John Martinez,DevOps Engineer,86534
2517,John Smith,Project Manager,75822
2518,Alice Anderson,Project Manager,72989
2519,Bob Brown,System Administrator,65939
2520,Bob Lewis,AI Researcher,68613
2521,Olivia Brown,UX Designer,79909
2522,Alice Taylor,DevOps Engineer,95895
2523,Alice Smith,Database Administrator,52602
2524,Michael Harris,Network Engineer,77647
2525,Michael Johnson,Network Engineer,53620
2526,Michael Taylor,Project Manager,89215
2527,Michael Johnson,Network Engineer,58514
2528,Michael Johnson,Software Engineer,87928
2529,Alice Martinez,AI Researcher,98983
2530,Sophia Johnson,Data Analyst,95290
2531,Michael Smith,Network Engineer,70323
2532,David Brown,Network Engineer,52489
2533,John Walker,Database Administrator,51850
2534,Olivia Johnson,Software Engineer,60526
2535,Alice Smith,Project Manager,72904
2536,Bob Clark,System Administrator,96725
2537,Alice Walker,Software Engineer,53624
2538,Bob Johnson,Database Administrator,53409
2539,Alice Johnson,DevOps Engineer,71302
2540,Charlie Anderson,AI Researcher,88289
2541,Emma Lewis,UX Designer,86190
2542,Charlie Smith,DevOps Engineer,65500
2543,Charlie Martinez,Database Administrator,66535
2544,Emma Johnson,Software Engineer,76820
2545,John Taylor,Network Engineer,67574
2546,David Brown,Project Manager,88747
2547,David Johnson,Software Engineer,55861
2548,Jane Clark,UX Designer,53617
2549,David Smith,Data Analyst,90395
2550,Charlie Clark,Product Manager,57517
2551,John Harris,Product Manager,61540
2552,Alice Harris,System Administrator,50965
2553,David Walker,UX Designer,74418
2554,Sophia Smith,System Administrator,52770
2555,John Walker,UX Designer,72058
2556,Emma Johnson,DevOps Engineer,73692
2557,David Anderson,System Administrator,54290
2558,Emma Lewis,Database Administrator,87582
2559,Jane Smith,Project Manager,77170
2560,John Lewis,Project Manager,90190
2561,Charlie Taylor,AI Researcher,53381
2562,Charlie Clark,Network Engineer,51093
2563,Jane Brown,UX Designer,53402
2564,David Anderson,Network Engineer,93547
2565,Sophia Johnson,System Administrator,85160
2566,Sophia Smith,Network Engineer,86500
2567,Emma Brown,AI Researcher,90104
2568,Sophia Brown,Network Engineer,60573
2569,Sophia Clark,AI Researcher,77800
2570,Emma Lewis,Project Manager,55131
2571,Olivia Harris,Project Manager,66737
2572,Emma Clark,DevOps Engineer,89698
2573,John Anderson,Network Engineer,94275
2574,Sophia Harris,Database Administrator,53535
2575,Charlie Johnson,Project Manager,66277
2576,Emma Anderson,Product Manager,50797
2577,Sophia Clark,DevOps Engineer,66301
2578,Michael Smith,Data Analyst,53646
2579,Emma Taylor,UX Designer,60415
2580,Alice Harris,Project Manager,61063
2581,Charlie Johnson,System Administrator,53325
2582,David Harris,Software Engineer,89312
2583,Emma Clark,Network Engineer,67112
2584,Bob Anderson,Network Engineer,67023
2585,Olivia Martinez,Product Manager,87371
2586,David Clark,UX Designer,56397
2587,Charlie Clark,UX Designer,56350
2588,Charlie Martinez,Product Manager,96286
2589,Charlie Harris,Network Engineer,98096
2590,Jane Anderson,AI Researcher,96803
2591,Charlie Anderson,Database Administrator,95865
2592,Sophia Johnson,Network Engineer,92247
2593,Olivia Lewis,Network Engineer,51522
2594,David Johnson,Software Engineer,85357
2595,Olivia Smith,System Administrator,95866
2596,Emma Walker,System Administrator,73808
2597,Emma Brown,Product Manager,92737
2598,Jane Brown,Project Manager,61463
2599,David Clark,Project Manager,84668
2600,John Johnson,Database Administrator,73478
2601,Bob Harris,DevOps Engineer,77763
2602,Alice Martinez,Project Manager,64543
2603,Sophia Smith,Project Manager,51509
2604,Michael Martinez,UX Designer,62752
2605,John Brown,Software Engineer,50586
2606,Bob Taylor,Network Engineer,93652
2607,Alice Johnson,Project Manager,55401
2608,John Johnson,Data Analyst,66408
2609,Charlie Brown,Data Analyst,54653
2610,Jane Johnson,Product Manager,88119
2611,Olivia Harris,Software Engineer,54270
2612,Emma Walker,Data Analyst,54250
2613,Emma Johnson,Project Manager,93481
2614,John Taylor,AI Researcher,71090
2615,Bob Smith,Data Analyst,74751
2616,Sophia Harris,Data Analyst,57895
2617,John Walker,Product Manager,66359
2618,Michael Martinez,Data Analyst,77801
2619,Jane Lewis,Product Manager,65865
2620,Jane Taylor,Data Analyst,55177
2621,Charlie Martinez,Data Analyst,89722
2622,Michael Anderson,System Administrator,50610
2623,David Lewis,Project Manager,51696
2624,Michael Harris,Database Administrator,68028
2625,Michael Walker,AI Researcher,65620
2626,Sophia Smith,Data Analyst,55743
2627,Emma Martinez,Database Administrator,53620
2628,Olivia Smith,Software Engineer,65839
2629,Sophia Brown,DevOps Engineer,93331
2630,Jane Harris,Database Administrator,85759
2631,Alice Taylor,DevOps Engineer,88487
2632,David Johnson,Data Analyst,70726
2633,David Martinez,Database Administrator,90780
2634,Alice Johnson,Software Engineer,91625
2635,Olivia Brown,Database Administrator,66224
2636,Olivia Anderson,UX Designer,77058
2637,Jane Walker,Software Engineer,95654
2638,Olivia Johnson,Data Analyst,85766
2639,Jane Johnson,Project Manager,96150
2640,Emma Walker,Project Manager,71804
2641,Emma Johnson,AI Researcher,63451
2642,Bob Smith,Product Manager,80312
2643,John Martinez,Project Manager,69081
2644,David Anderson,System Administrator,77920
2645,Bob Martinez,Project Manager,91067
2646,Charlie Taylor,DevOps Engineer,61776
2647,Charlie Lewis,Software Engineer,91386
2648,David Martinez,DevOps Engineer,86979
2649,Michael Taylor,Software Engineer,52344
2650,Emma Walker,System Administrator,56529
2651,Emma Walker,AI Researcher,64231
2652,Bob Johnson,Network Engineer,80616
2653,Michael Brown,Software Engineer,67819
2654,Sophia Harris,DevOps Engineer,60956
2655,John Clark,UX Designer,98693
2656,Emma Taylor,Database Administrator,64541
2657,David Clark,AI Researcher,99124
2658,David Smith,Product Manager,90103
2659,Olivia Brown,Product Manager,64067
2660,Emma Taylor,Project Manager,59439
2661,Olivia Anderson,Network Engineer,90877
2662,Jane Johnson,Data Analyst,59951
2663,John Martinez,DevOps Engineer,87373
2664,John Martinez,Database Administrator,74264
2665,Charlie Taylor,Product Manager,56924
2666,Sophia Lewis,Software Engineer,86805
2667,Sophia Lewis,UX Designer,58930
2668,Jane Anderson,Product Manager,87090
2669,Jane Smith,Database Administrator,56421
2670,John Johnson,System Administrator,55525
2671,John Smith,Database Administrator,56785
2672,Michael Taylor,AI Researcher,83984
2673,Michael Johnson,AI Researcher,88600
2674,Alice Lewis,Database Administrator,79087
2675,John Taylor,DevOps Engineer,62892
2676,Charlie Smith,DevOps Engineer,64218
2677,Emma Walker,DevOps Engineer,54625
2678,Olivia Johnson,DevOps Engineer,95945
2679,Sophia Smith,Data Analyst,69269
2680,Charlie Clark,AI Researcher,74510
2681,Bob Smith,Data Analyst,63644
2682,John Lewis,Product Manager,66602
2683,Michael Walker,Data Analyst,95311
2684,John Harris,Project Manager,83490
2685,Jane Taylor,DevOps Engineer,59895
2686,David Lewis,Data Analyst,87453
2687,Charlie Clark,Software Engineer,88306
2688,Olivia Martinez,AI Researcher,58516
2689,John Clark,Project Manager,69521
2690,Olivia Johnson,Software Engineer,52414
2691,Alice Lewis,Product Manager,89393
2692,Sophia Smith,Data Analyst,70591
2693,Olivia Martinez,Software Engineer,70098
2694,John Johnson,System Administrator,63585
2695,Michael Walker,UX Designer,63167
2696,Michael Lewis,Software Engineer,55154
2697,Bob Martinez,Software Engineer,64682
2698,Olivia Taylor,DevOps Engineer,69703
2699,Emma Martinez,Data Analyst,90011
2700,Emma Brown,Data Analyst,88839
2701,David Harris,Network Engineer,54638
2702,Jane Lewis,DevOps Engineer,57467
2703,Charlie Smith,Database Administrator,62998
2704,Olivia Smith,Product Manager,69846
2705,Sophia Anderson,Data Analyst,83192
2706,Bob Harris,DevOps Engineer,76255
2707,Bob Martinez,DevOps Engineer,91332
2708,Bob Smith,Product Manager,89345
2709,Sophia Brown,Data Analyst,79430
2710,Jane Smith,Network Engineer,59066
2711,John Clark,Database Administrator,82976
2712,Jane Clark,Database Administrator,76311
2713,Charlie Harris,Project Manager,50832
2714,Jane Clark,DevOps Engineer,95254
2715,Emma Walker,Data Analyst,69507
2716,Bob Smith,Project Manager,67781
2717,Alice Clark,UX Designer,62818
2718,Alice Clark,Data Analyst,71923
2719,Bob Lewis,Project Manager,74311
2720,Michael Harris,System Administrator,81657
2721,Emma Johnson,Software Engineer,79530
2722,Sophia Smith,Project Manager,62236
2723,Charlie Martinez,Software Engineer,90068
2724,Olivia Lewis,Product Manager,55101
2725,Emma Smith,System Administrator,67696
2726,Alice Clark,Database Administrator,71121
2727,Charlie Lewis,Software Engineer,92832
2728,Olivia Clark,Database Administrator,75114
2729,John Harris,Project Manager,55845
2730,Sophia Lewis,System Administrator,67180
2731,Emma Taylor,System Administrator,53381
2732,Jane Walker,Software Engineer,98565
2733,Sophia Harris,DevOps Engineer,83861
2734,Sophia Clark,UX Designer,94462
2735,Emma Harris,DevOps Engineer,78399
2736,David Brown,Software Engineer,59836
2737,Emma Smith,Software Engineer,50796
2738,Michael Taylor,Database Administrator,59733
2739,Charlie Brown,Project Manager,62512
2740,Sophia Taylor,Product Manager,98804
2741,John Martinez,Network Engineer,83785
2742,David Martinez,Data Analyst,66259
2743,Charlie Brown,Database Administrator,65703
2744,Sophia Walker,UX Designer,81134
2745,Olivia Smith,Data Analyst,51642
2746,Alice Martinez,DevOps Engineer,80979
2747,Olivia Harris,Network Engineer,94253
2748,Alice Brown,UX Designer,53507
2749,John Anderson,Data Analyst,79108
2750,Olivia Anderson,Project Manager,89244
2751,Olivia Walker,System Administrator,71205
2752,Olivia Lewis,Software Engineer,62184
2753,David Martinez,Network Engineer,84796
2754,Michael Martinez,System Administrator,60652
2755,John Smith,Software Engineer,92548
2756,Olivia Martinez,Data Analyst,74553
2757,Bob Harris,Database Administrator,77249
2758,Sophia Clark,Project Manager,80692
2759,Emma Walker,Software Engineer,56847
2760,John Walker,Data Analyst,80369
2761,Charlie Taylor,AI Researcher,59506
2762,Jane Brown,DevOps Engineer,60680
2763,Michael Walker,Product Manager,99993
2764,Alice Smith,DevOps Engineer,59432
2765,Charlie Taylor,Product Manager,95750
2766,Sophia Harris,System Administrator,83657
2767,Bob Walker,UX Designer,62915
2768,Michael Clark,Product Manager,60389
2769,Alice Lewis,System Administrator,68960
2770,Jane Harris,Data Analyst,77182
2771,Emma Johnson,UX Designer,64029
2772,Emma Walker,Software Engineer,71043
2773,Alice Johnson,AI Researcher,98821
2774,Bob Johnson,Software Engineer,91030
2775,David Harris,Software Engineer,86265
2776,Jane Lewis,Software Engineer,95212
2777,John Lewis,Network Engineer,84253
2778,Michael Martinez,System Administrator,79485
2779,Alice Johnson,Database Administrator,56810
2780,Olivia Johnson,Product Manager,79874
2781,John Clark,UX Designer,53235
2782,Michael Harris,Database Administrator,81897
2783,Bob Brown,Data Analyst,93997
2784,Olivia Lewis,Network Engineer,68685
2785,John Brown,Database Administrator,67391
2786,Bob Anderson,Product Manager,70415
2787,Olivia Clark,AI Researcher,69762
2788,Michael Clark,Data Analyst,62249
2789,Jane Brown,AI Researcher,57614
2790,Charlie Harris,DevOps Engineer,61443
2791,Bob Johnson,Product Manager,66209
2792,Alice Brown,UX Designer,52493
2793,Jane Walker,Product Manager,62059
2794,Alice Taylor,DevOps Engineer,92884
2795,Charlie Anderson,Project Manager,68318
2796,Sophia Walker,Data Analyst,70270
2797,Bob Brown,System Administrator,71261
2798,Emma Brown,UX Designer,75929
2799,Charlie Brown,Database Administrator,96292
2800,David Anderson,Database Administrator,54779
2801,Alice Brown,UX Designer,79003
2802,David Martinez,DevOps Engineer,57757
2803,Alice Anderson,Database Administrator,84151
2804,Jane Clark,Software Engineer,57808
2805,David Lewis,Network Engineer,91993
2806,Bob Brown,Software Engineer,81222
2807,Emma Lewis,Project Manager,88888
2808,Charlie Brown,Project Manager,55899
2809,Emma Walker,Product Manager,89394
2810,Charlie Smith,Software Engineer,92436
2811,Michael Clark,System Administrator,58267
2812,Jane Lewis,Product Manager,65415
2813,John Martinez,System Administrator,61420
2814,Charlie Harris,Project Manager,70114
2815,Olivia Johnson,UX Designer,72411
2816,David Clark,Software Engineer,70258
2817,Jane Lewis,DevOps Engineer,57011
2818,Sophia Lewis,DevOps Engineer,89797
2819,Michael Martinez,Project Manager,55319
2820,Bob Johnson,AI Researcher,51963
2821,Jane Taylor,Database Administrator,78518
2822,Michael Smith,DevOps Engineer,50881
2823,Charlie Smith,Software Engineer,80126
2824,John Lewis,AI Researcher,83664
2825,John Johnson,Product Manager,50494
2826,Emma Smith,DevOps Engineer,96448
2827,Olivia Johnson,Network Engineer,70659
2828,Olivia Brown,Project Manager,51505
2829,Olivia Brown,Project Manager,53448
2830,Sophia Walker,Product Manager,71826
2831,Charlie Walker,Database Administrator,99282
2832,David Clark,Project Manager,50466
2833,John Smith,Network Engineer,90919
2834,Michael Brown,Database Administrator,90860
2835,David Johnson,Software Engineer,76019
2836,John Walker,Database Administrator,57085
2837,Olivia Walker,Software Engineer,78974
2838,Alice Lewis,Project Manager,74968
2839,Jane Taylor,Software Engineer,79511
2840,Olivia Smith,Software Engineer,62729
2841,John Johnson,AI Researcher,70141
2842,Bob Walker,Data Analyst,83399
2843,John Johnson,UX Designer,83536
2844,Alice Martinez,Product Manager,64643
2845,Michael Walker,AI Researcher,57225
2846,Olivia Clark,Project Manager,77124
2847,John Taylor,Data Analyst,59282
2848,John Smith,AI Researcher,93162
2849,Sophia Walker,Network Engineer,98668
2850,Olivia Anderson,Software Engineer,93435
2851,Charlie Johnson,Product Manager,83297
2852,David Lewis,DevOps Engineer,56680
2853,Emma Smith,Software Engineer,51058
2854,Michael Brown,Project Manager,52223
2855,Emma Walker,Product Manager,83015
2856,Emma Anderson,UX Designer,55399
2857,Charlie Brown,UX Designer,57994
2858,Jane Taylor,UX Designer,78561
2859,Bob Anderson,Product Manager,88739
2860,David Anderson,Database Administrator,83224
2861,John Smith,UX Designer,68661
2862,Sophia Harris,AI Researcher,50317
2863,John Walker,Database Administrator,60647
2864,Olivia Smith,DevOps Engineer,82245
2865,Alice Martinez,Data Analyst,63866
2866,Alice Smith,Project Manager,76976
2867,Michael Clark,AI Researcher,84649
2868,Michael Lewis,Database Administrator,66250
2869,Olivia Smith,Product Manager,87858
2870,David Harris,Data Analyst,51531
2871,Sophia Lewis,Project Manager,52780
2872,Jane Anderson,Product Manager,59649
2873,David Johnson,UX Designer,50310
2874,Charlie Clark,System Administrator,69388
2875,Bob Taylor,UX Designer,85346
2876,John Clark,Data Analyst,74698
2877,David Taylor,Project Manager,70656
2878,Michael Lewis,Software Engineer,57897
2879,Alice Martinez,Software Engineer,79651
2880,Bob Clark,Network Engineer,96062
2881,Emma Lewis,Product Manager,66891
2882,John Taylor,AI Researcher,66878
2883,Jane Smith,UX Designer,83844
2884,Charlie Walker,UX Designer,93849
2885,Olivia Anderson,Software Engineer,63994
2886,Michael Anderson,AI Researcher,72439
2887,David Smith,UX Designer,61498
2888,Jane Johnson,DevOps Engineer,63815
2889,Michael Taylor,DevOps Engineer,68833
2890,Alice Walker,DevOps Engineer,84580
2891,Bob Smith,System Administrator,66992
2892,Charlie Harris,AI Researcher,61804
2893,Charlie Martinez,Product Manager,81435
2894,David Lewis,Software Engineer,94040
2895,Jane Anderson,Data Analyst,82759
2896,John Anderson,Project Manager,57285
2897,Bob Brown,Network Engineer,51768
2898,Michael Taylor,Product Manager,80829
2899,David Smith,UX Designer,86723
2900,Charlie Johnson,Software Engineer,55008
2901,David Harris,UX Designer,98949
2902,Olivia Walker,Project Manager,87952
2903,Jane Smith,AI Researcher,50445
2904,Bob Taylor,Data Analyst,60273
2905,John Taylor,System Administrator,79357
2906,Alice Taylor,Project Manager,51919
2907,Charlie Taylor,Data Analyst,57747
2908,Alice Anderson,Network Engineer,95488
2909,David Lewis,Project Manager,53755
2910,Sophia Lewis,AI Researcher,87197
2911,Charlie Brown,Product Manager,67063
2912,David Johnson,Data Analyst,52272
2913,Jane Anderson,Data Analyst,96224
2914,Olivia Johnson,Product Manager,57435
2915,Alice Harris,UX Designer,91574
2916,Michael Johnson,System Administrator,82729
2917,Bob Harris,Product Manager,60752
2918,John Johnson,System Administrator,88204
2919,Bob Smith,Network Engineer,94205
2920,David Smith,DevOps Engineer,61165
2921,Charlie Taylor,Data Analyst,80271
2922,Olivia Smith,Software Engineer,97688
2923,Jane Clark,UX Designer,82579
2924,Sophia Clark,UX Designer,50774
2925,Alice Martinez,Network Engineer,84293
2926,Charlie Lewis,DevOps Engineer,99444
2927,Jane Taylor,Project Manager,71385
2928,Jane Brown,Database Administrator,54787
2929,Emma Lewis,Network Engineer,71011
2930,Alice Taylor,DevOps Engineer,91525
2931,Olivia Harris,System Administrator,98985
2932,Jane Martinez,System Administrator,87156
2933,Charlie Clark,Product Manager,90364
2934,David Lewis,Project Manager,93599
2935,John Brown,Database Administrator,88359
2936,Alice Johnson,DevOps Engineer,54530
2937,Emma Smith,Project Manager,62871
2938,Charlie Smith,AI Researcher,80651
2939,Alice Harris,Project Manager,75898
2940,Emma Clark,Product Manager,73542
2941,Michael Anderson,Data Analyst,70402
2942,David Lewis,Project Manager,84822
2943,Sophia Johnson,DevOps Engineer,99863
2944,John Brown,UX Designer,62213
2945,Emma Smith,Network Engineer,58217
2946,Sophia Walker,Data Analyst,77321
2947,Olivia Smith,Data Analyst,94663
2948,Charlie Clark,Data Analyst,54530
2949,Olivia Harris,AI Researcher,57114
2950,Bob Clark,System Administrator,56038
2951,David Martinez,Product Manager,75260
2952,Bob Smith,UX Designer,58987
2953,Emma Walker,Data Analyst,57453
2954,John Johnson,Software Engineer,52530
2955,John Smith,System Administrator,97964
2956,Jane Brown,DevOps Engineer,83952
2957,Charlie Anderson,UX Designer,52644
2958,Bob Anderson,Database Administrator,83439
2959,Emma Taylor,Database Administrator,90598
2960,John Martinez,Project Manager,89623
2961,John Martinez,Database Administrator,99538
2962,Jane Walker,Database Administrator,69896
2963,Emma Anderson,Software Engineer,61041
2964,Bob Harris,UX Designer,80712
2965,Charlie Brown,Network Engineer,77828
2966,Charlie Harris,Product Manager,92411
2967,John Johnson,Database Administrator,92771
2968,Jane Taylor,Software Engineer,68809
2969,Jane Harris,AI Researcher,67476
2970,Charlie Taylor,Project Manager,65833
2971,Emma Walker,AI Researcher,91672
2972,Emma Brown,Project Manager,52856
2973,Bob Anderson,DevOps Engineer,91906
2974,Charlie Martinez,Project Manager,85057
2975,Alice Johnson,System Administrator,90994
2976,Olivia Clark,Software Engineer,85645
2977,Emma Smith,DevOps Engineer,97731
2978,Olivia Taylor,Project Manager,76600
2979,Bob Lewis,AI Researcher,58347
2980,Sophia Brown,Network Engineer,77671
2981,Charlie Brown,Product Manager,68221
2982,Jane Harris,Data Analyst,96864
2983,Alice Anderson,UX Designer,57585
2984,Jane Anderson,Product Manager,78957
2985,Jane Lewis,System Administrator,91805
2986,Alice Harris,UX Designer,60471
2987,Emma Martinez,Data Analyst,97222
2988,Sophia Smith,Software Engineer,66293
2989,Michael Clark,AI Researcher,65976
2990,Sophia Martinez,Project Manager,90046
2991,David Johnson,AI Researcher,83961
2992,Sophia Smith,Software Engineer,56182
2993,Alice Clark,DevOps Engineer,81747
2994,David Lewis,Database Administrator,73756
2995,Bob Taylor,Data Analyst,56558
2996,Sophia Clark,Data Analyst,86673
2997,Alice Taylor,Network Engineer,78872
2998,Michael Brown,UX Designer,85348
2999,Emma Brown,Database Administrator,62224
3000,Olivia Taylor,System Administrator,81903
3001,Jane Smith,DevOps Engineer,69924
3002,Michael Johnson,Network Engineer,51250
3003,Olivia Martinez,Database Administrator,82747
3004,Bob Brown,Database Administrator,50138
3005,Olivia Walker,Database Administrator,74007
3006,David Johnson,Database Administrator,84018
3007,Jane Martinez,Product Manager,64993
3008,Michael Martinez,Data Analyst,63426
3009,Jane Harris,Software Engineer,50627
3010,John Anderson,Network Engineer,55640
3011,Jane Taylor,AI Researcher,86821
3012,John Walker,Product Manager,95816
3013,Olivia Taylor,UX Designer,57666
3014,Michael Martinez,Product Manager,56139
3015,Jane Taylor,UX Designer,63600
3016,Charlie Johnson,Network Engineer,59523
3017,Jane Taylor,Project Manager,96631
3018,Bob Walker,Product Manager,56932
3019,Alice Martinez,Software Engineer,53734
3020,Charlie Lewis,DevOps Engineer,67745
3021,Jane Smith,System Administrator,90653
3022,Olivia Johnson,Software Engineer,78437
3023,Alice Walker,Database Administrator,98033
3024,Jane Harris,DevOps Engineer,57126
3025,Sophia Martinez,System Administrator,77589
3026,David Taylor,UX Designer,58737
3027,Sophia Smith,Software Engineer,62354
3028,Bob Smith,AI Researcher,64259
3029,John Walker,UX Designer,84025
3030,John Taylor,DevOps Engineer,82635
3031,Michael Lewis,Network Engineer,78260
3032,Bob Lewis,Product Manager,72361
3033,David Brown,Product Manager,84096
3034,Jane Walker,Database Administrator,85976
3035,Charlie Johnson,System Administrator,98207
3036,Olivia Clark,Network Engineer,52155
3037,Jane Harris,Product Manager,78072
3038,Alice Smith,Product Manager,96299
3039,Olivia Smith,UX Designer,53589
3040,Emma Walker,Project Manager,71854
3041,Michael Johnson,UX Designer,83569
3042,Bob Johnson,Project Manager,84556
3043,Michael Brown,Network Engineer,68828
3044,John Clark,Data Analyst,56623
3045,Jane Brown,Database Administrator,73792
3046,Olivia Smith,Project Manager,79119
3047,Sophia Johnson,Data Analyst,69209
3048,John Lewis,Project Manager,90472
3049,Charlie Martinez,Data Analyst,78307
3050,Jane Johnson,Product Manager,58047
3051,Charlie Brown,Product Manager,75786
3052,Michael Johnson,Software Engineer,64783
3053,Olivia Taylor,Software Engineer,91816
3054,Michael Martinez,Product Manager,51687
3055,Jane Smith,Product Manager,72161
3056,John Walker,AI Researcher,50727
3057,Michael Martinez,AI Researcher,70962
3058,Olivia Martinez,System Administrator,53542
3059,Jane Lewis,Project Manager,59103
3060,John Harris,Network Engineer,59659
3061,Sophia Clark,DevOps Engineer,61716
3062,Emma Harris,Product Manager,88312
3063,Bob Brown,UX Designer,80102
3064,Emma Brown,AI Researcher,75134
3065,Jane Walker,Database Administrator,69389
3066,Jane Brown,DevOps Engineer,56612
3067,John Anderson,Project Manager,89035
3068,Michael Brown,UX Designer,66579
3069,Michael Clark,Product Manager,53886
3070,John Walker,Data Analyst,83716
3071,Charlie Smith,AI Researcher,85500
3072,Emma Brown,Product Manager,53714
3073,David Taylor,Project Manager,67517
3074,Bob Taylor,UX Designer,63349
3075,Bob Anderson,AI Researcher,73265
3076,John Martinez,DevOps Engineer,96301
3077,David Brown,Project Manager,76690
3078,Bob Johnson,DevOps Engineer,89590
3079,David Anderson,Software Engineer,55209
3080,Michael Anderson,Data Analyst,85852
3081,David Walker,AI Researcher,59785
3082,Jane Anderson,AI Researcher,80102
3083,Olivia Walker,Project Manager,87060
3084,Olivia Harris,UX Designer,56364
3085,John Walker,System Administrator,88274
3086,Jane Smith,System Administrator,50622
3087,Jane Smith,System Administrator,56181
3088,Alice Walker,Product Manager,88917
3089,Michael Taylor,DevOps Engineer,83914
3090,David Taylor,Network Engineer,57292
3091,Alice Harris,Data Analyst,87423
3092,Charlie Lewis,Software Engineer,71981
3093,Sophia Anderson,Product Manager,66672
3094,Bob Brown,Software Engineer,88277
3095,David Martinez,AI Researcher,75363
3096,Olivia Anderson,System Administrator,82416
3097,Sophia Walker,Project Manager,94930
3098,Emma Taylor,Product Manager,90444
3099,Michael Johnson,AI Researcher,63012
3100,David Smith,Software Engineer,75138
3101,Jane Taylor,AI Researcher,60859
3102,David Anderson,Data Analyst,71260
3103,David Lewis,Project Manager,72725
3104,David Taylor,Database Administrator,91224
3105,Olivia Harris,Project Manager,80324
3106,John Harris,AI Researcher,93670
3107,Bob Clark,UX Designer,70377
3108,Bob Clark,UX Designer,99741
3109,Alice Martinez,System Administrator,77992
3110,Sophia Taylor,Software Engineer,68622
3111,Charlie Taylor,AI Researcher,91277
3112,Alice Harris,Project Manager,55742
3113,Olivia Lewis,Network Engineer,61083
3114,Sophia Harris,System Administrator,77584
3115,Olivia Smith,Software Engineer,90837
3116,Emma Smith,UX Designer,70571
3117,Sophia Taylor,AI Researcher,79507
3118,Alice Taylor,Network Engineer,76757
3119,Sophia Lewis,AI Researcher,96712
3120,Michael Walker,Product Manager,64637
3121,Sophia Harris,Database Administrator,97831
3122,Emma Taylor,System Administrator,58971
3123,Olivia Brown,Project Manager,99279
3124,John Walker,Software Engineer,54092
3125,David Harris,Network Engineer,66910
3126,Alice Harris,AI Researcher,88337
3127,David Brown,Project Manager,83338
3128,Olivia Anderson,UX Designer,87498
3129,John Martinez,Project Manager,82854
3130,Jane Clark,Project Manager,78374
3131,Bob Clark,AI Researcher,52417
3132,Michael Brown,Project Manager,93759
3133,John Brown,Data Analyst,72915
3134,Charlie Walker,UX Designer,75841
3135,Olivia Anderson,System Administrator,78250
3136,David Harris,DevOps Engineer,99883
3137,John Walker,Software Engineer,58137
3138,Michael Lewis,Network Engineer,61049
3139,John Walker,DevOps Engineer,86649
3140,Emma Clark,Product Manager,57175
3141,Olivia Clark,Project Manager,55074
3142,Jane Brown,Database Administrator,98422
3143,Olivia Lewis,System Administrator,96674
3144,Olivia Walker,UX Designer,69884
3145,Jane Martinez,DevOps Engineer,94883
3146,Bob Smith,System Administrator,96332
3147,Olivia Lewis,UX Designer,81887
3148,Olivia Smith,AI Researcher,61962
3149,John Smith,Data Analyst,66858
3150,Olivia Anderson,Database Administrator,54755
3151,John Martinez,Product Manager,54849
3152,Sophia Walker,DevOps Engineer,77783
3153,Sophia Taylor,Software Engineer,99041
3154,Michael Walker,System Administrator,53372
3155,John Lewis,Software Engineer,57080
3156,Emma Taylor,AI Researcher,65773
3157,Emma Anderson,Data Analyst,52135
3158,Emma Johnson,DevOps Engineer,70852
3159,Bob Smith,System Administrator,58500
3160,Sophia Clark,Project Manager,94912
3161,Jane Johnson,DevOps Engineer,59714
3162,David Johnson,Product Manager,96684
3163,Alice Clark,Database Administrator,53816
3164,Bob Lewis,Product Manager,88515
3165,Olivia Walker,Data Analyst,86891
3166,Olivia Martinez,Network Engineer,72234
3167,David Johnson,System Administrator,83736
3168,David Lewis,Data Analyst,66518
3169,Sophia Martinez,Data Analyst,97990
3170,John Brown,AI Researcher,82255
3171,Bob Johnson,System Administrator,72512
3172,Charlie Lewis,Product Manager,92918
3173,Jane Taylor,Network Engineer,81548
3174,John Johnson,Database Administrator,53863
3175,Bob Harris,AI Researcher,83536
3176,Bob Harris,DevOps Engineer,57336
3177,Jane Taylor,Software Engineer,65631
3178,Charlie Harris,Project Manager,55778
3179,Sophia Johnson,System Administrator,88575
3180,John Clark,Data Analyst,71713
3181,Sophia Clark,DevOps Engineer,86333
3182,David Smith,Data Analyst,92565
3183,Sophia Harris,Software Engineer,64570
3184,Michael Taylor,System Administrator,63951
3185,Bob Taylor,DevOps Engineer,87207
3186,Sophia Anderson,Software Engineer,97750
3187,Emma Martinez,Product Manager,92076
3188,David Johnson,Project Manager,65259
3189,Olivia Smith,Product Manager,51439
3190,John Brown,Network Engineer,82783
3191,John Lewis,Product Manager,80301
3192,Alice Johnson,DevOps Engineer,64279
3193,Jane Harris,Network Engineer,77675
3194,Bob Smith,UX Designer,98572
3195,Emma Harris,DevOps Engineer,51567
3196,Bob Walker,System Administrator,85773
3197,David Brown,AI Researcher,62333
3198,Bob Taylor,Database Administrator,93924
3199,Olivia Anderson,System Administrator,57221
3200,Sophia Johnson,Database Administrator,78033
3201,John Taylor,Product Manager,94099
3202,Sophia Brown,AI Researcher,99135
3203,Alice Martinez,Software Engineer,82828
3204,John Harris,Project Manager,59214
3205,Jane Lewis,Database Administrator,72860
3206,Emma Brown,UX Designer,87054
3207,Bob Clark,Network Engineer,80378
3208,Olivia Anderson,Product Manager,73616
3209,Michael Martinez,DevOps Engineer,65132
3210,Alice Taylor,UX Designer,64898
3211,Emma Smith,Database Administrator,84751
3212,John Brown,Software Engineer,71470
3213,David Walker,Data Analyst,89096
3214,David Walker,Product Manager,88074
3215,Bob Johnson,DevOps Engineer,69025
3216,Michael Smith,Product Manager,63886
3217,Charlie Brown,UX Designer,70926
3218,Alice Smith,Database Administrator,62656
3219,Olivia Clark,System Administrator,81347
3220,Olivia Clark,UX Designer,84492
3221,Charlie Johnson,Project Manager,78899
3222,Jane Brown,Product Manager,55135
3223,Sophia Smith,Network Engineer,70863
3224,Olivia Walker,AI Researcher,73952
3225,Jane Anderson,System Administrator,91505
3226,Emma Walker,System Administrator,89403
3227,Charlie Clark,UX Designer,79713
3228,Alice Walker,DevOps Engineer,66043
3229,Michael Anderson,UX Designer,63598
3230,Charlie Lewis,UX Designer,86258
3231,Charlie Anderson,AI Researcher,80116
3232,Charlie Brown,Software Engineer,68751
3233,Emma Walker,Project Manager,83464
3234,Charlie Lewis,UX Designer,79464
3235,Michael Clark,Product Manager,78302
3236,David Martinez,AI Researcher,68489
3237,Alice Clark,Network Engineer,53988
3238,Emma Lewis,Data Analyst,56067
3239,Michael Brown,AI Researcher,62582
3240,Bob Harris,Data Analyst,78252
3241,Charlie Smith,DevOps Engineer,71646
3242,Emma Johnson,Software Engineer,88158
3243,Emma Clark,AI Researcher,76047
3244,Michael Brown,DevOps Engineer,73491
3245,Bob Martinez,Network Engineer,77767
3246,Emma Smith,AI Researcher,67149
3247,Jane Johnson,Software Engineer,69633
3248,Emma Taylor,Project Manager,67327
3249,Olivia Anderson,Product Manager,57525
3250,Jane Taylor,Software Engineer,85102
3251,Charlie Harris,Network Engineer,65510
3252,Olivia Brown,Database Administrator,95064
3253,John Anderson,Software Engineer,73368
3254,Sophia Anderson,Database Administrator,65415
3255,Jane Brown,System Administrator,68483
3256,Olivia Clark,DevOps Engineer,61368
3257,John Brown,UX Designer,94879
3258,Bob Johnson,AI Researcher,96153
3259,Sophia Taylor,System Administrator,86178
3260,Alice Martinez,Project Manager,74122
3261,John Clark,DevOps Engineer,93844
3262,Jane Martinez,DevOps Engineer,57287
3263,Michael Brown,Network Engineer,74201
3264,Olivia Harris,Data Analyst,95667
3265,Emma Walker,Product Manager,54265
3266,David Taylor,Network Engineer,73594
3267,John Smith,DevOps Engineer,59462
3268,Michael Anderson,Network Engineer,87187
3269,John Clark,Product Manager,99239
3270,David Johnson,Product Manager,62995
3271,Bob Martinez,AI Researcher,57303
3272,Charlie Taylor,AI Researcher,70526
3273,Michael Clark,Database Administrator,67586
3274,Emma Clark,System Administrator,64957
3275,John Anderson,Product Manager,95480
3276,Sophia Lewis,DevOps Engineer,96598
3277,John Lewis,Database Administrator,55516
3278,Sophia Anderson,Data Analyst,71688
3279,Michael Smith,Product Manager,62383
3280,Michael Taylor,Network Engineer,91758
3281,David Smith,Database Administrator,80059
3282,David Anderson,Network Engineer,69391
3283,Emma Clark,Data Analyst,94315
3284,Sophia Harris,Product Manager,90464
3285,David Smith,Data Analyst,53378
3286,Olivia Harris,Project Manager,69866
3287,Emma Johnson,Software Engineer,61619
3288,Sophia Harris,Database Administrator,95994
3289,Michael Lewis,UX Designer,69473
3290,Olivia Johnson,Database Administrator,92659
3291,Charlie Martinez,Data Analyst,72564
3292,Charlie Taylor,UX Designer,75739
3293,Michael Lewis,Network Engineer,96430
3294,Michael Walker,Product Manager,62319
3295,Emma Johnson,Project Manager,91421
3296,Olivia Lewis,Software Engineer,70684
3297,Jane Harris,UX Designer,94956
3298,Emma Smith,System Administrator,61796
3299,David Johnson,System Administrator,90173
3300,John Brown,Network Engineer,64528
3301,David Taylor,Network Engineer,55741
3302,Michael Anderson,Software Engineer,79197
3303,John Walker,System Administrator,83259
3304,Alice Brown,AI Researcher,61223
3305,Jane Taylor,Software Engineer,75814
3306,Olivia Clark,AI Researcher,97681
3307,Alice Smith,Network Engineer,93240
3308,Michael Johnson,Product Manager,85616
3309,Alice Martinez,UX Designer,80966
3310,Bob Anderson,Database Administrator,75566
3311,Jane Martinez,AI Researcher,64829
3312,John Brown,System Administrator,61147
3313,Bob Smith,Database Administrator,83605
3314,Charlie Brown,Data Analyst,93772
3315,Emma Johnson,DevOps Engineer,97833
3316,John Clark,Database Administrator,79926
3317,Michael Johnson,AI Researcher,79034
3318,Olivia Anderson,Network Engineer,69419
3319,David Brown,Data Analyst,90298
3320,Michael Brown,Product Manager,63869
3321,Jane Johnson,DevOps Engineer,71262
3322,David Lewis,System Administrator,69065
3323,Alice Lewis,Software Engineer,80452
3324,Emma Brown,AI Researcher,95606
3325,Bob Lewis,Database Administrator,98213
3326,John Martinez,Software Engineer,86158
3327,Alice Brown,Project Manager,78086
3328,Alice Smith,Network Engineer,91677
3329,Sophia Smith,Project Manager,89862
3330,Charlie Brown,Database Administrator,60910
3331,Michael Clark,AI Researcher,87415
3332,Charlie Smith,Software Engineer,70550
3333,Charlie Smith,DevOps Engineer,83252
3334,Olivia Walker,DevOps Engineer,86839
3335,Sophia Walker,DevOps Engineer,64929
3336,John Lewis,Product Manager,54876
3337,Emma Walker,Project Manager,95942
3338,Emma Harris,System Administrator,54843
3339,Jane Clark,Software Engineer,54393
3340,Emma Clark,System Administrator,86630
3341,Michael Taylor,DevOps Engineer,67284
3342,Sophia Harris,Database Administrator,91282
3343,David Clark,Project Manager,65184
3344,David Lewis,Network Engineer,53302
3345,Alice Brown,Software Engineer,92962
3346,Sophia Brown,UX Designer,67088
3347,Sophia Martinez,Project Manager,50660
3348,Jane Brown,AI Researcher,85776
3349,Sophia Lewis,Software Engineer,62711
3350,Charlie Walker,DevOps Engineer,97741
3351,Alice Brown,AI Researcher,58005
3352,David Harris,Network Engineer,77755
3353,Emma Martinez,Database Administrator,57514
3354,Sophia Walker,DevOps Engineer,88469
3355,Alice Taylor,System Administrator,86995
3356,Michael Brown,Data Analyst,74063
3357,Emma Smith,Network Engineer,92344
3358,Jane Lewis,Project Manager,74157
3359,Charlie Harris,Data Analyst,64665
3360,Michael Clark,UX Designer,96821
3361,Jane Taylor,Product Manager,68277
3362,Alice Martinez,System Administrator,93792
3363,Alice Lewis,DevOps Engineer,85501
3364,Olivia Walker,AI Researcher,84152
3365,Alice Johnson,UX Designer,93939
3366,Michael Clark,DevOps Engineer,91351
3367,Jane Harris,Data Analyst,85156
3368,Charlie Lewis,UX Designer,62215
3369,Sophia Brown,Software Engineer,75520
3370,Alice Smith,Product Manager,75436
3371,Bob Walker,Database Administrator,63080
3372,Alice Harris,Software Engineer,85024
3373,Michael Johnson,Project Manager,81279
3374,Michael Walker,System Administrator,52202
3375,Charlie Martinez,Project Manager,67922
3376,Jane Lewis,Project Manager,65812
3377,Sophia Taylor,AI Researcher,52444
3378,Olivia Taylor,UX Designer,66819
3379,Charlie Smith,AI Researcher,61715
3380,Jane Johnson,AI Researcher,72178
3381,David Martinez,UX Designer,84451
3382,David Lewis,Data Analyst,55782
3383,John Lewis,Database Administrator,95884
3384,Olivia Harris,Product Manager,70987
3385,Jane Taylor,Data Analyst,85892
3386,Sophia Walker,Network Engineer,93567
3387,Sophia Clark,Database Administrator,57514
3388,Bob Harris,Software Engineer,73728
3389,John Brown,Database Administrator,87367
3390,Emma Smith,Product Manager,55161
3391,Sophia Johnson,Software Engineer,83485
3392,Michael Taylor,Product Manager,95653
3393,Sophia Harris,DevOps Engineer,68666
3394,Sophia Lewis,Project Manager,55256
3395,Bob Martinez,System Administrator,57254
3396,Alice Smith,Database Administrator,77649
3397,Charlie Johnson,System Administrator,94492
3398,Emma Walker,UX Designer,53663
3399,Sophia Harris,System Administrator,67933
3400,Sophia Martinez,AI Researcher,91713
3401,Olivia Walker,Database Administrator,64943
3402,Olivia Harris,System Administrator,99974
3403,Bob Taylor,Product Manager,73705
3404,Olivia Johnson,Network Engineer,74931
3405,Bob Harris,Network Engineer,76203
3406,David Walker,Project Manager,84314
3407,Michael Walker,DevOps Engineer,74271
3408,Emma Brown,DevOps Engineer,54093
3409,Sophia Anderson,Network Engineer,99387
3410,Jane Anderson,System Administrator,77130
3411,Sophia Martinez,Database Administrator,79134
3412,Alice Anderson,Database Administrator,73882
3413,Charlie Walker,UX Designer,93361
3414,Bob Anderson,Software Engineer,53321
3415,Olivia Taylor,Software Engineer,93232
3416,Bob Johnson,AI Researcher,66913
3417,Charlie Johnson,Data Analyst,82142
3418,Charlie Taylor,UX Designer,66802
3419,Michael Walker,UX Designer,68998
3420,Sophia Martinez,AI Researcher,80336
3421,Charlie Walker,Project Manager,65615
3422,Sophia Clark,System Administrator,66757
3423,David Johnson,AI Researcher,64324
3424,Alice Clark,Product Manager,51311
3425,Charlie Brown,System Administrator,91251
3426,Michael Martinez,UX Designer,59431
3427,Charlie Harris,Project Manager,91020
3428,Sophia Smith,AI Researcher,67612
3429,Sophia Clark,AI Researcher,88709
3430,Sophia Harris,AI Researcher,84064
3431,Alice Anderson,Database Administrator,77511
3432,David Anderson,Data Analyst,65529
3433,John Walker,Database Administrator,75841
3434,Emma Smith,AI Researcher,62042
3435,David Walker,Database Administrator,87938
3436,Olivia Taylor,Data Analyst,93780
3437,Michael Smith,AI Researcher,94343
3438,Olivia Clark,Product Manager,97766
3439,Alice Johnson,Database Administrator,55712
3440,Sophia Lewis,Database Administrator,60143
3441,Jane Harris,Project Manager,66728
3442,Jane Walker,UX Designer,64121
3443,Charlie Walker,AI Researcher,80066
3444,Jane Lewis,Project Manager,80769
3445,Sophia Anderson,Data Analyst,56709
3446,Sophia Lewis,Network Engineer,84213
3447,Bob Anderson,DevOps Engineer,93099
3448,Charlie Clark,UX Designer,89043
3449,Michael Smith,AI Researcher,85700
3450,Sophia Smith,Software Engineer,74216
3451,John Brown,Network Engineer,96401
3452,Michael Brown,AI Researcher,96594
3453,Jane Walker,Product Manager,50901
3454,Olivia Anderson,Product Manager,93320
3455,Emma Walker,Database Administrator,83514
3456,Alice Smith,Network Engineer,96485
3457,Michael Smith,Project Manager,71516
3458,Alice Walker,Software Engineer,68500
3459,Jane Smith,Database Administrator,54850
3460,Alice Brown,System Administrator,90121
3461,Charlie Brown,Data Analyst,51001
3462,Sophia Smith,AI Researcher,61635
3463,Charlie Smith,Data Analyst,67488
3464,Olivia Brown,Database Administrator,66864
3465,Jane Taylor,Software Engineer,67376
3466,Olivia Taylor,UX Designer,63545
3467,Michael Anderson,Database Administrator,59613
3468,Charlie Johnson,Product Manager,82441
3469,Charlie Martinez,Product Manager,71917
3470,David Lewis,Database Administrator,62117
3471,Jane Anderson,Project Manager,84474
3472,Jane Clark,Software Engineer,69177
3473,Michael Walker,System Administrator,75120
3474,Emma Martinez,Software Engineer,58067
3475,Michael Taylor,Product Manager,88370
3476,Michael Clark,DevOps Engineer,98000
3477,Michael Clark,System Administrator,99721
3478,Emma Martinez,Network Engineer,55132
3479,Jane Brown,Project Manager,69282
3480,Olivia Brown,AI Researcher,82800
3481,Michael Harris,Software Engineer,67386
3482,Jane Walker,Data Analyst,56986
3483,John Johnson,Database Administrator,65235
3484,David Walker,UX Designer,52323
3485,John Taylor,UX Designer,72728
3486,Emma Walker,Product Manager,91256
3487,Olivia Taylor,Product Manager,90934
3488,Bob Walker,Product Manager,90056
3489,Charlie Brown,Project Manager,88603
3490,Charlie Clark,UX Designer,99345
3491,Olivia Anderson,Data Analyst,58413
3492,John Lewis,Project Manager,70203
3493,David Martinez,DevOps Engineer,97584
3494,Olivia Anderson,System Administrator,90910
3495,Olivia Walker,Database Administrator,85710
3496,Olivia Lewis,AI Researcher,77998
3497,Olivia Lewis,AI Researcher,86046
3498,Bob Martinez,Network Engineer,84850
3499,Michael Anderson,Project Manager,75222
3500,Bob Walker,AI Researcher,60474
3501,Jane Lewis,Project Manager,75379
3502,John Johnson,Product Manager,85088
3503,Michael Harris,Project Manager,60533
3504,Olivia Harris,Product Manager,66283
3505,David Clark,Software Engineer,94817
3506,Emma Harris,Software Engineer,75174
3507,Sophia Walker,Database Administrator,79515
3508,Charlie Johnson,Project Manager,80562
3509,Michael Anderson,Database Administrator,60474
3510,Michael Johnson,Database Administrator,51525
3511,Sophia Johnson,DevOps Engineer,66124
3512,Sophia Martinez,AI Researcher,97763
3513,Olivia Harris,DevOps Engineer,59893
3514,John Taylor,System Administrator,93882
3515,Bob Martinez,Database Administrator,75069
3516,Emma Clark,Product Manager,89012
3517,David Harris,Project Manager,78172
3518,Jane Anderson,Data Analyst,71255
3519,John Johnson,AI Researcher,77703
3520,Michael Clark,AI Researcher,95854
3521,Emma Brown,Project Manager,64405
3522,Sophia Anderson,AI Researcher,61600
3523,Bob Clark,UX Designer,85779
3524,Emma Lewis,AI Researcher,56390
3525,Charlie Anderson,Software Engineer,50675
3526,Charlie Lewis,Project Manager,80609
3527,Alice Walker,Project Manager,82667
3528,David Clark,Software Engineer,86944
3529,David Martinez,Network Engineer,89173
3530,Jane Martinez,Database Administrator,69334
3531,Michael Anderson,System Administrator,58813
3532,Michael Walker,Data Analyst,54877
3533,Emma Martinez,Network Engineer,63306
3534,David Brown,Product Manager,59898
3535,David Clark,Network Engineer,57208
3536,Alice Lewis,System Administrator,74468
3537,Jane Johnson,AI Researcher,59877
3538,Michael Clark,Project Manager,68418
3539,David Anderson,Network Engineer,70376
3540,Sophia Clark,Database Administrator,84113
3541,Sophia Lewis,Network Engineer,89003
3542,Jane Anderson,Software Engineer,75655
3543,David Walker,UX Designer,53411
3544,Jane Lewis,DevOps Engineer,94311
3545,Charlie Smith,Project Manager,99899
3546,Alice Martinez,Project Manager,55601
3547,Charlie Clark,Data Analyst,67229
3548,David Brown,UX Designer,51350
3549,Alice Johnson,Data Analyst,77485
3550,Alice Anderson,UX Designer,70037
3551,Charlie Smith,UX Designer,93888
3552,John Johnson,UX Designer,79995
3553,Bob Clark,System Administrator,68468
3554,Charlie Johnson,Project Manager,64298
3555,Michael Martinez,Project Manager,88723
3556,Olivia Martinez,Data Analyst,52958
3557,Michael Taylor,Product Manager,78296
3558,Bob Johnson,Network Engineer,50295
3559,Emma Johnson,UX Designer,60587
3560,Alice Lewis,Network Engineer,66189
3561,David Walker,AI Researcher,88203
3562,Emma Johnson,AI Researcher,52136
3563,Emma Lewis,Project Manager,52486
3564,Sophia Smith,Software Engineer,97429
3565,Bob Brown,AI Researcher,69201
3566,Sophia Lewis,DevOps Engineer,81225
3567,Emma Smith,System Administrator,92356
3568,Sophia Harris,UX Designer,74098
3569,Jane Taylor,AI Researcher,57958
3570,Alice Johnson,Project Manager,65593
3571,Sophia Brown,Data Analyst,86928
3572,Emma Johnson,Project Manager,80934
3573,Emma Smith,UX Designer,52187
3574,Alice Johnson,Product Manager,66046
3575,Michael Johnson,AI Researcher,66167
3576,Alice Martinez,Database Administrator,87479
3577,Charlie Johnson,UX Designer,62046
3578,Emma Smith,Database Administrator,54432
3579,Charlie Anderson,DevOps Engineer,55289
3580,Sophia Clark,AI Researcher,81092
3581,John Smith,AI Researcher,80395
3582,Michael Lewis,Database Administrator,63991
3583,David Martinez,Database Administrator,53388
3584,Bob Martinez,Database Administrator,86137
3585,Bob Walker,Software Engineer,98484
3586,Emma Clark,Software Engineer,94611
3587,Emma Martinez,DevOps Engineer,88119
3588,John Walker,UX Designer,50975
3589,Michael Johnson,Network Engineer,71258
3590,Michael Clark,DevOps Engineer,87022
3591,Charlie Martinez,System Administrator,69039
3592,Charlie Lewis,UX Designer,79348
3593,Olivia Taylor,Database Administrator,50107
3594,Michael Lewis,Data Analyst,57498
3595,Sophia Walker,Project Manager,80590
3596,Jane Martinez,Database Administrator,53436
3597,Bob Lewis,Network Engineer,91289
3598,Jane Martinez,Product Manager,55338
3599,Michael Brown,Database Administrator,61172
3600,Alice Clark,Data Analyst,78153
3601,Alice Clark,Project Manager,57310
3602,Sophia Taylor,System Administrator,85265
3603,Charlie Brown,Database Administrator,59843
3604,Olivia Martinez,Database Administrator,66569
3605,Emma Clark,UX Designer,54952
3606,Jane Taylor,Project Manager,50635
3607,Charlie Lewis,Database Administrator,90950
3608,David Martinez,AI Researcher,51295
3609,Sophia Walker,Product Manager,91752
3610,Jane Martinez,AI Researcher,57886
3611,Alice Smith,AI Researcher,57873
3612,John Lewis,Database Administrator,86489
3613,Olivia Brown,Database Administrator,54497
3614,David Johnson,System Administrator,50233
3615,Emma Taylor,Database Administrator,77242
3616,Emma Anderson,UX Designer,77019
3617,Sophia Lewis,DevOps Engineer,53788
3618,Charlie Harris,Project Manager,93104
3619,David Clark,Project Manager,67240
3620,Alice Brown,Network Engineer,73350
3621,Sophia Anderson,Project Manager,79475
3622,Sophia Martinez,Network Engineer,83369
3623,Sophia Lewis,Project Manager,63322
3624,David Harris,Product Manager,69202
3625,Emma Smith,Database Administrator,90672
3626,Charlie Brown,Network Engineer,77514
3627,David Johnson,Database Administrator,80222
3628,Jane Martinez,DevOps Engineer,56286
3629,Bob Harris,System Administrator,60210
3630,Emma Brown,Software Engineer,84659
3631,John Lewis,Software Engineer,98086
3632,Charlie Walker,Network Engineer,98171
3633,David Smith,Software Engineer,93079
3634,Olivia Anderson,Project Manager,52709
3635,Sophia Clark,Project Manager,73592
3636,David Anderson,System Administrator,88578
3637,Emma Johnson,Data Analyst,95166
3638,Charlie Taylor,Data Analyst,69715
3639,Alice Clark,System Administrator,92853
3640,Olivia Harris,Product Manager,68437
3641,David Walker,Data Analyst,72900
3642,Michael Walker,System Administrator,54648
3643,Sophia Taylor,Database Administrator,69850
3644,Michael Smith,DevOps Engineer,89645
3645,Sophia Walker,Software Engineer,65054
3646,Emma Anderson,AI Researcher,69547
3647,Charlie Taylor,Software Engineer,54318
3648,Olivia Lewis,Project Manager,59711
3649,Sophia Martinez,Project Manager,87960
3650,Olivia Clark,AI Researcher,63877
3651,Alice Smith,Software Engineer,73152
3652,David Clark,AI Researcher,74480
3653,Charlie Smith,Database Administrator,70344
3654,Olivia Taylor,AI Researcher,56901
3655,John Smith,DevOps Engineer,50071
3656,Emma Martinez,Product Manager,73655
3657,Emma Martinez,Product Manager,66600
3658,Charlie Brown,Product Manager,88075
3659,Sophia Taylor,Software Engineer,56120
3660,Charlie Walker,Project Manager,76889
3661,Michael Taylor,Network Engineer,84623
3662,David Lewis,Database Administrator,59294
3663,Bob Brown,UX Designer,72352
3664,Sophia Harris,AI Researcher,76492
3665,David Walker,DevOps Engineer,66398
3666,Bob Martinez,DevOps Engineer,91464
3667,John Smith,Project Manager,52737
3668,Jane Smith,Software Engineer,53180
3669,Emma Walker,Product Manager,62735
3670,Charlie Lewis,AI Researcher,88383
3671,Emma Martinez,DevOps Engineer,73897
3672,Charlie Johnson,Data Analyst,75266
3673,Bob Johnson,System Administrator,58336
3674,Alice Brown,Data Analyst,89130
3675,Charlie Smith,System Administrator,80027
3676,Alice Clark,Data Analyst,51763
3677,Bob Brown,Product Manager,98491
3678,David Anderson,DevOps Engineer,90931
3679,Emma Anderson,Product Manager,93914
3680,Olivia Harris,DevOps Engineer,60863
3681,Charlie Johnson,Data Analyst,82312
3682,Emma Lewis,Product Manager,81216
3683,David Johnson,AI Researcher,60013
3684,Bob Clark,Data Analyst,53893
3685,Michael Brown,System Administrator,96457
3686,John Brown,Data Analyst,84711
3687,Charlie Smith,Network Engineer,99145
3688,David Lewis,Network Engineer,95172
3689,Jane Taylor,UX Designer,56007
3690,Sophia Harris,System Administrator,55521
3691,Sophia Walker,System Administrator,61163
3692,Bob Harris,System Administrator,61722
3693,John Brown,DevOps Engineer,81694
3694,Bob Harris,UX Designer,60192
3695,Charlie Clark,Network Engineer,83659
3696,Alice Johnson,AI Researcher,80109
3697,Sophia Johnson,Software Engineer,71389
3698,Charlie Harris,Database Administrator,98573
3699,Jane Harris,Network Engineer,70331
3700,Charlie Lewis,UX Designer,94702
3701,Bob Walker,Database Administrator,85202
3702,John Clark,Project Manager,88084
3703,Bob Martinez,System Administrator,81430
3704,Charlie Smith,DevOps Engineer,92887
3705,Olivia Brown,Network Engineer,74768
3706,Michael Lewis,Project Manager,62310
3707,Charlie Brown,Product Manager,94654
3708,Emma Harris,System Administrator,55388
3709,John Clark,Project Manager,52193
3710,Sophia Anderson,Database Administrator,99645
3711,Alice Brown,Project Manager,71351
3712,Jane Clark,Product Manager,99648
3713,Charlie Taylor,DevOps Engineer,54295
3714,Emma Lewis,DevOps Engineer,96238
3715,Alice Clark,Product Manager,53265
3716,Sophia Johnson,Network Engineer,81501
3717,Emma Taylor,DevOps Engineer,53981
3718,Michael Johnson,Database Administrator,72861
3719,Charlie Brown,Database Administrator,85729
3720,Jane Anderson,Database Administrator,57429
3721,Alice Martinez,Database Administrator,66817
3722,Alice Johnson,Product Manager,87483
3723,John Harris,System Administrator,69869
3724,Olivia Johnson,Product Manager,98785
3725,Michael Anderson,UX Designer,91303
3726,Olivia Anderson,Software Engineer,87892
3727,John Martinez,Data Analyst,83316
3728,Michael Lewis,AI Researcher,79413
3729,John Brown,Software Engineer,81455
3730,Sophia Walker,Software Engineer,51234
3731,Bob Brown,Data Analyst,56308
3732,Charlie Smith,UX Designer,50822
3733,Jane Harris,UX Designer,76843
3734,Jane Walker,Database Administrator,51163
3735,Michael Lewis,AI Researcher,72325
3736,Emma Smith,Network Engineer,68688
3737,Jane Anderson,UX Designer,81161
3738,Bob Brown,DevOps Engineer,69783
3739,Charlie Anderson,UX Designer,80714
3740,John Martinez,AI Researcher,57554
3741,David Martinez,Project Manager,52204
3742,Charlie Walker,System Administrator,85260
3743,Jane Walker,AI Researcher,64276
3744,Alice Brown,Product Manager,59509
3745,Emma Walker,Project Manager,65894
3746,Bob Anderson,DevOps Engineer,74933
3747,Michael Smith,Project Manager,76642
3748,Michael Harris,Product Manager,54239
3749,Sophia Lewis,Database Administrator,87573
3750,Alice Martinez,UX Designer,63039
3751,David Taylor,Project Manager,52230
3752,Michael Anderson,Product Manager,84065
3753,Emma Anderson,Network Engineer,91660
3754,John Taylor,Data Analyst,76731
3755,Alice Anderson,Project Manager,99587
3756,Jane Martinez,System Administrator,55636
3757,Emma Harris,AI Researcher,97230
3758,Michael Johnson,UX Designer,72657
3759,Emma Johnson,UX Designer,79153
3760,Emma Clark,UX Designer,95540
3761,Sophia Brown,Database Administrator,98380
3762,Michael Johnson,Data Analyst,76250
3763,Michael Walker,DevOps Engineer,61692
3764,Charlie Johnson,AI Researcher,78527
3765,Bob Johnson,Data Analyst,65664
3766,Charlie Taylor,UX Designer,80312
3767,John Clark,Project Manager,74873
3768,Bob Taylor,Product Manager,92290
3769,John Lewis,Database Administrator,86434
3770,Alice Johnson,Software Engineer,54906
3771,Olivia Clark,Database Administrator,58021
3772,Bob Harris,Project Manager,68535
3773,Olivia Harris,Data Analyst,89521
3774,David Walker,Network Engineer,98303
3775,Olivia Harris,Project Manager,83154
3776,Charlie Johnson,System Administrator,70411
3777,Charlie Taylor,Product Manager,50615
3778,Bob Clark,Data Analyst,95523
3779,Charlie Clark,Software Engineer,82650
3780,Bob Clark,Network Engineer,65521
3781,Michael Anderson,Software Engineer,89464
3782,Bob Brown,Software Engineer,89200
3783,Charlie Johnson,DevOps Engineer,63173
3784,Sophia Martinez,AI Researcher,92518
3785,Charlie Martinez,Database Administrator,56965
3786,Sophia Clark,Software Engineer,52020
3787,Emma Harris,Data Analyst,56097
3788,Charlie Johnson,Database Administrator,58150
3789,Sophia Johnson,System Administrator,50661
3790,Olivia Martinez,UX Designer,68336
3791,Sophia Anderson,AI Researcher,93920
3792,Olivia Walker,UX Designer,57015
3793,David Harris,Data Analyst,79325
3794,John Brown,Database Administrator,65967
3795,Michael Smith,Network Engineer,61180
3796,Michael Harris,UX Designer,58440
3797,Jane Martinez,Software Engineer,61096
3798,Alice Lewis,Data Analyst,73810
3799,Sophia Clark,AI Researcher,62282
3800,Michael Smith,System Administrator,83591
3801,Sophia Lewis,Data Analyst,85757
3802,Olivia Anderson,DevOps Engineer,91047
3803,Emma Smith,UX Designer,89024
3804,Olivia Lewis,UX Designer,99191
3805,Jane Johnson,Project Manager,69191
3806,John Anderson,Project Manager,69701
3807,Olivia Johnson,System Administrator,94766
3808,Jane Lewis,AI Researcher,93384
3809,Bob Lewis,System Administrator,81198
3810,Bob Walker,Product Manager,86496
3811,Jane Smith,Database Administrator,66782
3812,Jane Taylor,DevOps Engineer,99081
3813,Michael Anderson,Software Engineer,57859
3814,John Martinez,Network Engineer,78411
3815,John Anderson,Project Manager,63601
3816,Charlie Brown,Project Manager,76283
3817,John Walker,Product Manager,59270
3818,Charlie Martinez,Product Manager,62642
3819,Charlie Martinez,Project Manager,82709
3820,Michael Smith,System Administrator,75057
3821,John Anderson,Project Manager,59983
3822,Sophia Clark,System Administrator,62503
3823,Alice Martinez,DevOps Engineer,82979
3824,Emma Taylor,Product Manager,78510
3825,Jane Anderson,AI Researcher,95224
3826,Bob Smith,Network Engineer,66327
3827,Michael Johnson,Project Manager,54551
3828,Sophia Anderson,Network Engineer,63089
3829,Charlie Anderson,AI Researcher,80995
3830,Bob Walker,Software Engineer,57775
3831,John Johnson,DevOps Engineer,83176
3832,Charlie Taylor,UX Designer,90116
3833,Olivia Taylor,Network Engineer,50348
3834,John Anderson,Product Manager,66129
3835,Emma Martinez,Product Manager,77891
3836,Charlie Martinez,System Administrator,71108
3837,John Martinez,Project Manager,65209
3838,Michael Walker,Software Engineer,95337
3839,Charlie Anderson,System Administrator,84106
3840,John Harris,Data Analyst,58565
3841,Michael Smith,DevOps Engineer,96597
3842,Emma Martinez,DevOps Engineer,64658
3843,David Brown,UX Designer,98000
3844,Sophia Taylor,Network Engineer,92617
3845,Emma Martinez,System Administrator,92540
3846,Olivia Smith,Software Engineer,54003
3847,Charlie Johnson,Database Administrator,96766
3848,Charlie Harris,Network Engineer,98751
3849,Bob Taylor,Software Engineer,55000
3850,Olivia Lewis,Network Engineer,66466
3851,Bob Anderson,Software Engineer,83754
3852,Bob Martinez,Software Engineer,59491
3853,John Lewis,UX Designer,89873
3854,Emma Brown,Data Analyst,83104
3855,John Lewis,UX Designer,61304
3856,Olivia Anderson,AI Researcher,58173
3857,Michael Smith,System Administrator,54284
3858,Michael Anderson,Product Manager,64917
3859,Bob Smith,Software Engineer,59956
3860,Jane Taylor,Network Engineer,83338
3861,Charlie Walker,UX Designer,78638
3862,Alice Johnson,AI Researcher,76514
3863,Olivia Harris,Product Manager,97886
3864,Charlie Walker,UX Designer,84360
3865,Bob Martinez,Data Analyst,73071
3866,Charlie Lewis,UX Designer,52080
3867,Alice Anderson,AI Researcher,75416
3868,Bob Clark,System Administrator,79056
3869,Sophia Martinez,AI Researcher,91716
3870,Jane Brown,DevOps Engineer,64786
3871,Jane Smith,Project Manager,59277
3872,Bob Martinez,System Administrator,62559
3873,John Clark,Network Engineer,60391
3874,Sophia Martinez,Software Engineer,78986
3875,Alice Harris,System Administrator,64341
3876,Emma Harris,Database Administrator,68849
3877,Jane Brown,Software Engineer,93951
3878,Sophia Brown,Product Manager,95718
3879,Michael Harris,DevOps Engineer,81129
3880,Sophia Smith,System Administrator,53360
3881,Jane Anderson,Project Manager,74679
3882,Jane Harris,AI Researcher,90089
3883,Olivia Martinez,System Administrator,58587
3884,John Johnson,DevOps Engineer,83539
3885,Bob Harris,Database Administrator,53405
3886,Emma Johnson,Data Analyst,73708
3887,Bob Smith,System Administrator,71179
3888,John Lewis,AI Researcher,74990
3889,Olivia Clark,Product Manager,85979
3890,Sophia Johnson,Product Manager,97609
3891,Emma Anderson,Network Engineer,87417
3892,David Smith,Network Engineer,78041
3893,Charlie Harris,AI Researcher,73217
3894,Jane Martinez,AI Researcher,56160
3895,Sophia Johnson,UX Designer,74054
3896,Sophia Smith,Database Administrator,51838
3897,Alice Taylor,Network Engineer,54731
3898,Bob Martinez,Data Analyst,89379
3899,David Anderson,UX Designer,78113
3900,Charlie Johnson,Software Engineer,73226
3901,Emma Johnson,DevOps Engineer,67192
3902,Alice Walker,DevOps Engineer,80768
3903,Michael Lewis,System Administrator,87794
3904,Charlie Walker,Product Manager,78570
3905,Bob Harris,Project Manager,56373
3906,Michael Harris,UX Designer,83562
3907,Sophia Johnson,Database Administrator,99911
3908,Jane Johnson,Software Engineer,67752
3909,Alice Lewis,Database Administrator,99507
3910,Michael Clark,UX Designer,77746
3911,Alice Martinez,Project Manager,78061
3912,Emma Taylor,AI Researcher,88841
3913,Sophia Clark,System Administrator,84818
3914,Charlie Anderson,Project Manager,63379
3915,Olivia Walker,Product Manager,62281
3916,Bob Martinez,Project Manager,85587
3917,Michael Taylor,Data Analyst,96045
3918,Charlie Anderson,Network Engineer,75748
3919,Jane Taylor,Data Analyst,99893
3920,Alice Johnson,System Administrator,86125
3921,Jane Brown,Software Engineer,92445
3922,Jane Lewis,Product Manager,86610
3923,Jane Walker,AI Researcher,97222
3924,Sophia Walker,AI Researcher,78387
3925,Emma Anderson,DevOps Engineer,73339
3926,Bob Lewis,UX Designer,79929
3927,Michael Clark,DevOps Engineer,98527
3928,Alice Clark,Product Manager,75637
3929,Michael Clark,Network Engineer,56672
3930,Olivia Brown,Product Manager,69297
3931,John Lewis,Data Analyst,83113
3932,Bob Clark,System Administrator,93785
3933,Sophia Smith,Database Administrator,63557
3934,Bob Walker,UX Designer,52993
3935,Charlie Clark,Product Manager,58467
3936,John Martinez,Product Manager,59556
3937,Emma Anderson,Database Administrator,78352
3938,Olivia Johnson,Software Engineer,72129
3939,Alice Clark,Project Manager,83982
3940,Jane Smith,DevOps Engineer,90416
3941,Charlie Brown,AI Researcher,51282
3942,Jane Harris,Database Administrator,93987
3943,Jane Taylor,Product Manager,59532
3944,Bob Harris,AI Researcher,87964
3945,Emma Taylor,Project Manager,80017
3946,Alice Smith,Product Manager,57530
3947,Sophia Lewis,AI Researcher,58222
3948,Michael Brown,DevOps Engineer,89766
3949,Sophia Martinez,Product Manager,69139
3950,Sophia Brown,Software Engineer,72373
3951,Bob Brown,Product Manager,97435
3952,Jane Brown,DevOps Engineer,92869
3953,Sophia Harris,Project Manager,51079
3954,John Anderson,Software Engineer,87813
3955,Alice Johnson,Database Administrator,89723
3956,Emma Clark,Project Manager,68949
3957,Sophia Martinez,UX Designer,76123
3958,Olivia Walker,Product Manager,94762
3959,David Taylor,System Administrator,50850
3960,Michael Harris,AI Researcher,90748
3961,Jane Smith,System Administrator,61475
3962,Jane Anderson,Data Analyst,96357
3963,John Martinez,Product Manager,90759
3964,Jane Lewis,Project Manager,90315
3965,David Brown,UX Designer,92468
3966,Bob Martinez,Network Engineer,89711
3967,David Harris,System Administrator,73516
3968,John Harris,Network Engineer,89077
3969,Bob Lewis,DevOps Engineer,57139
3970,Bob Johnson,System Administrator,53340
3971,Olivia Johnson,Database Administrator,77288
3972,Olivia Taylor,DevOps Engineer,59182
3973,John Taylor,Product Manager,54414
3974,Bob Walker,AI Researcher,96086
3975,Bob Lewis,Database Administrator,75815
3976,Jane Anderson,Network Engineer,64886
3977,Bob Walker,Software Engineer,54161
3978,Alice Harris,Software Engineer,73100
3979,Michael Walker,UX Designer,63710
3980,John Harris,Data Analyst,62596
3981,Sophia Harris,Database Administrator,97625
3982,Charlie Walker,Database Administrator,85793
3983,Bob Smith,Network Engineer,81396
3984,Sophia Clark,Data Analyst,91486
3985,Alice Johnson,Product Manager,56643
3986,Olivia Brown,Database Administrator,97438
3987,Charlie Johnson,Product Manager,69536
3988,Emma Johnson,AI Researcher,51325
3989,Sophia Anderson,UX Designer,56994
3990,Alice Brown,AI Researcher,80771
3991,Emma Brown,Database Administrator,93070
3992,John Harris,Data Analyst,93027
3993,Charlie Lewis,Product Manager,56949
3994,Alice Brown,Software Engineer,89167
3995,Emma Brown,Data Analyst,87404
3996,Emma Smith,AI Researcher,87765
3997,Alice Anderson,UX Designer,95109
3998,Emma Lewis,Project Manager,91553
3999,Emma Smith,System Administrator,60451
4000,Olivia Johnson,AI Researcher,65840
4001,David Anderson,Database Administrator,56162
4002,Olivia Clark,Product Manager,73697
4003,Bob Taylor,UX Designer,52520
4004,John Taylor,System Administrator,64995
4005,David Smith,System Administrator,94792
4006,David Taylor,AI Researcher,53583
4007,Emma Walker,Software Engineer,51077
4008,John Smith,System Administrator,62497
4009,Emma Harris,Data Analyst,58813
4010,Michael Walker,Data Analyst,68761
4011,Charlie Harris,Product Manager,95554
4012,Charlie Martinez,Data Analyst,69644
4013,David Johnson,Project Manager,79115
4014,Michael Harris,Network Engineer,87425
4015,David Anderson,AI Researcher,89561
4016,Sophia Lewis,AI Researcher,98459
4017,Bob Taylor,Database Administrator,64547
4018,Bob Anderson,Data Analyst,71481
4019,Jane Lewis,AI Researcher,85334
4020,David Lewis,Network Engineer,56593
4021,Bob Martinez,Network Engineer,52485
4022,Sophia Clark,Database Administrator,85789
4023,Michael Clark,System Administrator,56025
4024,Emma Clark,Software Engineer,93535
4025,Bob Harris,Network Engineer,87539
4026,Bob Johnson,DevOps Engineer,87074
4027,David Brown,System Administrator,53810
4028,Michael Brown,AI Researcher,74497
4029,Charlie Walker,Project Manager,87797
4030,Charlie Taylor,UX Designer,61681
4031,Jane Harris,Project Manager,76981
4032,Jane Harris,Product Manager,85941
4033,John Harris,Product Manager,92643
4034,John Harris,DevOps Engineer,70700
4035,Bob Lewis,Software Engineer,55033
4036,Jane Lewis,Product Manager,83350
4037,John Walker,AI Researcher,93961
4038,John Johnson,Product Manager,57068
4039,Jane Harris,DevOps Engineer,54581
4040,Sophia Clark,UX Designer,90468
4041,Alice Clark,UX Designer,67416
4042,Michael Johnson,Software Engineer,95848
4043,Emma Anderson,AI Researcher,91267
4044,Olivia Lewis,Data Analyst,63555
4045,Alice Brown,AI Researcher,60900
4046,Charlie Anderson,Software Engineer,63839
4047,Charlie Smith,DevOps Engineer,53408
4048,Michael Anderson,System Administrator,88539
4049,Emma Clark,System Administrator,82956
4050,Bob Johnson,AI Researcher,91662
4051,Bob Clark,Data Analyst,75443
4052,Alice Smith,Project Manager,86852
4053,Michael Johnson,Project Manager,72127
4054,Sophia Clark,Database Administrator,57615
4055,Emma Clark,Network Engineer,57049
4056,Charlie Harris,Project Manager,62388
4057,John Harris,Product Manager,56909
4058,David Lewis,UX Designer,75412
4059,John Brown,UX Designer,64245
4060,Alice Anderson,Data Analyst,90334
4061,Alice Smith,Software Engineer,79673
4062,Charlie Johnson,System Administrator,90341
4063,Michael Clark,DevOps Engineer,50804
4064,Sophia Lewis,System Administrator,55320
4065,Bob Johnson,DevOps Engineer,79711
4066,Sophia Lewis,Database Administrator,51599
4067,John Taylor,Software Engineer,58927
4068,Jane Harris,DevOps Engineer,71637
4069,Emma Harris,System Administrator,98916
4070,Bob Brown,DevOps Engineer,59711
4071,David Smith,DevOps Engineer,64878
4072,John Anderson,UX Designer,81894
4073,Olivia Taylor,UX Designer,92989
4074,Jane Anderson,Product Manager,58502
4075,Charlie Walker,Network Engineer,54665
4076,Charlie Anderson,Database Administrator,62813
4077,John Johnson,Data Analyst,85548
4078,David Harris,Project Manager,64110
4079,Bob Clark,Software Engineer,56506
4080,Bob Harris,Software Engineer,51390
4081,Bob Walker,Database Administrator,84682
4082,Bob Clark,AI Researcher,53469
4083,Jane Martinez,AI Researcher,98342
4084,Bob Smith,Data Analyst,59069
4085,Olivia Clark,Network Engineer,94051
4086,Alice Johnson,Network Engineer,75063
4087,Olivia Johnson,Project Manager,67663
4088,Jane Clark,Software Engineer,66804
4089,Alice Johnson,Network Engineer,73551
4090,David Lewis,Project Manager,58444
4091,Charlie Taylor,Project Manager,63474
4092,Emma Brown,Project Manager,83203
4093,David Taylor,Network Engineer,99704
4094,Emma Clark,UX Designer,87095
4095,Alice Taylor,Software Engineer,53107
4096,Jane Martinez,AI Researcher,99906
4097,John Taylor,DevOps Engineer,69690
4098,Bob Smith,Data Analyst,81436
4099,John Walker,Product Manager,77758
4100,Sophia Lewis,UX Designer,69990
4101,Sophia Lewis,Data Analyst,81197
4102,Alice Harris,Software Engineer,61826
4103,Olivia Martinez,Software Engineer,78209
4104,Michael Lewis,Software Engineer,90649
4105,John Taylor,UX Designer,90715
4106,Bob Walker,Product Manager,88923
4107,Sophia Brown,Network Engineer,92166
4108,Michael Harris,Software Engineer,76977
4109,Emma Johnson,DevOps Engineer,71395
4110,Charlie Brown,Network Engineer,65760
4111,Sophia Taylor,Product Manager,52210
4112,Sophia Martinez,System Administrator,70340
4113,Bob Clark,Database Administrator,52784
4114,Charlie Martinez,Product Manager,72811
4115,Michael Martinez,Data Analyst,56159
4116,Michael Anderson,Data Analyst,65232
4117,Alice Anderson,Data Analyst,51282
4118,Michael Brown,UX Designer,52302
4119,Jane Harris,Software Engineer,81275
4120,Alice Clark,Software Engineer,90544
4121,John Martinez,System Administrator,96378
4122,Emma Harris,Product Manager,90415
4123,John Brown,System Administrator,93761
4124,Charlie Taylor,Database Administrator,56485
4125,Michael Walker,Project Manager,77170
4126,Alice Anderson,UX Designer,52583
4127,Olivia Johnson,Product Manager,51163
4128,Alice Harris,DevOps Engineer,72256
4129,John Brown,UX Designer,68297
4130,Jane Anderson,UX Designer,80392
4131,Bob Anderson,Network Engineer,85725
4132,Charlie Johnson,DevOps Engineer,54432
4133,Jane Clark,Project Manager,78991
4134,Emma Anderson,DevOps Engineer,80308
4135,Alice Harris,Project Manager,66896
4136,Olivia Smith,Database Administrator,60822
4137,Michael Lewis,AI Researcher,87257
4138,Jane Smith,AI Researcher,98208
4139,Jane Taylor,AI Researcher,93279
4140,John Anderson,DevOps Engineer,76137
4141,Michael Johnson,Project Manager,98846
4142,John Clark,Product Manager,57005
4143,David Taylor,Project Manager,81359
4144,Olivia Brown,AI Researcher,69720
4145,Bob Brown,Software Engineer,76167
4146,Charlie Anderson,Data Analyst,55454
4147,Bob Walker,System Administrator,65869
4148,Emma Johnson,Database Administrator,88290
4149,John Lewis,Software Engineer,62240
4150,John Walker,Data Analyst,60615
4151,Sophia Johnson,Software Engineer,90175
4152,John Lewis,Software Engineer,59164
4153,David Johnson,Data Analyst,55912
4154,David Smith,Product Manager,98489
4155,Bob Brown,System Administrator,81166
4156,Bob Taylor,Data Analyst,88462
4157,Charlie Anderson,UX Designer,74474
4158,Sophia Lewis,AI Researcher,51463
4159,Olivia Martinez,System Administrator,81824
4160,Bob Harris,Data Analyst,89614
4161,Olivia Johnson,Software Engineer,61643
4162,Emma Johnson,Network Engineer,80436
4163,Emma Anderson,Software Engineer,72575
4164,Olivia Lewis,Data Analyst,87724
4165,Jane Martinez,Product Manager,90424
4166,David Anderson,AI Researcher,55280
4167,Olivia Taylor,Database Administrator,56345
4168,John Martinez,Project Manager,70577
4169,Michael Walker,Network Engineer,96134
4170,Sophia Brown,Database Administrator,88806
4171,Jane Clark,Project Manager,94812
4172,Jane Lewis,Software Engineer,97552
4173,Olivia Brown,Network Engineer,55971
4174,Emma Clark,Data Analyst,89904
4175,John Smith,Network Engineer,89969
4176,Olivia Lewis,UX Designer,62215
4177,Alice Taylor,Software Engineer,61468
4178,John Johnson,UX Designer,72280
4179,Alice Johnson,Software Engineer,64186
4180,Sophia Anderson,Database Administrator,71598
4181,Bob Harris,Project Manager,85633
4182,Michael Johnson,Data Analyst,60633
4183,David Taylor,Database Administrator,75329
4184,Charlie Clark,Data Analyst,96668
4185,John Johnson,Database Administrator,77800
4186,Jane Anderson,DevOps Engineer,95208
4187,Emma Brown,Database Administrator,56738
4188,Jane Smith,Software Engineer,66863
4189,Alice Walker,Product Manager,99031
4190,Sophia Walker,Software Engineer,74859
4191,Olivia Brown,Database Administrator,82022
4192,Bob Lewis,Product Manager,81250
4193,John Taylor,Software Engineer,56024
4194,David Lewis,System Administrator,54070
4195,Jane Smith,AI Researcher,55491
4196,John Lewis,AI Researcher,63212
4197,Michael Walker,Project Manager,87758
4198,John Walker,System Administrator,97448
4199,David Clark,DevOps Engineer,61340
4200,Jane Anderson,Network Engineer,64385
4201,Michael Johnson,AI Researcher,59830
4202,John Martinez,Product Manager,77461
4203,Olivia Harris,UX Designer,70659
4204,Bob Martinez,Project Manager,93006
4205,John Martinez,Data Analyst,59703
4206,Bob Walker,System Administrator,77706
4207,Bob Taylor,System Administrator,65536
4208,Olivia Johnson,Project Manager,55517
4209,Sophia Johnson,Product Manager,56566
4210,Charlie Johnson,Product Manager,78726
4211,Jane Smith,Project Manager,65966
4212,Michael Brown,Database Administrator,94177
4213,Michael Brown,DevOps Engineer,78854
4214,Alice Lewis,Product Manager,55490
4215,Charlie Walker,UX Designer,98486
4216,Bob Brown,DevOps Engineer,67038
4217,Alice Smith,Software Engineer,94691
4218,Sophia Clark,Data Analyst,60731
4219,Charlie Johnson,Product Manager,89320
4220,Alice Johnson,Software Engineer,89708
4221,John Smith,Software Engineer,67461
4222,David Brown,AI Researcher,72603
4223,Olivia Johnson,System Administrator,62267
4224,John Lewis,Product Manager,85806
4225,Olivia Martinez,Project Manager,64223
4226,Olivia Brown,Database Administrator,70980
4227,Michael Lewis,Project Manager,89801
4228,Olivia Harris,UX Designer,77768
4229,Olivia Harris,Network Engineer,75792
4230,John Johnson,UX Designer,85436
4231,Sophia Anderson,Software Engineer,75836
4232,Olivia Anderson,Data Analyst,56184
4233,Charlie Walker,System Administrator,70990
4234,David Lewis,Database Administrator,79758
4235,Alice Walker,Data Analyst,58804
4236,Emma Smith,UX Designer,76146
4237,Michael Taylor,Product Manager,70031
4238,Alice Anderson,Network Engineer,77094
4239,David Lewis,Network Engineer,86132
4240,Michael Johnson,System Administrator,99663
4241,David Anderson,Product Manager,99674
4242,Sophia Martinez,AI Researcher,90034
4243,Bob Lewis,AI Researcher,53999
4244,Sophia Martinez,Product Manager,58744
4245,Olivia Martinez,Software Engineer,65679
4246,Bob Anderson,Database Administrator,91668
4247,Emma Harris,System Administrator,95465
4248,Charlie Anderson,Software Engineer,58798
4249,Bob Brown,Data Analyst,69743
4250,David Anderson,AI Researcher,68084
4251,Alice Brown,Database Administrator,56733
4252,David Smith,Product Manager,59161
4253,Alice Taylor,Database Administrator,95399
4254,Sophia Anderson,Data Analyst,97091
4255,Charlie Clark,Software Engineer,68539
4256,Emma Anderson,UX Designer,98650
4257,Bob Martinez,System Administrator,82503
4258,Sophia Walker,Database Administrator,54677
4259,Emma Harris,DevOps Engineer,93659
4260,Bob Clark,Project Manager,94246
4261,David Walker,System Administrator,59554
4262,Charlie Johnson,Database Administrator,85243
4263,Michael Walker,Data Analyst,77866
4264,Michael Brown,Product Manager,80217
4265,David Harris,Data Analyst,95913
4266,David Martinez,System Administrator,76075
4267,Michael Walker,Product Manager,97614
4268,Olivia Brown,Network Engineer,60539
4269,Bob Walker,Software Engineer,89101
4270,Charlie Taylor,UX Designer,69234
4271,Sophia Martinez,Project Manager,56696
4272,Emma Martinez,AI Researcher,87881
4273,David Lewis,Data Analyst,77730
4274,Bob Taylor,DevOps Engineer,82096
4275,Alice Walker,DevOps Engineer,61811
4276,Sophia Harris,Project Manager,70472
4277,Olivia Johnson,DevOps Engineer,94664
4278,Charlie Anderson,UX Designer,65641
4279,David Taylor,AI Researcher,90353
4280,Charlie Johnson,UX Designer,91653
4281,Jane Anderson,Database Administrator,95723
4282,Sophia Smith,Database Administrator,99105
4283,Olivia Brown,System Administrator,82086
4284,Michael Lewis,UX Designer,91675
4285,Jane Martinez,Software Engineer,74477
4286,Alice Brown,Product Manager,72723
4287,John Martinez,UX Designer,68587
4288,Charlie Clark,Software Engineer,59915
4289,Alice Walker,DevOps Engineer,99007
4290,Emma Walker,Project Manager,83346
4291,Emma Clark,AI Researcher,90157
4292,Sophia Brown,Data Analyst,70223
4293,David Johnson,AI Researcher,71303
4294,Michael Taylor,Software Engineer,94085
4295,Bob Brown,UX Designer,50724
4296,Sophia Walker,DevOps Engineer,84885
4297,David Johnson,Product Manager,86450
4298,Emma Walker,AI Researcher,93822
4299,Charlie Walker,System Administrator,56333
4300,John Harris,DevOps Engineer,88407
4301,Emma Anderson,Software Engineer,78911
4302,Charlie Smith,UX Designer,82725
4303,Emma Clark,DevOps Engineer,58136
4304,Bob Johnson,AI Researcher,59747
4305,Charlie Lewis,System Administrator,62702
4306,Olivia Taylor,Project Manager,94604
4307,Michael Smith,Product Manager,54155
4308,Michael Martinez,Data Analyst,93630
4309,Alice Brown,UX Designer,53342
4310,Emma Clark,Database Administrator,58429
4311,Charlie Smith,DevOps Engineer,94608
4312,Charlie Brown,Network Engineer,67331
4313,Jane Brown,AI Researcher,53392
4314,Michael Smith,Database Administrator,85989
4315,John Harris,Database Administrator,79367
4316,Jane Martinez,Project Manager,65331
4317,Olivia Harris,AI Researcher,77233
4318,John Harris,Project Manager,93254
4319,Alice Lewis,Project Manager,75429
4320,Charlie Clark,Data Analyst,70453
4321,David Brown,Project Manager,61450
4322,Olivia Clark,UX Designer,52295
4323,Bob Taylor,Network Engineer,78511
4324,Alice Johnson,System Administrator,68146
4325,Sophia Walker,AI Researcher,97522
4326,Emma Smith,Project Manager,81942
4327,Bob Smith,UX Designer,75077
4328,Bob Brown,Software Engineer,64987
4329,Emma Clark,DevOps Engineer,53503
4330,Jane Harris,UX Designer,60594
4331,Jane Taylor,Network Engineer,99289
4332,Bob Taylor,System Administrator,74482
4333,Bob Walker,UX Designer,56909
4334,Bob Lewis,AI Researcher,78137
4335,Michael Anderson,AI Researcher,61526
4336,Michael Taylor,Project Manager,70624
4337,Michael Anderson,System Administrator,88583
4338,John Anderson,Product Manager,72593
4339,Emma Lewis,Project Manager,94713
4340,Jane Walker,DevOps Engineer,98930
4341,Bob Clark,DevOps Engineer,80121
4342,Sophia Brown,Project Manager,99237
4343,Jane Martinez,System Administrator,84049
4344,Bob Walker,Data Analyst,72743
4345,Jane Taylor,Data Analyst,88515
4346,Emma Martinez,Project Manager,55142
4347,Alice Clark,Product Manager,65334
4348,Olivia Smith,DevOps Engineer,85798
4349,Michael Smith,System Administrator,59699
4350,Charlie Smith,Product Manager,97037
4351,Jane Martinez,Network Engineer,62742
4352,Alice Lewis,System Administrator,83373
4353,Alice Harris,Project Manager,82027
4354,Jane Taylor,Data Analyst,96900
4355,Sophia Lewis,Data Analyst,98267
4356,Michael Brown,UX Designer,58483
4357,Olivia Brown,Network Engineer,68711
4358,Jane Anderson,AI Researcher,76106
4359,Sophia Brown,Project Manager,72249
4360,Jane Smith,System Administrator,74177
4361,Bob Martinez,UX Designer,88222
4362,Alice Walker,Data Analyst,82918
4363,Alice Harris,Project Manager,53578
4364,Sophia Anderson,Software Engineer,56853
4365,David Martinez,Network Engineer,67189
4366,John Walker,Data Analyst,95368
4367,Bob Lewis,DevOps Engineer,90001
4368,Charlie Lewis,UX Designer,89011
4369,Bob Harris,UX Designer,59785
4370,Sophia Anderson,System Administrator,91692
4371,Jane Anderson,System Administrator,82389
4372,Michael Clark,Project Manager,70179
4373,Emma Brown,DevOps Engineer,78475
4374,David Lewis,Database Administrator,55805
4375,Emma Taylor,AI Researcher,94458
4376,Charlie Walker,Database Administrator,71519
4377,David Martinez,Network Engineer,57449
4378,Sophia Smith,Network Engineer,96623
4379,Alice Anderson,System Administrator,83025
4380,Charlie Taylor,Network Engineer,65070
4381,David Smith,Database Administrator,53504
4382,Michael Taylor,Network Engineer,99272
4383,Alice Walker,Database Administrator,53467
4384,Sophia Walker,Project Manager,85100
4385,Alice Clark,System Administrator,89993
4386,Alice Walker,Data Analyst,95751
4387,Bob Walker,Database Administrator,69088
4388,Bob Smith,Project Manager,92663
4389,Emma Taylor,Database Administrator,64298
4390,Sophia Taylor,Product Manager,99230
4391,Sophia Taylor,System Administrator,87026
4392,Olivia Smith,Project Manager,57198
4393,Jane Lewis,DevOps Engineer,76197
4394,Alice Harris,Product Manager,65693
4395,Olivia Smith,AI Researcher,89573
4396,Bob Anderson,Data Analyst,53608
4397,Sophia Johnson,System Administrator,63288
4398,Alice Anderson,UX Designer,54482
4399,Alice Anderson,Project Manager,51553
4400,Charlie Martinez,Database Administrator,75286
4401,Charlie Martinez,Network Engineer,59539
4402,Emma Clark,Database Administrator,86864
4403,Michael Clark,DevOps Engineer,50408
4404,John Smith,Software Engineer,55120
4405,Michael Clark,DevOps Engineer,66048
4406,Olivia Brown,System Administrator,88756
4407,Emma Clark,DevOps Engineer,92772
4408,John Brown,System Administrator,60657
4409,John Clark,Project Manager,66946
4410,John Harris,DevOps Engineer,89388
4411,Bob Anderson,Database Administrator,69445
4412,Alice Harris,Data Analyst,78119
4413,Bob Harris,Software Engineer,77768
4414,Sophia Harris,Product Manager,63753
4415,Jane Harris,Project Manager,94501
4416,Alice Johnson,UX Designer,99707
4417,Alice Harris,Database Administrator,64474
4418,Charlie Smith,UX Designer,90101
4419,Olivia Anderson,Data Analyst,99160
4420,Emma Johnson,Software Engineer,84130
4421,Sophia Clark,DevOps Engineer,71019
4422,Alice Smith,Data Analyst,79466
4423,David Clark,System Administrator,58848
4424,Michael Brown,DevOps Engineer,53042
4425,David Walker,Data Analyst,87259
4426,Emma Lewis,System Administrator,87448
4427,Bob Brown,Project Manager,75811
4428,Emma Smith,Database Administrator,69486
4429,Michael Lewis,Project Manager,88683
4430,John Clark,Product Manager,77466
4431,Alice Harris,Database Administrator,91633
4432,David Taylor,UX Designer,66262
4433,Emma Smith,Network Engineer,95489
4434,John Harris,AI Researcher,77662
4435,John Harris,System Administrator,71214
4436,John Brown,Software Engineer,77883
4437,Sophia Taylor,UX Designer,60950
4438,Sophia Walker,AI Researcher,73340
4439,Jane Anderson,System Administrator,81985
4440,Michael Martinez,DevOps Engineer,64374
4441,Olivia Walker,DevOps Engineer,91842
4442,Charlie Harris,UX Designer,52142
4443,Michael Lewis,Data Analyst,86065
4444,Michael Lewis,Product Manager,91635
4445,Sophia Johnson,Software Engineer,93997
4446,Olivia Anderson,Data Analyst,85116
4447,Jane Harris,Network Engineer,80191
4448,Emma Clark,Network Engineer,60676
4449,Bob Lewis,Network Engineer,92860
4450,Michael Walker,System Administrator,71911
4451,Alice Martinez,Project Manager,58681
4452,Emma Martinez,System Administrator,81285
4453,David Martinez,DevOps Engineer,82027
4454,Sophia Taylor,DevOps Engineer,62925
4455,Charlie Johnson,UX Designer,86011
4456,Emma Smith,Project Manager,95787
4457,Sophia Johnson,DevOps Engineer,71080
4458,David Johnson,AI Researcher,66277
4459,Michael Anderson,AI Researcher,87396
4460,Jane Taylor,Project Manager,74618
4461,John Brown,Software Engineer,75884
4462,Bob Anderson,Software Engineer,61166
4463,Emma Harris,AI Researcher,57338
4464,Michael Taylor,Project Manager,76024
4465,Emma Harris,Project Manager,58089
4466,Jane Smith,Data Analyst,78371
4467,Emma Smith,System Administrator,86962
4468,Bob Harris,System Administrator,61926
4469,Alice Anderson,Software Engineer,71549
4470,Bob Lewis,Project Manager,50286
4471,John Walker,Project Manager,78143
4472,Bob Smith,Product Manager,97747
4473,Bob Brown,System Administrator,70661
4474,Charlie Johnson,DevOps Engineer,68587
4475,Charlie Johnson,Network Engineer,73720
4476,Emma Martinez,Project Manager,70678
4477,Michael Taylor,Network Engineer,83085
4478,Bob Harris,Software Engineer,54781
4479,Emma Harris,Software Engineer,60740
4480,Jane Taylor,Product Manager,52438
4481,David Harris,System Administrator,60597
4482,Jane Martinez,DevOps Engineer,99801
4483,David Taylor,UX Designer,51067
4484,Charlie Martinez,DevOps Engineer,92735
4485,David Anderson,System Administrator,61080
4486,David Lewis,DevOps Engineer,55217
4487,Sophia Walker,Software Engineer,56157
4488,Michael Clark,Network Engineer,71246
4489,John Johnson,Project Manager,87661
4490,David Lewis,AI Researcher,73496
4491,Bob Walker,AI Researcher,82994
4492,Jane Anderson,System Administrator,70481
4493,Charlie Johnson,UX Designer,88542
4494,John Smith,UX Designer,52540
4495,Charlie Clark,AI Researcher,93022
4496,David Anderson,System Administrator,80483
4497,Jane Clark,Product Manager,88307
4498,Emma Harris,Product Manager,54652
4499,John Smith,Product Manager,73722
4500,Olivia Harris,Database Administrator,51793
4501,Charlie Taylor,Software Engineer,60671
4502,Alice Brown,AI Researcher,73143
4503,Bob Walker,DevOps Engineer,81536
4504,John Smith,Project Manager,97766
4505,Bob Anderson,DevOps Engineer,54709
4506,Bob Smith,Data Analyst,66161
4507,Alice Anderson,Database Administrator,61005
4508,Sophia Martinez,Software Engineer,66726
4509,Sophia Walker,Product Manager,66508
4510,Sophia Johnson,Project Manager,95509
4511,Sophia Lewis,DevOps Engineer,59896
4512,Alice Anderson,System Administrator,76318
4513,Sophia Smith,Database Administrator,56091
4514,Charlie Lewis,UX Designer,96391
4515,Bob Clark,AI Researcher,99240
4516,David Harris,UX Designer,93942
4517,Michael Martinez,Project Manager,73049
4518,Jane Anderson,UX Designer,59491
4519,Bob Brown,Database Administrator,60479
4520,Emma Brown,Product Manager,92220
4521,Alice Anderson,Network Engineer,71535
4522,Jane Taylor,Software Engineer,73981
4523,Michael Taylor,Network Engineer,72530
4524,David Anderson,Project Manager,59338
4525,Charlie Lewis,UX Designer,64731
4526,Michael Taylor,Product Manager,96006
4527,John Clark,UX Designer,74276
4528,John Anderson,Data Analyst,86819
4529,Michael Clark,Database Administrator,95309
4530,Olivia Taylor,Product Manager,80197
4531,Sophia Brown,Database Administrator,53369
4532,Sophia Clark,AI Researcher,76748
4533,Michael Smith,DevOps Engineer,76099
4534,Bob Brown,Data Analyst,83531
4535,Olivia Martinez,Data Analyst,68804
4536,John Martinez,Network Engineer,86975
4537,Alice Lewis,AI Researcher,53673
4538,Emma Harris,Database Administrator,91293
4539,Olivia Lewis,Data Analyst,81973
4540,Bob Walker,UX Designer,92920
4541,Jane Lewis,UX Designer,79818
4542,Emma Harris,Network Engineer,75032
4543,Olivia Smith,Data Analyst,74051
4544,Olivia Harris,DevOps Engineer,57186
4545,Olivia Anderson,Database Administrator,69801
4546,Sophia Clark,UX Designer,99149
4547,Jane Smith,Network Engineer,54026
4548,Charlie Clark,Software Engineer,96662
4549,Olivia Smith,AI Researcher,79502
4550,Jane Martinez,Software Engineer,79598
4551,Alice Harris,UX Designer,96310
4552,Sophia Harris,System Administrator,58636
4553,Emma Taylor,Data Analyst,80866
4554,Bob Martinez,Database Administrator,58424
4555,Michael Martinez,UX Designer,84883
4556,Alice Anderson,Project Manager,69492
4557,Jane Clark,Database Administrator,99760
4558,John Martinez,Project Manager,80782
4559,Sophia Brown,System Administrator,68642
4560,Alice Harris,Data Analyst,71525
4561,Charlie Walker,Software Engineer,52068
4562,David Smith,System Administrator,74766
4563,David Lewis,Data Analyst,85686
4564,David Smith,DevOps Engineer,63230
4565,Emma Harris,System Administrator,86864
4566,Sophia Walker,AI Researcher,71285
4567,Jane Smith,Network Engineer,54826
4568,Michael Clark,UX Designer,95224
4569,David Harris,Database Administrator,75417
4570,Emma Lewis,Network Engineer,78845
4571,Alice Martinez,UX Designer,62432
4572,Bob Walker,Project Manager,74906
4573,Bob Walker,Network Engineer,81047
4574,John Anderson,Data Analyst,96420
4575,Jane Walker,UX Designer,95739
4576,David Anderson,Project Manager,72203
4577,Michael Martinez,DevOps Engineer,61933
4578,John Lewis,DevOps Engineer,72843
4579,Alice Brown,AI Researcher,99061
4580,Michael Clark,Network Engineer,64902
4581,David Martinez,UX Designer,78508
4582,Michael Anderson,Database Administrator,61620
4583,Charlie Smith,UX Designer,87125
4584,Jane Smith,Data Analyst,95603
4585,Jane Taylor,DevOps Engineer,74439
4586,Michael Lewis,System Administrator,68571
4587,Sophia Walker,System Administrator,76287
4588,Michael Taylor,UX Designer,74725
4589,Alice Lewis,Network Engineer,58054
4590,Olivia Clark,Product Manager,78943
4591,Michael Clark,Network Engineer,56798
4592,Jane Anderson,DevOps Engineer,74267
4593,Alice Martinez,Product Manager,66555
4594,Emma Martinez,Product Manager,92243
4595,Olivia Taylor,Data Analyst,70953
4596,John Brown,System Administrator,54299
4597,Jane Smith,DevOps Engineer,69548
4598,David Lewis,Product Manager,99705
4599,Alice Lewis,UX Designer,79021
4600,Bob Walker,Project Manager,91911
4601,Sophia Taylor,Network Engineer,52971
4602,John Martinez,Database Administrator,80862
4603,Alice Clark,Product Manager,78339
4604,Michael Brown,Product Manager,57489
4605,David Smith,Product Manager,90497
4606,Alice Johnson,System Administrator,93112
4607,Sophia Lewis,System Administrator,75531
4608,Jane Martinez,Project Manager,88865
4609,Emma Clark,AI Researcher,58045
4610,Charlie Smith,Product Manager,91782
4611,Alice Smith,Software Engineer,90576
4612,Charlie Taylor,Software Engineer,93662
4613,Sophia Taylor,DevOps Engineer,68836
4614,Michael Walker,Data Analyst,59833
4615,Emma Brown,DevOps Engineer,88636
4616,Bob Johnson,Project Manager,97247
4617,Emma Clark,DevOps Engineer,79364
4618,Sophia Taylor,Data Analyst,66676
4619,Emma Brown,System Administrator,75923
4620,Bob Anderson,Product Manager,91651
4621,Alice Harris,System Administrator,55966
4622,Emma Clark,Product Manager,92759
4623,John Taylor,System Administrator,50257
4624,Olivia Taylor,Project Manager,80113
4625,David Clark,Data Analyst,64535
4626,Sophia Smith,Data Analyst,67975
4627,Charlie Walker,Product Manager,54853
4628,John Johnson,Software Engineer,88379
4629,David Taylor,DevOps Engineer,98080
4630,John Brown,Data Analyst,56396
4631,Alice Martinez,System Administrator,91644
4632,Alice Clark,Network Engineer,79835
4633,Emma Johnson,System Administrator,90145
4634,Sophia Brown,Project Manager,60416
4635,Emma Johnson,AI Researcher,54899
4636,Jane Brown,Project Manager,79880
4637,David Harris,Data Analyst,54939
4638,Charlie Clark,System Administrator,78570
4639,John Anderson,Network Engineer,86235
4640,Charlie Smith,Project Manager,90255
4641,John Harris,System Administrator,98137
4642,John Smith,DevOps Engineer,83665
4643,Michael Brown,Product Manager,84401
4644,David Brown,AI Researcher,65577
4645,Michael Anderson,Database Administrator,89747
4646,Alice Johnson,DevOps Engineer,74743
4647,Sophia Martinez,UX Designer,58790
4648,Olivia Harris,Data Analyst,68271
4649,Jane Brown,UX Designer,80864
4650,Sophia Lewis,Network Engineer,70042
4651,David Anderson,Data Analyst,53620
4652,Michael Anderson,UX Designer,95659
4653,Sophia Smith,Database Administrator,73663
4654,Michael Clark,Data Analyst,83445
4655,Emma Walker,Database Administrator,86968
4656,Sophia Harris,Data Analyst,63392
4657,Charlie Lewis,DevOps Engineer,92166
4658,Jane Smith,Project Manager,84725
4659,Olivia Harris,Database Administrator,64765
4660,Emma Anderson,Software Engineer,74507
4661,Bob Martinez,Network Engineer,89328
4662,Emma Lewis,Database Administrator,65729
4663,Alice Anderson,System Administrator,62182
4664,Michael Martinez,UX Designer,96036
4665,David Taylor,UX Designer,92008
4666,Charlie Brown,UX Designer,51757
4667,Olivia Harris,AI Researcher,80765
4668,Emma Brown,UX Designer,85836
4669,Alice Clark,Software Engineer,78114
4670,Jane Martinez,Database Administrator,50626
4671,Michael Anderson,Data Analyst,62688
4672,Charlie Anderson,System Administrator,94486
4673,Alice Walker,UX Designer,63649
4674,Bob Martinez,UX Designer,99032
4675,Alice Walker,DevOps Engineer,94360
4676,Michael Martinez,Network Engineer,57576
4677,Olivia Smith,Project Manager,79391
4678,Bob Anderson,AI Researcher,78337
4679,Charlie Johnson,UX Designer,60363
4680,John Lewis,Data Analyst,99192
4681,Bob Walker,Network Engineer,73684
4682,Alice Smith,DevOps Engineer,61175
4683,Bob Smith,Project Manager,59651
4684,Bob Martinez,Database Administrator,58964
4685,Olivia Walker,Database Administrator,69329
4686,John Harris,System Administrator,65010
4687,David Martinez,Data Analyst,58310
4688,Emma Harris,Network Engineer,97839
4689,Alice Walker,Database Administrator,98797
4690,David Clark,Product Manager,92118
4691,Jane Walker,DevOps Engineer,90257
4692,Charlie Taylor,UX Designer,71084
4693,Jane Johnson,Data Analyst,52199
4694,Alice Lewis,AI Researcher,71072
4695,Emma Lewis,DevOps Engineer,97053
4696,Charlie Smith,Software Engineer,87046
4697,Charlie Johnson,AI Researcher,79096
4698,Olivia Brown,UX Designer,57655
4699,Charlie Taylor,Database Administrator,88526
4700,John Brown,Software Engineer,98913
4701,John Anderson,System Administrator,66321
4702,David Martinez,DevOps Engineer,94629
4703,Charlie Clark,Product Manager,88061
4704,Alice Anderson,UX Designer,61347
4705,Jane Clark,DevOps Engineer,95162
4706,Michael Clark,DevOps Engineer,58599
4707,David Lewis,AI Researcher,97167
4708,Charlie Johnson,Network Engineer,91716
4709,Olivia Brown,Data Analyst,98309
4710,Michael Martinez,DevOps Engineer,96329
4711,John Clark,Database Administrator,65863
4712,Alice Brown,AI Researcher,63694
4713,John Johnson,Database Administrator,86777
4714,Bob Walker,UX Designer,94422
4715,Michael Brown,Product Manager,70326
4716,Michael Johnson,AI Researcher,70050
4717,Olivia Smith,Network Engineer,68958
4718,Sophia Anderson,Database Administrator,95803
4719,Alice Anderson,Software Engineer,70988
4720,Jane Brown,DevOps Engineer,81836
4721,Charlie Walker,AI Researcher,67462
4722,Bob Walker,Data Analyst,94681
4723,Jane Taylor,Data Analyst,78687
4724,Olivia Johnson,Product Manager,83215
4725,Alice Taylor,DevOps Engineer,73939
4726,Emma Brown,Product Manager,60043
4727,Bob Harris,Project Manager,57298
4728,Olivia Brown,Data Analyst,96936
4729,Michael Lewis,System Administrator,67906
4730,Michael Martinez,Network Engineer,65349
4731,Michael Clark,Product Manager,68915
4732,Jane Martinez,Network Engineer,82609
4733,Olivia Taylor,UX Designer,96125
4734,Bob Johnson,Database Administrator,93584
4735,Charlie Taylor,Network Engineer,70843
4736,Michael Lewis,Database Administrator,80356
4737,David Johnson,Data Analyst,69389
4738,Charlie Brown,Network Engineer,59922
4739,Michael Anderson,Database Administrator,72225
4740,Alice Walker,Network Engineer,79036
4741,Bob Taylor,System Administrator,82023
4742,Alice Smith,Network Engineer,79907
4743,Alice Walker,Database Administrator,65918
4744,Alice Johnson,Project Manager,97371
4745,Olivia Martinez,Data Analyst,56803
4746,Charlie Smith,Network Engineer,52626
4747,David Clark,DevOps Engineer,64995
4748,Michael Johnson,Network Engineer,58918
4749,Bob Brown,Database Administrator,52654
4750,John Clark,Project Manager,94454
4751,John Anderson,Data Analyst,89133
4752,Sophia Martinez,Software Engineer,57867
4753,Sophia Lewis,Software Engineer,51179
4754,Emma Clark,Project Manager,55000
4755,Olivia Taylor,AI Researcher,84301
4756,Jane Martinez,Network Engineer,69361
4757,Michael Anderson,Project Manager,78524
4758,Bob Taylor,AI Researcher,61864
4759,Jane Clark,Software Engineer,94886
4760,Charlie Anderson,System Administrator,83261
4761,Alice Smith,UX Designer,66491
4762,Charlie Harris,Project Manager,65994
4763,Jane Taylor,Network Engineer,91998
4764,John Martinez,Software Engineer,65616
4765,Alice Smith,Database Administrator,82043
4766,David Brown,Data Analyst,62711
4767,Olivia Lewis,Database Administrator,93953
4768,Olivia Johnson,System Administrator,68097
4769,Jane Martinez,Data Analyst,88975
4770,John Taylor,Network Engineer,96829
4771,Alice Taylor,Software Engineer,78621
4772,Olivia Clark,System Administrator,57604
4773,Emma Lewis,Product Manager,73839
4774,Charlie Brown,System Administrator,87982
4775,David Harris,Data Analyst,96281
4776,Emma Smith,UX Designer,54375
4777,David Harris,System Administrator,64434
4778,John Clark,Software Engineer,57266
4779,Alice Johnson,Network Engineer,84442
4780,Michael Lewis,Product Manager,94435
4781,Olivia Lewis,Project Manager,72327
4782,Charlie Lewis,UX Designer,87230
4783,Michael Anderson,AI Researcher,55494
4784,David Johnson,Database Administrator,87761
4785,Michael Anderson,AI Researcher,81346
4786,John Anderson,System Administrator,98062
4787,Charlie Brown,Product Manager,82428
4788,Michael Lewis,Product Manager,51482
4789,Alice Anderson,Data Analyst,81563
4790,Charlie Harris,AI Researcher,76095
4791,Bob Smith,DevOps Engineer,51800
4792,Charlie Harris,AI Researcher,58607
4793,Bob Brown,Software Engineer,73558
4794,Bob Harris,Project Manager,61309
4795,David Anderson,System Administrator,52772
4796,Alice Johnson,UX Designer,70562
4797,Michael Brown,Software Engineer,75649
4798,Emma Martinez,Data Analyst,59587
4799,David Taylor,DevOps Engineer,91724
4800,Michael Taylor,Software Engineer,65576
4801,Olivia Taylor,UX Designer,74596
4802,Sophia Smith,AI Researcher,93972
4803,John Lewis,System Administrator,82124
4804,Charlie Johnson,Data Analyst,61962
4805,Jane Lewis,DevOps Engineer,86740
4806,Michael Harris,Product Manager,62429
4807,Emma Lewis,Product Manager,55522
4808,Olivia Lewis,DevOps Engineer,86166
4809,David Walker,Software Engineer,96241
4810,Charlie Taylor,Network Engineer,62312
4811,Emma Taylor,System Administrator,79977
4812,David Martinez,DevOps Engineer,53776
4813,Emma Johnson,Database Administrator,78687
4814,Emma Clark,AI Researcher,64677
4815,Jane Clark,Database Administrator,96342
4816,Olivia Anderson,Software Engineer,53535
4817,Emma Harris,DevOps Engineer,54037
4818,John Martinez,UX Designer,51598
4819,John Taylor,Software Engineer,81374
4820,David Brown,Project Manager,68187
4821,Emma Johnson,System Administrator,83586
4822,Charlie Lewis,System Administrator,97891
4823,David Anderson,UX Designer,55648
4824,John Clark,Product Manager,93743
4825,John Brown,Software Engineer,92669
4826,Olivia Smith,Network Engineer,60922
4827,David Taylor,Network Engineer,98167
4828,Alice Anderson,DevOps Engineer,70658
4829,Charlie Taylor,Project Manager,79767
4830,Alice Taylor,Network Engineer,81489
4831,Olivia Smith,Product Manager,95508
4832,Alice Taylor,Network Engineer,85565
4833,Michael Anderson,Product Manager,89650
4834,Charlie Johnson,Network Engineer,76278
4835,Olivia Martinez,Network Engineer,63579
4836,Michael Anderson,System Administrator,70473
4837,Olivia Lewis,DevOps Engineer,76883
4838,Sophia Walker,AI Researcher,75443
4839,Emma Harris,UX Designer,63428
4840,Jane Brown,Database Administrator,85353
4841,Jane Taylor,UX Designer,58892
4842,Olivia Lewis,Product Manager,73662
4843,Jane Harris,Data Analyst,77642
4844,Michael Brown,Network Engineer,79077
4845,Charlie Brown,Data Analyst,79645
4846,Olivia Lewis,Data Analyst,60366
4847,Sophia Harris,Product Manager,51956
4848,Michael Johnson,DevOps Engineer,69852
4849,Charlie Harris,DevOps Engineer,79102
4850,Emma Clark,UX Designer,69040
4851,Emma Smith,Network Engineer,95925
4852,Emma Lewis,System Administrator,56980
4853,Jane Smith,Database Administrator,90053
4854,Alice Walker,Software Engineer,78144
4855,Emma Smith,System Administrator,68747
4856,David Johnson,Network Engineer,59156
4857,Emma Martinez,AI Researcher,94130
4858,Sophia Clark,UX Designer,89018
4859,Alice Harris,Network Engineer,66832
4860,Charlie Clark,DevOps Engineer,87050
4861,Olivia Martinez,Software Engineer,78968
4862,Emma Johnson,Product Manager,81343
4863,Emma Walker,DevOps Engineer,64169
4864,Jane Anderson,Product Manager,69247
4865,Alice Brown,Data Analyst,91660
4866,Michael Johnson,Product Manager,66290
4867,Olivia Taylor,Data Analyst,55210
4868,Michael Anderson,UX Designer,89866
4869,Olivia Walker,Project Manager,74099
4870,David Taylor,UX Designer,58275
4871,Michael Anderson,Data Analyst,97298
4872,Jane Clark,UX Designer,99345
4873,Emma Clark,System Administrator,56159
4874,Olivia Taylor,Network Engineer,96500
4875,Michael Walker,System Administrator,86605
4876,Alice Walker,Data Analyst,93378
4877,Sophia Harris,Database Administrator,58008
4878,Alice Harris,Data Analyst,79644
4879,Emma Taylor,Project Manager,90836
4880,Emma Lewis,Project Manager,88351
4881,Olivia Smith,UX Designer,85059
4882,Olivia Clark,Project Manager,54756
4883,Bob Martinez,System Administrator,87140
4884,Bob Anderson,Database Administrator,98106
4885,Sophia Johnson,DevOps Engineer,95339
4886,Bob Walker,AI Researcher,70831
4887,Jane Taylor,System Administrator,55823
4888,Michael Clark,Database Administrator,87513
4889,Emma Walker,Project Manager,60591
4890,Emma Smith,Data Analyst,53783
4891,Jane Martinez,Network Engineer,71949
4892,Sophia Harris,Network Engineer,67558
4893,John Walker,DevOps Engineer,85171
4894,John Lewis,Product Manager,96475
4895,Jane Clark,Project Manager,79682
4896,Jane Clark,Project Manager,96364
4897,Michael Walker,UX Designer,53465
4898,Alice Walker,Project Manager,81517
4899,David Walker,Database Administrator,89710
4900,Bob Martinez,DevOps Engineer,65388
4901,John Smith,Database Administrator,86787
4902,David Johnson,Network Engineer,67190
4903,Sophia Taylor,Project Manager,59637
4904,Bob Lewis,Product Manager,61396
4905,Michael Anderson,Network Engineer,69401
4906,Sophia Harris,UX Designer,54727
4907,Olivia Brown,UX Designer,70349
4908,John Johnson,Data Analyst,51467
4909,John Anderson,Network Engineer,67077
4910,Emma Clark,Product Manager,52775
4911,Bob Taylor,System Administrator,90182
4912,Charlie Johnson,Product Manager,88013
4913,Michael Taylor,DevOps Engineer,58895
4914,David Walker,Project Manager,70705
4915,Alice Johnson,Network Engineer,80048
4916,Sophia Taylor,UX Designer,93297
4917,Jane Harris,AI Researcher,65539
4918,David Martinez,Database Administrator,67561
4919,Olivia Lewis,System Administrator,88915
4920,John Martinez,Network Engineer,55894
4921,Sophia Johnson,Network Engineer,82650
4922,David Harris,System Administrator,94758
4923,Sophia Taylor,System Administrator,75911
4924,David Brown,Product Manager,74729
4925,John Martinez,Data Analyst,86730
4926,David Walker,Product Manager,73853
4927,John Clark,System Administrator,64828
4928,Sophia Brown,UX Designer,51162
4929,John Lewis,AI Researcher,68126
4930,Bob Lewis,Network Engineer,81781
4931,Jane Lewis,Database Administrator,64443
4932,John Brown,System Administrator,78148
4933,Jane Harris,System Administrator,82411
4934,John Martinez,Data Analyst,62204
4935,Emma Lewis,Product Manager,86562
4936,Charlie Lewis,Network Engineer,72856
4937,Charlie Johnson,Project Manager,62470
4938,Bob Brown,Project Manager,62732
4939,Olivia Harris,DevOps Engineer,88782
4940,David Taylor,System Administrator,93039
4941,Bob Taylor,Network Engineer,51840
4942,Alice Taylor,Network Engineer,98592
4943,Charlie Lewis,DevOps Engineer,90803
4944,Jane Johnson,DevOps Engineer,98092
4945,Alice Anderson,Data Analyst,73064
4946,Sophia Brown,Network Engineer,96583
4947,Michael Lewis,Network Engineer,99945
4948,Charlie Johnson,Software Engineer,94523
4949,Charlie Anderson,Software Engineer,50362
4950,John Brown,UX Designer,57722
4951,John Smith,Project Manager,99962
4952,Emma Lewis,Data Analyst,51750
4953,Olivia Taylor,Project Manager,98638
4954,Jane Harris,Software Engineer,67377
4955,David Johnson,Product Manager,60331
4956,Jane Taylor,Project Manager,79684
4957,Emma Brown,Product Manager,84743
4958,Olivia Martinez,Data Analyst,93035
4959,Alice Brown,Data Analyst,50892
4960,Bob Taylor,Database Administrator,97646
4961,Sophia Lewis,Software Engineer,79410
4962,Bob Anderson,Software Engineer,66559
4963,Michael Harris,Software Engineer,94038
4964,Olivia Lewis,AI Researcher,92460
4965,Jane Lewis,Data Analyst,92398
4966,Sophia Brown,Project Manager,54437
4967,Jane Lewis,Product Manager,93388
4968,Alice Walker,Network Engineer,78410
4969,Olivia Clark,Software Engineer,71503
4970,Charlie Taylor,Software Engineer,61110
4971,Michael Martinez,DevOps Engineer,69421
4972,Sophia Brown,Data Analyst,93526
4973,Michael Walker,UX Designer,81776
4974,Bob Martinez,Network Engineer,55541
4975,Olivia Taylor,AI Researcher,86909
4976,Alice Walker,UX Designer,82670
4977,Michael Harris,Database Administrator,93877
4978,Alice Brown,Project Manager,73665
4979,Michael Smith,Project Manager,90091
4980,Olivia Brown,UX Designer,69933
4981,Bob Clark,UX Designer,75230
4982,Olivia Clark,Product Manager,85130
4983,Jane Harris,AI Researcher,91505
4984,Sophia Brown,Network Engineer,88844
4985,Jane Lewis,DevOps Engineer,93721
4986,Olivia Taylor,System Administrator,93821
4987,Charlie Anderson,Software Engineer,87938
4988,Michael Lewis,Database Administrator,53660
4989,Alice Lewis,Software Engineer,51440
4990,Sophia Brown,Software Engineer,56518
4991,Olivia Clark,UX Designer,86061
4992,Sophia Clark,UX Designer,71113
4993,David Brown,AI Researcher,86698
4994,Emma Brown,UX Designer,53738
4995,Bob Brown,Software Engineer,83886
4996,Charlie Anderson,System Administrator,81098
4997,Alice Johnson,UX Designer,51933
4998,Alice Anderson,Network Engineer,62761
4999,Charlie Walker,Database Administrator,55131
5000,John Taylor,Data Analyst,54132
5001,John Walker,Network Engineer,78425
5002,Alice Anderson,Project Manager,75636
5003,David Smith,Network Engineer,62301
5004,Alice Walker,Project Manager,52155
5005,Alice Brown,Project Manager,72042
5006,Charlie Johnson,AI Researcher,73232
5007,David Martinez,DevOps Engineer,81012
5008,Emma Lewis,DevOps Engineer,78705
5009,Bob Taylor,DevOps Engineer,95705
5010,Bob Brown,UX Designer,87057
5011,Emma Lewis,Project Manager,70109
5012,Alice Clark,Network Engineer,60510
5013,Emma Harris,AI Researcher,84567
5014,John Martinez,UX Designer,76768
5015,John Taylor,UX Designer,79986
5016,Emma Harris,DevOps Engineer,85995
5017,Olivia Harris,UX Designer,51303
5018,John Smith,Project Manager,78959
5019,Bob Johnson,DevOps Engineer,60964
5020,Bob Taylor,Network Engineer,93262
5021,Sophia Brown,System Administrator,85087
5022,Sophia Brown,DevOps Engineer,71985
5023,Emma Clark,Product Manager,71715
5024,Michael Smith,AI Researcher,94113
5025,John Smith,Database Administrator,62676
5026,Bob Brown,Data Analyst,54857
5027,Jane Anderson,Product Manager,79238
5028,Emma Taylor,Project Manager,57534
5029,Emma Harris,Project Manager,64161
5030,David Harris,System Administrator,92538
5031,Michael Harris,Project Manager,70706
5032,Charlie Johnson,Network Engineer,64130
5033,Sophia Smith,Network Engineer,63538
5034,Bob Anderson,AI Researcher,62288
5035,Emma Walker,Software Engineer,79763
5036,David Taylor,Project Manager,85795
5037,Jane Johnson,Product Manager,79080
5038,Charlie Anderson,Product Manager,50478
5039,Bob Taylor,DevOps Engineer,64416
5040,Emma Johnson,Network Engineer,84072
5041,Emma Johnson,System Administrator,82174
5042,John Johnson,System Administrator,87443
5043,Alice Johnson,UX Designer,72280
5044,Michael Lewis,Product Manager,80909
5045,Emma Johnson,System Administrator,65305
5046,Olivia Martinez,System Administrator,68044
5047,Emma Anderson,DevOps Engineer,50640
5048,John Brown,DevOps Engineer,86534
5049,Michael Lewis,UX Designer,77715
5050,Sophia Brown,Project Manager,89101
5051,Bob Clark,Database Administrator,53957
5052,Alice Walker,DevOps Engineer,58504
5053,David Walker,Software Engineer,71874
5054,John Anderson,DevOps Engineer,90344
5055,Michael Lewis,System Administrator,89435
5056,Bob Anderson,Product Manager,92386
5057,Olivia Harris,Database Administrator,52436
5058,Olivia Johnson,Software Engineer,53853
5059,Alice Taylor,Software Engineer,51503
5060,Charlie Smith,UX Designer,97696
5061,John Taylor,Project Manager,80678
5062,David Smith,Network Engineer,92277
5063,Charlie Martinez,Software Engineer,93419
5064,Bob Anderson,Software Engineer,79991
5065,Michael Clark,System Administrator,69723
5066,Emma Harris,Network Engineer,88317
5067,John Martinez,System Administrator,64150
5068,Alice Walker,DevOps Engineer,98399
5069,Jane Anderson,Project Manager,59008
5070,Charlie Harris,Product Manager,69850
5071,John Johnson,Project Manager,53520
5072,Sophia Johnson,Project Manager,86313
5073,John Johnson,Network Engineer,72463
5074,Charlie Smith,Product Manager,54725
5075,Sophia Anderson,UX Designer,99938
5076,Bob Johnson,AI Researcher,54006
5077,Olivia Walker,DevOps Engineer,55280
5078,Sophia Lewis,Database Administrator,81531
5079,David Brown,System Administrator,84496
5080,Charlie Martinez,AI Researcher,70743
5081,David Brown,UX Designer,85011
5082,Bob Smith,UX Designer,67939
5083,Jane Johnson,Product Manager,84965
5084,Michael Anderson,Project Manager,51564
5085,Sophia Smith,UX Designer,90819
5086,Charlie Anderson,AI Researcher,68186
5087,Michael Harris,Software Engineer,50087
5088,Jane Lewis,DevOps Engineer,73613
5089,Michael Johnson,Project Manager,91167
5090,Olivia Lewis,Database Administrator,85811
5091,John Lewis,System Administrator,56643
5092,Sophia Harris,UX Designer,72200
5093,Olivia Smith,Software Engineer,78528
5094,Michael Clark,UX Designer,60277
5095,Jane Walker,Network Engineer,95168
5096,David Clark,Network Engineer,65329
5097,Charlie Martinez,Network Engineer,60835
5098,Olivia Anderson,Network Engineer,55170
5099,David Brown,AI Researcher,52013
5100,Jane Smith,Software Engineer,91150
5101,Bob Clark,Data Analyst,53919
5102,Bob Harris,Project Manager,76420
5103,Jane Brown,AI Researcher,85414
5104,Emma Lewis,System Administrator,56484
5105,Alice Walker,Software Engineer,87600
5106,Jane Lewis,Database Administrator,60481
5107,Olivia Anderson,Data Analyst,95168
5108,Emma Clark,Software Engineer,58252
5109,Alice Clark,Data Analyst,51624
5110,Sophia Walker,DevOps Engineer,65012
5111,Olivia Brown,Network Engineer,98168
5112,David Walker,System Administrator,69504
5113,Sophia Taylor,DevOps Engineer,80771
5114,Sophia Clark,Software Engineer,93200
5115,Alice Lewis,DevOps Engineer,73934
5116,David Walker,System Administrator,51325
5117,Michael Taylor,Database Administrator,50063
5118,Alice Smith,System Administrator,90728
5119,John Smith,Project Manager,61530
5120,John Walker,Network Engineer,56163
5121,David Clark,Database Administrator,77657
5122,David Harris,Database Administrator,71507
5123,Alice Anderson,Project Manager,74968
5124,Sophia Anderson,Product Manager,62310
5125,Alice Harris,Data Analyst,87205
5126,Michael Brown,Data Analyst,95472
5127,Olivia Harris,UX Designer,96936
5128,David Walker,Network Engineer,58032
5129,Olivia Johnson,Network Engineer,98704
5130,John Martinez,Product Manager,51661
5131,Charlie Clark,System Administrator,54602
5132,Jane Taylor,Data Analyst,84217
5133,Sophia Johnson,Network Engineer,72376
5134,Michael Taylor,Network Engineer,65807
5135,Olivia Anderson,Product Manager,57670
5136,David Martinez,Product Manager,50004
5137,Olivia Taylor,Database Administrator,58856
5138,Emma Smith,Project Manager,87402
5139,Charlie Harris,Product Manager,84408
5140,Bob Brown,Project Manager,87812
5141,David Lewis,Data Analyst,97065
5142,Alice Taylor,UX Designer,98134
5143,Sophia Johnson,DevOps Engineer,89459
5144,Michael Martinez,System Administrator,76749
5145,Jane Taylor,AI Researcher,72995
5146,Sophia Brown,System Administrator,58883
5147,Sophia Clark,Network Engineer,66214
5148,Emma Clark,Data Analyst,73522
5149,Jane Johnson,UX Designer,76668
5150,Alice Walker,Data Analyst,97055
5151,Jane Lewis,Data Analyst,83505
5152,Jane Harris,UX Designer,53639
5153,Bob Anderson,UX Designer,58289
5154,Bob Johnson,UX Designer,68259
5155,Michael Clark,Product Manager,62537
5156,John Smith,Product Manager,85183
5157,Michael Brown,Network Engineer,74946
5158,Emma Brown,Product Manager,59880
5159,John Johnson,DevOps Engineer,95794
5160,John Martinez,Network Engineer,51310
5161,Olivia Anderson,Network Engineer,60823
5162,John Clark,UX Designer,95496
5163,Jane Smith,Database Administrator,75560
5164,Jane Johnson,System Administrator,80390
5165,Olivia Johnson,Project Manager,72211
5166,Michael Harris,Data Analyst,72227
5167,Olivia Lewis,Software Engineer,96048
5168,Jane Smith,Project Manager,81898
5169,Emma Lewis,Project Manager,95449
5170,David Smith,AI Researcher,67343
5171,Sophia Taylor,Data Analyst,58938
5172,Bob Harris,Network Engineer,77812
5173,David Harris,Data Analyst,69719
5174,Olivia Martinez,AI Researcher,99050
5175,Jane Smith,Database Administrator,64355
5176,Charlie Martinez,Data Analyst,59602
5177,John Martinez,Software Engineer,91299
5178,Jane Lewis,Project Manager,97021
5179,Jane Taylor,AI Researcher,63047
5180,Charlie Walker,Product Manager,68089
5181,Olivia Smith,Project Manager,84309
5182,Sophia Lewis,Data Analyst,86772
5183,Sophia Lewis,Software Engineer,67436
5184,Emma Martinez,Project Manager,75724
5185,Alice Clark,Data Analyst,78435
5186,Alice Martinez,Software Engineer,95173
5187,Emma Smith,AI Researcher,75853
5188,Olivia Anderson,Network Engineer,76103
5189,Michael Martinez,System Administrator,88527
5190,Bob Taylor,Database Administrator,70151
5191,Olivia Harris,Project Manager,69791
5192,Olivia Lewis,System Administrator,98040
5193,Sophia Walker,AI Researcher,89456
5194,Olivia Martinez,Project Manager,86436
5195,Olivia Brown,Software Engineer,56525
5196,Charlie Johnson,DevOps Engineer,77537
5197,John Brown,Software Engineer,81720
5198,Emma Johnson,System Administrator,84436
5199,Emma Johnson,Product Manager,50085
5200,John Lewis,Product Manager,86944
5201,Charlie Martinez,System Administrator,92932
5202,Bob Lewis,AI Researcher,78671
5203,Jane Brown,Data Analyst,70481
5204,Olivia Anderson,Product Manager,92393
5205,Michael Anderson,Project Manager,65900
5206,Olivia Smith,Data Analyst,75264
5207,Sophia Anderson,DevOps Engineer,67519
5208,Bob Brown,Project Manager,65029
5209,Sophia Walker,Data Analyst,91814
5210,Alice Smith,Project Manager,87813
5211,Jane Clark,Product Manager,98566
5212,Michael Johnson,Database Administrator,94412
5213,Sophia Johnson,Project Manager,78176
5214,Sophia Smith,Network Engineer,89451
5215,David Walker,UX Designer,74125
5216,Emma Taylor,Database Administrator,53429
5217,Jane Walker,Project Manager,53657
5218,Olivia Johnson,Data Analyst,80487
5219,Sophia Martinez,Database Administrator,63958
5220,David Johnson,Network Engineer,60248
5221,Emma Taylor,Data Analyst,80264
5222,Emma Harris,Product Manager,94910
5223,Bob Brown,Software Engineer,89855
5224,Emma Johnson,Database Administrator,91812
5225,John Martinez,Data Analyst,87223
5226,John Walker,Software Engineer,57133
5227,John Martinez,Network Engineer,94828
5228,Jane Smith,Data Analyst,60142
5229,Bob Taylor,Software Engineer,76660
5230,Bob Walker,System Administrator,93082
5231,Jane Lewis,Data Analyst,92200
5232,Olivia Anderson,System Administrator,54223
5233,John Clark,AI Researcher,78796
5234,John Martinez,DevOps Engineer,93607
5235,Jane Walker,System Administrator,67500
5236,John Lewis,Database Administrator,62749
5237,Sophia Lewis,UX Designer,84101
5238,Charlie Johnson,Product Manager,86087
5239,Michael Harris,UX Designer,55793
5240,Olivia Lewis,Database Administrator,98583
5241,Olivia Smith,System Administrator,74878
5242,John Walker,Database Administrator,97679
5243,Alice Anderson,Product Manager,66792
5244,Emma Anderson,Database Administrator,81466
5245,Alice Smith,Network Engineer,94770
5246,Sophia Anderson,System Administrator,71273
5247,Emma Lewis,Product Manager,78651
5248,John Brown,UX Designer,86443
5249,Emma Martinez,UX Designer,65300
5250,Olivia Clark,UX Designer,81020
5251,John Martinez,UX Designer,58235
5252,David Johnson,Product Manager,84923
5253,Michael Smith,Network Engineer,53604
5254,David Martinez,Software Engineer,80005
5255,Olivia Clark,AI Researcher,93289
5256,Alice Taylor,Project Manager,89880
5257,David Johnson,Project Manager,94109
5258,David Harris,AI Researcher,79788
5259,Bob Anderson,Project Manager,92580
5260,David Johnson,DevOps Engineer,93162
5261,Sophia Walker,Project Manager,66549
5262,Charlie Anderson,Network Engineer,60145
5263,Sophia Taylor,Data Analyst,94678
5264,David Martinez,Product Manager,87263
5265,Charlie Brown,Network Engineer,70867
5266,Bob Johnson,Data Analyst,94179
5267,Bob Martinez,UX Designer,75695
5268,Alice Anderson,Database Administrator,93781
5269,John Johnson,UX Designer,67098
5270,David Walker,AI Researcher,65571
5271,Charlie Walker,System Administrator,78691
5272,Jane Brown,UX Designer,99653
5273,John Anderson,Software Engineer,52742
5274,Jane Harris,System Administrator,76603
5275,Sophia Martinez,Project Manager,80033
5276,Bob Lewis,AI Researcher,93769
5277,Bob Martinez,DevOps Engineer,78899
5278,David Martinez,Database Administrator,60283
5279,Olivia Smith,DevOps Engineer,82265
5280,Bob Taylor,DevOps Engineer,62570
5281,Alice Martinez,Data Analyst,68894
5282,Olivia Taylor,Database Administrator,98120
5283,Emma Taylor,System Administrator,90099
5284,Emma Brown,System Administrator,85507
5285,David Martinez,AI Researcher,52931
5286,Sophia Walker,AI Researcher,95861
5287,Alice Smith,Network Engineer,82867
5288,David Martinez,UX Designer,66305
5289,Alice Anderson,AI Researcher,67949
5290,Jane Brown,Database Administrator,72783
5291,Michael Lewis,DevOps Engineer,74382
5292,Jane Martinez,Database Administrator,82163
5293,Charlie Taylor,Database Administrator,53058
5294,Emma Walker,AI Researcher,75592
5295,Alice Harris,Network Engineer,65984
5296,Bob Lewis,DevOps Engineer,88590
5297,Alice Brown,Database Administrator,54300
5298,Jane Harris,Product Manager,91667
5299,Olivia Anderson,System Administrator,84297
5300,Alice Martinez,AI Researcher,52137
5301,Emma Walker,Data Analyst,60352
5302,Emma Johnson,UX Designer,75666
5303,Emma Smith,AI Researcher,55395
5304,Alice Harris,DevOps Engineer,70210
5305,Olivia Brown,Software Engineer,89358
5306,Charlie Brown,System Administrator,83387
5307,Sophia Martinez,Data Analyst,73780
5308,Jane Brown,Product Manager,60124
5309,Charlie Martinez,Database Administrator,60672
5310,Emma Harris,AI Researcher,78630
5311,John Harris,System Administrator,54485
5312,Olivia Martinez,Database Administrator,82990
5313,Bob Clark,Data Analyst,52541
5314,Alice Lewis,Network Engineer,84308
5315,Sophia Harris,AI Researcher,77297
5316,David Taylor,Network Engineer,82807
5317,Emma Martinez,Network Engineer,68453
5318,Michael Brown,DevOps Engineer,88314
5319,Sophia Clark,DevOps Engineer,94534
5320,John Brown,Database Administrator,53504
5321,Charlie Walker,Network Engineer,67238
5322,Olivia Harris,AI Researcher,79444
5323,Emma Lewis,Database Administrator,60814
5324,Emma Harris,UX Designer,70672
5325,Jane Lewis,AI Researcher,66314
5326,John Walker,Data Analyst,82617
5327,John Smith,AI Researcher,90546
5328,John Brown,DevOps Engineer,51266
5329,Bob Smith,Product Manager,89977
5330,Olivia Johnson,DevOps Engineer,73946
5331,Michael Walker,Software Engineer,82367
5332,Michael Walker,Product Manager,72870
5333,David Anderson,Project Manager,73894
5334,John Smith,System Administrator,75662
5335,Michael Martinez,Network Engineer,70360
5336,Sophia Clark,Database Administrator,62853
5337,Alice Harris,Software Engineer,83178
5338,Alice Brown,Data Analyst,86488
5339,Jane Clark,Network Engineer,59299
5340,Jane Lewis,UX Designer,89574
5341,Sophia Smith,Product Manager,73204
5342,John Harris,Product Manager,55016
5343,Alice Taylor,Database Administrator,85701
5344,Michael Taylor,Project Manager,90993
5345,Alice Smith,Product Manager,82527
5346,Bob Johnson,Data Analyst,94128
5347,Jane Brown,Product Manager,91606
5348,Jane Walker,Product Manager,58301
5349,John Clark,Network Engineer,88801
5350,David Clark,AI Researcher,63169
5351,Olivia Taylor,Software Engineer,74397
5352,Bob Walker,Data Analyst,76795
5353,Bob Taylor,Data Analyst,94415
5354,Charlie Brown,AI Researcher,93275
5355,Olivia Harris,Database Administrator,71033
5356,Alice Smith,Product Manager,65430
5357,Charlie Johnson,Project Manager,54689
5358,Sophia Walker,AI Researcher,59890
5359,John Clark,Data Analyst,55754
5360,Bob Taylor,System Administrator,71349
5361,John Smith,DevOps Engineer,82201
5362,Olivia Johnson,Network Engineer,52838
5363,Emma Taylor,DevOps Engineer,67194
5364,Bob Martinez,Data Analyst,78870
5365,John Johnson,AI Researcher,93033
5366,John Taylor,Product Manager,60238
5367,Olivia Lewis,Software Engineer,53799
5368,Sophia Walker,Software Engineer,78156
5369,Michael Walker,AI Researcher,79055
5370,Emma Clark,Software Engineer,98571
5371,John Lewis,Data Analyst,75037
5372,John Johnson,System Administrator,59438
5373,Sophia Brown,DevOps Engineer,70304
5374,John Clark,Product Manager,97642
5375,Olivia Anderson,UX Designer,60658
5376,Jane Taylor,Network Engineer,60032
5377,Olivia Lewis,UX Designer,71002
5378,Sophia Martinez,Database Administrator,68689
5379,David Taylor,UX Designer,89325
5380,Bob Martinez,DevOps Engineer,86386
5381,Michael Smith,System Administrator,71033
5382,David Anderson,System Administrator,64941
5383,Sophia Anderson,Data Analyst,77828
5384,Sophia Martinez,Project Manager,92445
5385,Emma Johnson,AI Researcher,87966
5386,Emma Johnson,AI Researcher,58813
5387,Charlie Clark,UX Designer,77671
5388,Olivia Smith,Database Administrator,55826
5389,Michael Martinez,Data Analyst,99005
5390,Charlie Taylor,UX Designer,93309
5391,Jane Johnson,UX Designer,56867
5392,John Martinez,Network Engineer,89429
5393,Michael Brown,Software Engineer,74301
5394,Alice Walker,Database Administrator,80057
5395,Sophia Johnson,Database Administrator,61992
5396,David Walker,Project Manager,96823
5397,Emma Anderson,Database Administrator,80947
5398,David Brown,UX Designer,75408
5399,Alice Lewis,DevOps Engineer,86589
5400,Olivia Martinez,DevOps Engineer,89918
5401,Emma Clark,Network Engineer,82436
5402,Bob Anderson,Product Manager,86653
5403,Jane Walker,DevOps Engineer,57813
5404,Olivia Martinez,AI Researcher,53366
5405,Charlie Lewis,System Administrator,94176
5406,Emma Taylor,Network Engineer,65955
5407,John Anderson,UX Designer,98270
5408,Charlie Taylor,Data Analyst,50372
5409,David Clark,AI Researcher,75093
5410,Sophia Smith,Database Administrator,92321
5411,Jane Harris,UX Designer,53377
5412,Emma Brown,Data Analyst,78220
5413,Bob Johnson,Project Manager,74623
5414,David Harris,Product Manager,83504
5415,Alice Brown,Software Engineer,74356
5416,Charlie Taylor,UX Designer,85020
5417,Charlie Brown,System Administrator,84321
5418,Alice Martinez,Software Engineer,87569
5419,Sophia Johnson,UX Designer,65229
5420,Emma Walker,Software Engineer,51956
5421,John Harris,Data Analyst,74421
5422,Michael Harris,Project Manager,89633
5423,Charlie Johnson,Database Administrator,68197
5424,Olivia Johnson,Software Engineer,97277
5425,Charlie Taylor,Data Analyst,88421
5426,Emma Harris,System Administrator,66654
5427,Michael Smith,Product Manager,64992
5428,Olivia Smith,Product Manager,54551
5429,Michael Taylor,UX Designer,64981
5430,Emma Johnson,Data Analyst,56568
5431,Alice Lewis,Project Manager,99363
5432,Charlie Johnson,Project Manager,86704
5433,Bob Johnson,Data Analyst,71257
5434,Alice Anderson,DevOps Engineer,97355
5435,Sophia Taylor,Product Manager,51211
5436,Alice Martinez,Network Engineer,58682
5437,Charlie Harris,Project Manager,61716
5438,Sophia Martinez,Project Manager,71501
5439,Bob Johnson,DevOps Engineer,69300
5440,David Lewis,Network Engineer,56432
5441,Charlie Smith,Database Administrator,73885
5442,Michael Taylor,AI Researcher,74810
5443,Sophia Martinez,Project Manager,55206
5444,Sophia Clark,Network Engineer,60476
5445,Charlie Martinez,Project Manager,75662
5446,Charlie Smith,AI Researcher,51439
5447,Sophia Brown,Database Administrator,96769
5448,Olivia Brown,DevOps Engineer,77522
5449,Michael Johnson,Product Manager,91353
5450,Michael Johnson,Database Administrator,83282
5451,David Clark,Software Engineer,84982
5452,Jane Anderson,Software Engineer,50559
5453,David Anderson,AI Researcher,83244
5454,Charlie Anderson,Software Engineer,88948
5455,Sophia Anderson,System Administrator,98012
5456,David Walker,Software Engineer,94496
5457,Jane Smith,AI Researcher,71118
5458,Emma Clark,Data Analyst,89668
5459,Michael Johnson,Network Engineer,91546
5460,Jane Walker,Data Analyst,69063
5461,Michael Martinez,Software Engineer,82245
5462,Michael Clark,UX Designer,57243
5463,David Walker,UX Designer,58808
5464,Olivia Brown,Database Administrator,65695
5465,Alice Clark,UX Designer,97349
5466,Alice Smith,AI Researcher,85642
5467,Olivia Walker,Product Manager,69788
5468,Emma Harris,System Administrator,63733
5469,Charlie Taylor,Database Administrator,95008
5470,Sophia Smith,UX Designer,75262
5471,David Lewis,Software Engineer,82669
5472,Jane Harris,System Administrator,63434
5473,Sophia Harris,Project Manager,64033
5474,Olivia Anderson,UX Designer,73156
5475,John Brown,System Administrator,50368
5476,Bob Walker,Software Engineer,63387
5477,Emma Martinez,Project Manager,56650
5478,Bob Clark,DevOps Engineer,54175
5479,Olivia Harris,Project Manager,68104
5480,John Taylor,System Administrator,93852
5481,Emma Clark,Database Administrator,59567
5482,Bob Clark,Database Administrator,92757
5483,Michael Walker,Software Engineer,57563
5484,Charlie Clark,UX Designer,73076
5485,Sophia Anderson,Network Engineer,85412
5486,Jane Harris,Product Manager,93399
5487,John Clark,Software Engineer,96932
5488,Emma Walker,AI Researcher,85864
5489,Alice Brown,UX Designer,83162
5490,Michael Harris,AI Researcher,70865
5491,Alice Walker,Network Engineer,58116
5492,John Clark,Network Engineer,93902
5493,Bob Harris,Software Engineer,60107
5494,Olivia Martinez,Software Engineer,83634
5495,Emma Anderson,System Administrator,76066
5496,Bob Smith,Database Administrator,61441
5497,Michael Anderson,Product Manager,89023
5498,Michael Walker,Network Engineer,62173
5499,Charlie Lewis,Database Administrator,88861
5500,Olivia Martinez,UX Designer,64535
5501,Jane Martinez,AI Researcher,63422
5502,John Johnson,Software Engineer,85007
5503,Charlie Taylor,Software Engineer,71749
5504,Sophia Taylor,UX Designer,98250
5505,Alice Harris,Database Administrator,90249
5506,David Lewis,Software Engineer,83111
5507,Jane Lewis,Network Engineer,55536
5508,Olivia Clark,System Administrator,55288
5509,Emma Smith,Network Engineer,80003
5510,John Taylor,DevOps Engineer,73845
5511,Olivia Brown,Software Engineer,69353
5512,John Clark,Database Administrator,72436
5513,Olivia Walker,Data Analyst,55609
5514,Michael Lewis,UX Designer,62519
5515,Olivia Harris,Product Manager,65071
5516,Michael Anderson,Project Manager,62983
5517,Olivia Martinez,AI Researcher,66198
5518,John Walker,Data Analyst,86642
5519,John Anderson,Data Analyst,66327
5520,John Brown,Network Engineer,69384
5521,Michael Taylor,System Administrator,63732
5522,Sophia Walker,Software Engineer,61296
5523,Charlie Taylor,Data Analyst,96482
5524,Charlie Anderson,DevOps Engineer,97884
5525,Sophia Taylor,Data Analyst,71098
5526,Alice Anderson,Database Administrator,86162
5527,Jane Anderson,AI Researcher,65123
5528,Sophia Lewis,UX Designer,55993
5529,Charlie Lewis,Database Administrator,87373
5530,Jane Harris,System Administrator,99951
5531,Bob Walker,Software Engineer,90108
5532,Emma Harris,AI Researcher,84218
5533,Alice Johnson,UX Designer,67609
5534,David Smith,Software Engineer,71242
5535,David Johnson,Database Administrator,56256
5536,John Brown,Network Engineer,82547
5537,John Lewis,Data Analyst,90899
5538,David Smith,Project Manager,55131
5539,Jane Harris,Project Manager,69687
5540,Emma Anderson,Project Manager,65569
5541,Jane Taylor,System Administrator,90636
5542,John Clark,AI Researcher,58725
5543,Olivia Johnson,Network Engineer,97851
5544,David Johnson,Network Engineer,97296
5545,Jane Brown,Project Manager,55548
5546,John Anderson,Product Manager,95459
5547,Michael Anderson,DevOps Engineer,72265
5548,John Smith,AI Researcher,73853
5549,David Smith,System Administrator,50408
5550,Charlie Brown,Software Engineer,99793
5551,Charlie Brown,AI Researcher,72515
5552,Emma Clark,DevOps Engineer,74327
5553,Jane Johnson,DevOps Engineer,51611
5554,David Clark,System Administrator,92137
5555,Alice Martinez,Product Manager,71422
5556,Jane Walker,Network Engineer,90355
5557,Jane Harris,Product Manager,82000
5558,Bob Lewis,Data Analyst,84720
5559,David Smith,AI Researcher,57014
5560,Charlie Smith,UX Designer,59966
5561,Jane Brown,System Administrator,60476
5562,Emma Lewis,Data Analyst,63063
5563,Sophia Johnson,Software Engineer,82764
5564,Alice Harris,DevOps Engineer,88976
5565,Michael Lewis,Software Engineer,72300
5566,Emma Taylor,DevOps Engineer,86653
5567,David Johnson,DevOps Engineer,75055
5568,Charlie Smith,Data Analyst,74337
5569,Olivia Smith,UX Designer,75007
5570,Alice Johnson,Database Administrator,82422
5571,Michael Walker,DevOps Engineer,75510
5572,Sophia Johnson,System Administrator,97119
5573,Michael Brown,Database Administrator,89472
5574,Olivia Clark,Project Manager,79886
5575,Jane Johnson,Data Analyst,62874
5576,Alice Harris,DevOps Engineer,61671
5577,Jane Walker,Database Administrator,64888
5578,David Lewis,System Administrator,57475
5579,Alice Harris,System Administrator,72156
5580,Olivia Smith,AI Researcher,66688
5581,Emma Martinez,System Administrator,95671
5582,John Walker,Software Engineer,99469
5583,Olivia Martinez,Database Administrator,90053
5584,Jane Clark,DevOps Engineer,77183
5585,Bob Johnson,Software Engineer,99385
5586,Jane Harris,Data Analyst,59234
5587,Jane Clark,AI Researcher,67030
5588,Emma Brown,DevOps Engineer,59235
5589,Bob Harris,Network Engineer,90147
5590,David Johnson,AI Researcher,93919
5591,Michael Walker,Network Engineer,61712
5592,Sophia Martinez,Product Manager,57575
5593,Bob Smith,Data Analyst,96682
5594,David Johnson,Product Manager,63335
5595,David Harris,Project Manager,77118
5596,Michael Walker,UX Designer,85412
5597,Charlie Johnson,Project Manager,55400
5598,Jane Walker,Data Analyst,54151
5599,Olivia Harris,System Administrator,75948
5600,Michael Anderson,Software Engineer,61824
5601,Bob Walker,Product Manager,80646
5602,John Clark,Product Manager,76186
5603,Michael Johnson,Data Analyst,91994
5604,David Smith,Database Administrator,55071
5605,Michael Clark,AI Researcher,82532
5606,Charlie Anderson,UX Designer,50636
5607,Charlie Johnson,UX Designer,94048
5608,Olivia Clark,Product Manager,80489
5609,Emma Johnson,Project Manager,93253
5610,Emma Harris,UX Designer,69027
5611,Jane Lewis,UX Designer,85109
5612,Charlie Clark,Product Manager,75878
5613,David Harris,Database Administrator,62442
5614,Bob Taylor,DevOps Engineer,94442
5615,Alice Lewis,Project Manager,62440
5616,Alice Martinez,System Administrator,61803
5617,Jane Clark,Software Engineer,63235
5618,Emma Smith,Network Engineer,73957
5619,David Anderson,AI Researcher,98595
5620,Bob Harris,DevOps Engineer,90462
5621,Alice Lewis,Product Manager,63220
5622,David Harris,Product Manager,55328
5623,David Walker,UX Designer,50933
5624,Alice Taylor,Data Analyst,69087
5625,Michael Johnson,Data Analyst,96714
5626,Michael Walker,Database Administrator,98371
5627,Charlie Smith,System Administrator,83611
5628,John Lewis,System Administrator,99286
5629,David Harris,Product Manager,75689
5630,Jane Johnson,AI Researcher,70030
5631,Jane Clark,UX Designer,83378
5632,Emma Lewis,Software Engineer,64247
5633,Sophia Clark,System Administrator,64734
5634,Sophia Smith,Project Manager,97870
5635,Emma Walker,Software Engineer,70029
5636,Sophia Johnson,UX Designer,56955
5637,John Johnson,Data Analyst,98636
5638,Charlie Brown,UX Designer,92472
5639,Emma Taylor,Project Manager,99726
5640,Jane Martinez,Data Analyst,50495
5641,Bob Taylor,Software Engineer,96488
5642,David Johnson,Database Administrator,76878
5643,Charlie Walker,System Administrator,63740
5644,Alice Lewis,AI Researcher,60040
5645,David Harris,UX Designer,98001
5646,Emma Lewis,Product Manager,73680
5647,Alice Lewis,Database Administrator,95411
5648,Charlie Lewis,Network Engineer,63250
5649,Michael Walker,Product Manager,89245
5650,Bob Brown,UX Designer,97739
5651,Charlie Brown,DevOps Engineer,54704
5652,Michael Anderson,AI Researcher,83939
5653,Emma Walker,Database Administrator,62752
5654,Emma Brown,Database Administrator,81332
5655,Michael Lewis,System Administrator,60725
5656,Bob Harris,System Administrator,79565
5657,David Johnson,Database Administrator,94867
5658,Michael Walker,Product Manager,98903
5659,Sophia Brown,Software Engineer,89834
5660,Sophia Martinez,UX Designer,72860
5661,John Lewis,Product Manager,99817
5662,Charlie Brown,UX Designer,67598
5663,Charlie Taylor,Product Manager,94022
5664,Olivia Walker,Data Analyst,66429
5665,Bob Anderson,Project Manager,54437
5666,Charlie Martinez,Project Manager,62305
5667,Michael Taylor,Product Manager,69403
5668,John Walker,Project Manager,85839
5669,David Clark,Product Manager,66394
5670,Charlie Brown,Product Manager,60324
5671,Olivia Lewis,AI Researcher,53299
5672,Charlie Clark,Product Manager,97608
5673,Emma Brown,Software Engineer,88560
5674,David Clark,Network Engineer,86344
5675,Sophia Johnson,Database Administrator,73410
5676,Michael Anderson,Product Manager,86569
5677,Charlie Smith,Project Manager,91339
5678,John Martinez,Database Administrator,94399
5679,Michael Smith,Data Analyst,71132
5680,Michael Lewis,Network Engineer,77948
5681,David Lewis,Data Analyst,71785
5682,John Martinez,Product Manager,70828
5683,Olivia Taylor,System Administrator,68444
5684,John Taylor,System Administrator,78787
5685,Alice Taylor,DevOps Engineer,65310
5686,David Harris,UX Designer,65268
5687,John Walker,Network Engineer,83572
5688,Olivia Taylor,Network Engineer,76917
5689,Michael Johnson,Project Manager,54601
5690,David Smith,Software Engineer,85442
5691,Sophia Johnson,DevOps Engineer,50315
5692,Jane Martinez,DevOps Engineer,90150
5693,Bob Martinez,Data Analyst,60694
5694,David Taylor,System Administrator,79635
5695,Alice Clark,Data Analyst,97988
5696,Emma Clark,Network Engineer,88226
5697,Sophia Taylor,Database Administrator,62559
5698,John Harris,AI Researcher,66468
5699,Michael Harris,System Administrator,67198
5700,David Lewis,Database Administrator,72576
5701,Michael Brown,Product Manager,81912
5702,John Harris,AI Researcher,56201
5703,Alice Brown,Data Analyst,60893
5704,David Lewis,Product Manager,74261
5705,Jane Clark,AI Researcher,74349
5706,David Martinez,Database Administrator,86538
5707,Sophia Martinez,Network Engineer,87824
5708,Sophia Anderson,Project Manager,78984
5709,David Johnson,DevOps Engineer,90867
5710,John Martinez,Data Analyst,57304
5711,Olivia Brown,Software Engineer,65905
5712,Alice Smith,Software Engineer,51718
5713,Sophia Taylor,Data Analyst,80517
5714,Charlie Brown,Network Engineer,68935
5715,David Smith,Data Analyst,62992
5716,David Johnson,DevOps Engineer,66981
5717,Michael Clark,Data Analyst,89505
5718,Sophia Johnson,System Administrator,65980
5719,Charlie Clark,Database Administrator,61684
5720,David Smith,Software Engineer,99244
5721,Olivia Taylor,Software Engineer,86242
5722,Olivia Taylor,Data Analyst,78418
5723,Sophia Anderson,Product Manager,91433
5724,David Smith,AI Researcher,68462
5725,Charlie Harris,Product Manager,62404
5726,Michael Clark,Project Manager,89235
5727,Emma Lewis,Database Administrator,61613
5728,John Taylor,DevOps Engineer,91169
5729,Charlie Martinez,AI Researcher,57543
5730,Michael Walker,Project Manager,77515
5731,Olivia Johnson,Product Manager,75485
5732,John Smith,UX Designer,98956
5733,Michael Brown,Project Manager,76478
5734,Alice Martinez,DevOps Engineer,69543
5735,Michael Anderson,System Administrator,69756
5736,John Johnson,Product Manager,56754
5737,Jane Johnson,Network Engineer,70848
5738,Alice Clark,System Administrator,88421
5739,John Johnson,Product Manager,97426
5740,Sophia Taylor,Product Manager,67772
5741,Alice Smith,UX Designer,90707
5742,David Taylor,System Administrator,88842
5743,Michael Martinez,Software Engineer,89955
5744,Charlie Brown,Database Administrator,55038
5745,Bob Clark,AI Researcher,96690
5746,David Taylor,UX Designer,72673
5747,Sophia Lewis,UX Designer,60015
5748,Charlie Clark,Data Analyst,74408
5749,David Clark,Network Engineer,91582
5750,Charlie Anderson,Product Manager,67962
5751,Bob Taylor,Network Engineer,79102
5752,Emma Walker,DevOps Engineer,82182
5753,Sophia Harris,AI Researcher,64674
5754,Olivia Taylor,Product Manager,60632
5755,Charlie Harris,System Administrator,97701
5756,Charlie Martinez,UX Designer,70853
5757,John Taylor,Network Engineer,82783
5758,Charlie Taylor,Database Administrator,55057
5759,David Harris,System Administrator,57963
5760,Bob Anderson,Project Manager,57214
5761,John Walker,Database Administrator,66068
5762,Charlie Walker,Product Manager,70831
5763,Charlie Clark,Database Administrator,77625
5764,Sophia Harris,Database Administrator,57846
5765,John Johnson,Product Manager,84268
5766,Sophia Smith,DevOps Engineer,50159
5767,John Lewis,Project Manager,63865
5768,John Walker,DevOps Engineer,70502
5769,John Johnson,Project Manager,84159
5770,Alice Brown,Software Engineer,72144
5771,Olivia Taylor,DevOps Engineer,86396
5772,Alice Anderson,Database Administrator,74940
5773,Emma Anderson,Product Manager,79788
5774,John Taylor,Product Manager,53641
5775,Emma Johnson,DevOps Engineer,92330
5776,David Martinez,Database Administrator,80385
5777,Charlie Smith,Data Analyst,93635
5778,Michael Anderson,Product Manager,83515
5779,Jane Anderson,Software Engineer,97365
5780,Olivia Martinez,Product Manager,52407
5781,Bob Smith,Project Manager,73819
5782,Michael Smith,UX Designer,97306
5783,Bob Anderson,Software Engineer,92186
5784,Bob Johnson,DevOps Engineer,56253
5785,David Brown,Software Engineer,78439
5786,Charlie Martinez,Network Engineer,90900
5787,Bob Harris,DevOps Engineer,64365
5788,Sophia Johnson,Data Analyst,79067
5789,Jane Brown,AI Researcher,84127
5790,Olivia Brown,Database Administrator,90067
5791,Emma Taylor,System Administrator,93823
5792,Jane Martinez,Product Manager,63993
5793,Charlie Brown,Product Manager,59341
5794,Alice Walker,DevOps Engineer,64584
5795,John Brown,Data Analyst,86662
5796,Sophia Taylor,DevOps Engineer,59847
5797,Olivia Harris,Network Engineer,78637
5798,Olivia Lewis,System Administrator,92785
5799,Jane Clark,Database Administrator,94416
5800,Jane Johnson,DevOps Engineer,53670
5801,Michael Smith,Network Engineer,55088
5802,Emma Harris,Project Manager,84401
5803,Emma Anderson,Project Manager,59650
5804,Olivia Harris,AI Researcher,70658
5805,Emma Anderson,Product Manager,59545
5806,Charlie Anderson,Data Analyst,83270
5807,Jane Johnson,Product Manager,69301
5808,Olivia Lewis,DevOps Engineer,93076
5809,Jane Clark,Product Manager,50964
5810,Sophia Smith,Database Administrator,80431
5811,Sophia Clark,UX Designer,65376
5812,Sophia Smith,Database Administrator,53019
5813,David Harris,Product Manager,92925
5814,John Anderson,AI Researcher,59745
5815,Olivia Clark,Database Administrator,97317
5816,Jane Lewis,Software Engineer,75611
5817,Emma Smith,DevOps Engineer,93934
5818,David Smith,Project Manager,66501
5819,Jane Smith,Product Manager,89510
5820,Charlie Walker,Project Manager,96687
5821,David Brown,Project Manager,87885
5822,Alice Anderson,Database Administrator,68188
5823,Olivia Smith,Product Manager,68095
5824,Sophia Harris,Database Administrator,63553
5825,Emma Clark,Database Administrator,58003
5826,David Brown,UX Designer,51961
5827,Jane Johnson,Database Administrator,63022
5828,David Brown,Network Engineer,71326
5829,Michael Brown,Data Analyst,89822
5830,Michael Johnson,Network Engineer,56517
5831,Michael Johnson,UX Designer,53325
5832,Charlie Harris,Database Administrator,56837
5833,Emma Taylor,Data Analyst,98948
5834,Alice Lewis,DevOps Engineer,76468
5835,Michael Anderson,Product Manager,91936
5836,Emma Anderson,Data Analyst,74108
5837,Sophia Martinez,Project Manager,80218
5838,Michael Lewis,System Administrator,77068
5839,Olivia Brown,Software Engineer,82059
5840,John Brown,AI Researcher,65823
5841,Olivia Smith,Project Manager,94367
5842,Olivia Taylor,UX Designer,89341
5843,Emma Anderson,Software Engineer,65267
5844,Alice Clark,Database Administrator,57733
5845,Alice Johnson,Database Administrator,96335
5846,Emma Walker,AI Researcher,88009
5847,Olivia Walker,Product Manager,85797
5848,Sophia Walker,System Administrator,61890
5849,Sophia Smith,Project Manager,95209
5850,Sophia Walker,Project Manager,64724
5851,Olivia Anderson,Product Manager,85942
5852,John Johnson,Data Analyst,59277
5853,Olivia Walker,UX Designer,76057
5854,Olivia Clark,Project Manager,93747
5855,Olivia Johnson,DevOps Engineer,67404
5856,Sophia Walker,Data Analyst,70406
5857,Bob Brown,UX Designer,53316
5858,Charlie Anderson,DevOps Engineer,54324
5859,John Brown,DevOps Engineer,91510
5860,Alice Anderson,UX Designer,71077
5861,John Smith,System Administrator,85429
5862,Sophia Harris,Data Analyst,90074
5863,John Taylor,AI Researcher,85124
5864,Alice Clark,UX Designer,97328
5865,David Johnson,System Administrator,51145
5866,Sophia Brown,AI Researcher,92257
5867,Sophia Walker,AI Researcher,64124
5868,Olivia Clark,Data Analyst,88029
5869,Sophia Anderson,Database Administrator,89941
5870,Bob Smith,AI Researcher,55307
5871,David Taylor,Database Administrator,83706
5872,David Harris,UX Designer,76078
5873,David Smith,DevOps Engineer,81904
5874,Emma Johnson,AI Researcher,71158
5875,Alice Walker,AI Researcher,67529
5876,Sophia Johnson,Project Manager,74832
5877,David Smith,DevOps Engineer,80607
5878,John Brown,DevOps Engineer,79862
5879,Charlie Johnson,AI Researcher,55734
5880,Charlie Smith,Network Engineer,67846
5881,Sophia Martinez,Software Engineer,51656
5882,David Johnson,Database Administrator,86714
5883,Michael Martinez,Data Analyst,64000
5884,Jane Anderson,Project Manager,59638
5885,Michael Martinez,System Administrator,62392
5886,Jane Smith,DevOps Engineer,95319
5887,Alice Smith,Product Manager,52383
5888,Olivia Taylor,UX Designer,99577
5889,David Brown,AI Researcher,93467
5890,Emma Harris,AI Researcher,81354
5891,Sophia Anderson,Project Manager,58305
5892,Alice Brown,DevOps Engineer,79060
5893,David Walker,Network Engineer,62542
5894,Jane Martinez,System Administrator,60533
5895,Emma Clark,DevOps Engineer,51155
5896,Alice Johnson,Network Engineer,80970
5897,Michael Walker,AI Researcher,84891
5898,Michael Walker,Network Engineer,62159
5899,Michael Lewis,System Administrator,90216
5900,David Brown,DevOps Engineer,58864
5901,Olivia Brown,DevOps Engineer,98950
5902,Emma Walker,AI Researcher,87932
5903,Sophia Harris,Software Engineer,59056
5904,David Walker,Database Administrator,75477
5905,Michael Anderson,Software Engineer,53109
5906,Sophia Martinez,Product Manager,74940
5907,Bob Anderson,System Administrator,57527
5908,Charlie Smith,Software Engineer,77438
5909,Charlie Clark,Network Engineer,68419
5910,David Lewis,UX Designer,64055
5911,Emma Lewis,Data Analyst,54156
5912,Jane Harris,DevOps Engineer,77013
5913,Emma Taylor,UX Designer,54320
5914,Michael Taylor,Database Administrator,76919
5915,Sophia Smith,DevOps Engineer,84142
5916,John Lewis,Data Analyst,67247
5917,Sophia Johnson,System Administrator,87983
5918,Emma Taylor,Data Analyst,67276
5919,David Harris,UX Designer,91678
5920,Alice Harris,Database Administrator,60449
5921,David Johnson,Project Manager,69858
5922,John Lewis,DevOps Engineer,56292
5923,Olivia Lewis,Database Administrator,50059
5924,Bob Clark,Database Administrator,81650
5925,Olivia Harris,UX Designer,50311
5926,Jane Martinez,Product Manager,72777
5927,David Smith,System Administrator,78672
5928,Emma Martinez,Database Administrator,65733
5929,David Smith,UX Designer,91682
5930,Alice Taylor,Data Analyst,66693
5931,David Johnson,DevOps Engineer,66428
5932,Sophia Anderson,Network Engineer,52009
5933,Sophia Walker,DevOps Engineer,91470
5934,Michael Smith,Product Manager,64005
5935,David Anderson,Product Manager,57435
5936,Olivia Martinez,Network Engineer,96488
5937,Olivia Clark,Data Analyst,93185
5938,David Harris,Project Manager,51530
5939,John Smith,Software Engineer,53199
5940,John Walker,Software Engineer,88066
5941,John Harris,Software Engineer,85568
5942,Michael Anderson,System Administrator,51170
5943,Olivia Clark,Data Analyst,88894
5944,Olivia Taylor,Data Analyst,80138
5945,Michael Johnson,Data Analyst,83584
5946,David Anderson,System Administrator,70440
5947,Jane Smith,Software Engineer,89747
5948,Michael Anderson,UX Designer,75605
5949,Sophia Clark,Network Engineer,61062
5950,Bob Brown,Network Engineer,95037
5951,Alice Smith,Product Manager,50537
5952,Sophia Smith,Product Manager,89014
5953,Jane Smith,UX Designer,84814
5954,Bob Johnson,Software Engineer,66797
5955,Olivia Walker,Network Engineer,99495
5956,Michael Anderson,Project Manager,91785
5957,Sophia Lewis,Product Manager,74151
5958,Olivia Brown,Data Analyst,81950
5959,Michael Johnson,UX Designer,97134
5960,Olivia Harris,System Administrator,83484
5961,Olivia Johnson,Project Manager,73408
5962,Olivia Johnson,Network Engineer,98950
5963,Olivia Johnson,System Administrator,98200
5964,John Walker,Network Engineer,89860
5965,Charlie Martinez,DevOps Engineer,89917
5966,John Walker,Network Engineer,57658
5967,Alice Johnson,Product Manager,95270
5968,Michael Anderson,Data Analyst,59059
5969,Sophia Brown,AI Researcher,54195
5970,Bob Walker,DevOps Engineer,75311
5971,Michael Clark,Network Engineer,94850
5972,Michael Smith,AI Researcher,60863
5973,Jane Brown,Data Analyst,50762
5974,Alice Johnson,Database Administrator,96071
5975,Alice Walker,Project Manager,64880
5976,Olivia Lewis,Network Engineer,93439
5977,Charlie Taylor,System Administrator,67567
5978,Michael Taylor,AI Researcher,81073
5979,Jane Anderson,Network Engineer,69010
5980,John Smith,Database Administrator,58884
5981,Bob Brown,DevOps Engineer,80504
5982,Emma Anderson,System Administrator,61708
5983,Jane Taylor,System Administrator,65519
5984,David Lewis,DevOps Engineer,91715
5985,Alice Brown,UX Designer,91366
5986,Emma Lewis,Project Manager,68085
5987,Michael Walker,AI Researcher,84496
5988,Emma Clark,Software Engineer,64909
5989,Alice Lewis,Network Engineer,86241
5990,John Taylor,Software Engineer,66394
5991,Michael Clark,Data Analyst,96603
5992,Jane Johnson,Data Analyst,50125
5993,Charlie Taylor,AI Researcher,85649
5994,Emma Harris,Software Engineer,84042
5995,Alice Anderson,Network Engineer,95784
5996,Olivia Walker,Project Manager,58455
5997,Sophia Johnson,Software Engineer,53993
5998,Bob Johnson,Software Engineer,84735
5999,Olivia Harris,System Administrator,70290
6000,Sophia Johnson,Database Administrator,99367
6001,Jane Brown,Data Analyst,50668
6002,Olivia Johnson,DevOps Engineer,76441
6003,Charlie Walker,Product Manager,50046
6004,Bob Lewis,Network Engineer,75460
6005,Emma Clark,DevOps Engineer,58426
6006,Alice Anderson,Product Manager,80141
6007,Sophia Walker,Software Engineer,79754
6008,John Martinez,Data Analyst,85042
6009,Charlie Harris,Network Engineer,59128
6010,Sophia Martinez,Database Administrator,67257
6011,Charlie Martinez,Data Analyst,78442
6012,John Taylor,Network Engineer,69278
6013,Sophia Smith,Network Engineer,97715
6014,John Brown,Project Manager,89633
6015,Jane Smith,Data Analyst,99378
6016,Charlie Johnson,Product Manager,96294
6017,Charlie Anderson,AI Researcher,57459
6018,John Anderson,AI Researcher,74476
6019,Jane Taylor,Product Manager,55113
6020,Emma Lewis,Product Manager,96327
6021,Olivia Clark,Database Administrator,89017
6022,John Brown,Project Manager,62201
6023,Michael Brown,Software Engineer,95439
6024,Olivia Clark,Project Manager,53649
6025,Sophia Walker,Data Analyst,70464
6026,Olivia Martinez,Software Engineer,85750
6027,Olivia Clark,Software Engineer,54743
6028,Olivia Taylor,AI Researcher,99028
6029,David Brown,Network Engineer,57687
6030,Emma Harris,Data Analyst,72243
6031,Olivia Lewis,DevOps Engineer,69928
6032,Michael Harris,UX Designer,76455
6033,Alice Taylor,AI Researcher,67987
6034,John Taylor,AI Researcher,84716
6035,Bob Johnson,Database Administrator,62718
6036,Bob Lewis,Database Administrator,75017
6037,David Lewis,DevOps Engineer,62685
6038,Sophia Brown,Database Administrator,86541
6039,Emma Anderson,Product Manager,63651
6040,Olivia Clark,AI Researcher,74639
6041,Charlie Anderson,Database Administrator,72157
6042,Olivia Taylor,Project Manager,60824
6043,David Harris,Network Engineer,73360
6044,Bob Taylor,Database Administrator,75046
6045,Olivia Harris,Network Engineer,62235
6046,Olivia Clark,Software Engineer,62141
6047,Michael Anderson,Network Engineer,95967
6048,Bob Smith,Project Manager,54940
6049,Alice Johnson,Software Engineer,96444
6050,Emma Walker,AI Researcher,75344
6051,Olivia Johnson,Network Engineer,69856
6052,Bob Anderson,Database Administrator,90639
6053,Bob Anderson,Network Engineer,56375
6054,Alice Anderson,System Administrator,60561
6055,Emma Johnson,Data Analyst,58002
6056,Bob Walker,UX Designer,70079
6057,Bob Brown,UX Designer,96197
6058,Jane Brown,Database Administrator,85269
6059,Emma Anderson,Database Administrator,92252
6060,David Harris,UX Designer,70447
6061,Emma Clark,Data Analyst,56964
6062,Sophia Clark,Software Engineer,74295
6063,Bob Harris,DevOps Engineer,79709
6064,Sophia Johnson,Database Administrator,69596
6065,Bob Lewis,Network Engineer,67293
6066,Michael Johnson,Project Manager,99002
6067,Charlie Lewis,Software Engineer,98754
6068,Sophia Walker,Data Analyst,85669
6069,Sophia Clark,Product Manager,78775
6070,Jane Lewis,Database Administrator,56851
6071,John Taylor,Product Manager,65503
6072,Olivia Smith,UX Designer,56425
6073,David Harris,Network Engineer,62071
6074,Jane Clark,Product Manager,64344
6075,David Lewis,Software Engineer,53492
6076,Jane Taylor,Data Analyst,57859
6077,Charlie Clark,Data Analyst,58032
6078,Emma Brown,Product Manager,65093
6079,Charlie Johnson,AI Researcher,92135
6080,John Johnson,Data Analyst,76538
6081,Alice Harris,Database Administrator,71974
6082,Jane Martinez,DevOps Engineer,51062
6083,Alice Brown,Product Manager,76189
6084,Charlie Clark,DevOps Engineer,55600
6085,Jane Clark,System Administrator,88562
6086,Jane Johnson,Product Manager,77204
6087,John Anderson,DevOps Engineer,80944
6088,Michael Brown,AI Researcher,82919
6089,Olivia Johnson,DevOps Engineer,65866
6090,Charlie Smith,Project Manager,78553
6091,Charlie Lewis,DevOps Engineer,92690
6092,John Martinez,AI Researcher,59372
6093,Bob Anderson,Database Administrator,66770
6094,Alice Walker,Database Administrator,50858
6095,Alice Smith,Network Engineer,78851
6096,Olivia Clark,Database Administrator,57022
6097,Jane Johnson,Software Engineer,88078
6098,Charlie Clark,Project Manager,84589
6099,David Clark,Network Engineer,76495
6100,Jane Clark,Software Engineer,51072
6101,Charlie Taylor,Database Administrator,54229
6102,Jane Lewis,Database Administrator,91916
6103,Bob Taylor,Database Administrator,52130
6104,Jane Martinez,Network Engineer,83650
6105,Alice Lewis,AI Researcher,99319
6106,Michael Taylor,AI Researcher,57771
6107,Sophia Lewis,Project Manager,62068
6108,Jane Anderson,Product Manager,82246
6109,Michael Anderson,Product Manager,93302
6110,David Anderson,Database Administrator,84226
6111,John Martinez,AI Researcher,54018
6112,Emma Johnson,Database Administrator,61208
6113,Jane Taylor,AI Researcher,97105
6114,John Taylor,System Administrator,92452
6115,Bob Walker,Data Analyst,93332
6116,Charlie Walker,Software Engineer,84362
6117,Sophia Harris,AI Researcher,92675
6118,Charlie Taylor,Data Analyst,86953
6119,Jane Harris,AI Researcher,60906
6120,Alice Walker,Data Analyst,67700
6121,Olivia Walker,Network Engineer,81368
6122,John Johnson,Network Engineer,82967
6123,David Johnson,Database Administrator,78837
6124,John Johnson,Database Administrator,96194
6125,Alice Johnson,Project Manager,69423
6126,Charlie Martinez,Network Engineer,74404
6127,Olivia Smith,UX Designer,80062
6128,Alice Taylor,Product Manager,72582
6129,Olivia Martinez,Product Manager,58884
6130,Michael Harris,AI Researcher,70539
6131,Olivia Clark,Product Manager,80938
6132,Alice Martinez,Database Administrator,83258
6133,Olivia Walker,Product Manager,95882
6134,Bob Brown,Project Manager,64295
6135,Michael Walker,Data Analyst,53845
6136,Michael Harris,Project Manager,88062
6137,Michael Martinez,AI Researcher,81266
6138,Emma Brown,Project Manager,77190
6139,Alice Clark,UX Designer,90722
6140,Emma Martinez,DevOps Engineer,58045
6141,Olivia Walker,Software Engineer,96061
6142,Sophia Harris,Database Administrator,80404
6143,Alice Taylor,Data Analyst,91248
6144,John Brown,Data Analyst,56963
6145,David Johnson,Network Engineer,92687
6146,Alice Johnson,Database Administrator,88826
6147,Charlie Martinez,AI Researcher,64853
6148,Michael Martinez,Software Engineer,67914
6149,Olivia Brown,Network Engineer,65458
6150,John Martinez,System Administrator,65263
6151,Charlie Martinez,Data Analyst,52920
6152,Michael Clark,Data Analyst,83528
6153,Alice Walker,System Administrator,64668
6154,Michael Brown,Product Manager,93930
6155,Charlie Harris,AI Researcher,85377
6156,David Walker,Product Manager,65181
6157,Charlie Walker,UX Designer,50912
6158,Michael Johnson,Project Manager,86550
6159,David Walker,AI Researcher,84439
6160,Alice Anderson,Data Analyst,53085
6161,Michael Taylor,Product Manager,62696
6162,Michael Anderson,Software Engineer,97029
6163,Emma Walker,Product Manager,94224
6164,Charlie Martinez,Data Analyst,56468
6165,Emma Smith,Product Manager,56161
6166,Charlie Clark,Database Administrator,81907
6167,Olivia Smith,UX Designer,91446
6168,Olivia Anderson,Network Engineer,95860
6169,Charlie Johnson,Project Manager,55701
6170,Bob Clark,System Administrator,71464
6171,Jane Harris,Project Manager,91380
6172,David Smith,Product Manager,72647
6173,Charlie Walker,AI Researcher,81846
6174,Michael Taylor,Network Engineer,99762
6175,Jane Martinez,System Administrator,50231
6176,David Clark,Data Analyst,51247
6177,David Smith,Product Manager,51566
6178,Alice Martinez,AI Researcher,62536
6179,Emma Lewis,UX Designer,72869
6180,David Smith,AI Researcher,68040
6181,John Smith,Data Analyst,86599
6182,Alice Taylor,Product Manager,91379
6183,Emma Harris,Data Analyst,88099
6184,Charlie Johnson,Project Manager,85529
6185,Michael Harris,Network Engineer,62701
6186,Alice Walker,UX Designer,95063
6187,Sophia Taylor,Network Engineer,80086
6188,Charlie Clark,UX Designer,89032
6189,Charlie Taylor,AI Researcher,99996
6190,David Harris,Database Administrator,58209
6191,David Johnson,Software Engineer,52657
6192,John Johnson,System Administrator,85649
6193,Sophia Lewis,UX Designer,56944
6194,Olivia Taylor,UX Designer,81301
6195,Olivia Harris,AI Researcher,91241
6196,Alice Smith,AI Researcher,98711
6197,Michael Smith,DevOps Engineer,60091
6198,Jane Lewis,AI Researcher,69077
6199,David Clark,AI Researcher,66011
6200,David Martinez,Software Engineer,65735
6201,David Martinez,DevOps Engineer,51330
6202,Michael Walker,AI Researcher,90284
6203,David Smith,Network Engineer,68368
6204,Emma Harris,UX Designer,88340
6205,Emma Lewis,Network Engineer,93511
6206,Jane Walker,Database Administrator,98952
6207,David Taylor,Project Manager,74867
6208,Sophia Walker,DevOps Engineer,74087
6209,Jane Walker,Network Engineer,50480
6210,Olivia Smith,Product Manager,60524
6211,Emma Martinez,System Administrator,87140
6212,Emma Clark,Database Administrator,98362
6213,Olivia Johnson,Database Administrator,60827
6214,Alice Johnson,AI Researcher,99170
6215,Sophia Martinez,Software Engineer,69238
6216,Bob Smith,Product Manager,57097
6217,Michael Walker,System Administrator,96468
6218,Emma Martinez,Software Engineer,74134
6219,Olivia Clark,System Administrator,78034
6220,Jane Johnson,Data Analyst,89016
6221,Olivia Smith,AI Researcher,94496
6222,Alice Anderson,Data Analyst,74138
6223,Alice Lewis,Database Administrator,87779
6224,David Martinez,Data Analyst,77143
6225,Olivia Johnson,DevOps Engineer,85399
6226,Olivia Lewis,Data Analyst,59205
6227,Jane Walker,Data Analyst,57321
6228,Michael Martinez,Data Analyst,94905
6229,Sophia Brown,UX Designer,85780
6230,Bob Smith,Data Analyst,89485
6231,Sophia Johnson,Network Engineer,76601
6232,Jane Brown,Data Analyst,76920
6233,Sophia Walker,Product Manager,91973
6234,Alice Clark,Network Engineer,90811
6235,Olivia Harris,Project Manager,90305
6236,Charlie Martinez,Product Manager,86163
6237,Charlie Taylor,System Administrator,96820
6238,Emma Harris,Network Engineer,83194
6239,Olivia Smith,Project Manager,81224
6240,David Johnson,Product Manager,58234
6241,Alice Martinez,System Administrator,92155
6242,Sophia Clark,System Administrator,66766
6243,Sophia Anderson,Project Manager,60666
6244,John Martinez,Database Administrator,78679
6245,Jane Martinez,UX Designer,79808
6246,Sophia Anderson,Software Engineer,93086
6247,David Taylor,Network Engineer,60610
6248,Sophia Martinez,Product Manager,75840
6249,Olivia Johnson,Product Manager,88029
6250,Bob Anderson,Project Manager,79711
6251,Emma Smith,Software Engineer,62783
6252,Alice Lewis,Product Manager,60223
6253,Olivia Clark,Product Manager,87598
6254,Emma Smith,UX Designer,83780
6255,Alice Taylor,Software Engineer,56438
6256,Charlie Harris,Project Manager,57341
6257,Sophia Taylor,DevOps Engineer,95864
6258,Alice Harris,DevOps Engineer,79052
6259,Sophia Brown,AI Researcher,55936
6260,Olivia Johnson,DevOps Engineer,78424
6261,John Lewis,AI Researcher,69323
6262,Sophia Taylor,DevOps Engineer,80711
6263,Charlie Walker,AI Researcher,93753
6264,Michael Taylor,Network Engineer,95136
6265,Charlie Harris,Database Administrator,58456
6266,John Lewis,UX Designer,75725
6267,Alice Clark,UX Designer,94992
6268,Bob Lewis,Product Manager,66747
6269,Olivia Taylor,Database Administrator,76052
6270,John Clark,AI Researcher,85021
6271,Alice Clark,Software Engineer,58952
6272,Jane Lewis,Project Manager,95819
6273,Bob Walker,Project Manager,57899
6274,Emma Clark,UX Designer,65914
6275,Michael Anderson,System Administrator,78789
6276,Charlie Johnson,Database Administrator,56728
6277,Bob Smith,Database Administrator,86343
6278,David Harris,Product Manager,54800
6279,Sophia Smith,UX Designer,74264
6280,Sophia Martinez,Data Analyst,79527
6281,Alice Taylor,Product Manager,56105
6282,Bob Walker,Network Engineer,81299
6283,Sophia Taylor,Project Manager,69181
6284,Emma Johnson,UX Designer,68915
6285,Bob Martinez,System Administrator,79045
6286,Charlie Clark,Network Engineer,63716
6287,Jane Anderson,UX Designer,75145
6288,Alice Taylor,Database Administrator,51864
6289,Michael Smith,UX Designer,95077
6290,Bob Lewis,Network Engineer,80354
6291,Charlie Clark,Project Manager,77790
6292,Sophia Anderson,Product Manager,65649
6293,Alice Johnson,Product Manager,72502
6294,John Taylor,Data Analyst,51584
6295,Alice Anderson,UX Designer,62073
6296,Sophia Walker,Product Manager,92039
6297,Sophia Brown,Software Engineer,52820
6298,Olivia Johnson,AI Researcher,81273
6299,Sophia Brown,DevOps Engineer,79220
6300,Michael Walker,Network Engineer,56963
6301,Charlie Martinez,Data Analyst,55190
6302,David Lewis,UX Designer,61622
6303,Jane Taylor,Data Analyst,61073
6304,Alice Martinez,Database Administrator,85689
6305,Olivia Brown,DevOps Engineer,93904
6306,David Harris,UX Designer,74354
6307,Emma Anderson,Database Administrator,58278
6308,Jane Harris,Network Engineer,99720
6309,Charlie Walker,Network Engineer,64162
6310,Sophia Smith,AI Researcher,53357
6311,Michael Taylor,Product Manager,97019
6312,Bob Taylor,DevOps Engineer,54139
6313,Bob Brown,Project Manager,87277
6314,Bob Anderson,Database Administrator,53896
6315,Michael Taylor,AI Researcher,95259
6316,Charlie Walker,DevOps Engineer,94061
6317,Jane Taylor,UX Designer,79336
6318,Sophia Brown,Database Administrator,81310
6319,Charlie Clark,Data Analyst,87280
6320,Alice Anderson,Database Administrator,85329
6321,David Clark,Network Engineer,57107
6322,Emma Clark,Project Manager,50475
6323,Jane Taylor,System Administrator,64323
6324,Michael Walker,Project Manager,84711
6325,John Taylor,System Administrator,72574
6326,John Johnson,Data Analyst,92325
6327,John Martinez,Software Engineer,73744
6328,Bob Harris,Data Analyst,92565
6329,John Lewis,Data Analyst,56703
6330,Emma Taylor,System Administrator,83915
6331,David Anderson,Software Engineer,53662
6332,Alice Clark,Data Analyst,75872
6333,Emma Walker,Product Manager,84223
6334,John Martinez,UX Designer,79396
6335,John Johnson,Project Manager,84476
6336,Olivia Brown,Project Manager,71463
6337,John Martinez,Product Manager,75440
6338,Olivia Clark,Project Manager,53840
6339,David Clark,Data Analyst,80142
6340,Emma Martinez,Database Administrator,69589
6341,Olivia Johnson,Network Engineer,92829
6342,Alice Harris,Project Manager,61120
6343,Sophia Anderson,DevOps Engineer,89563
6344,Michael Smith,Software Engineer,53307
6345,Alice Martinez,Database Administrator,81570
6346,Bob Anderson,AI Researcher,56736
6347,Michael Johnson,Product Manager,88528
6348,Olivia Taylor,Product Manager,89795
6349,Emma Lewis,System Administrator,58820
6350,Alice Taylor,Product Manager,57153
6351,Sophia Johnson,Database Administrator,71492
6352,Michael Smith,Database Administrator,50790
6353,Olivia Lewis,Database Administrator,63151
6354,Michael Smith,Software Engineer,84778
6355,Michael Brown,System Administrator,69606
6356,Sophia Smith,System Administrator,63535
6357,Alice Walker,UX Designer,95076
6358,David Harris,System Administrator,68399
6359,Charlie Clark,System Administrator,99010
6360,Olivia Johnson,Product Manager,50181
6361,Jane Anderson,Database Administrator,99050
6362,Michael Taylor,System Administrator,88370
6363,Olivia Brown,DevOps Engineer,91970
6364,Emma Brown,Project Manager,54168
6365,Charlie Lewis,Project Manager,75437
6366,Jane Clark,Project Manager,55492
6367,Charlie Harris,Data Analyst,71317
6368,Olivia Anderson,UX Designer,57477
6369,Bob Harris,System Administrator,68752
6370,Bob Harris,Database Administrator,83254
6371,Emma Taylor,Network Engineer,51511
6372,Charlie Walker,Database Administrator,61043
6373,Bob Martinez,Software Engineer,68925
6374,Bob Taylor,Database Administrator,69714
6375,Olivia Harris,DevOps Engineer,82050
6376,Charlie Taylor,DevOps Engineer,64269
6377,John Walker,Project Manager,88765
6378,John Clark,Product Manager,71336
6379,Bob Martinez,AI Researcher,60179
6380,Emma Anderson,AI Researcher,64159
6381,David Taylor,Database Administrator,93300
6382,Alice Clark,AI Researcher,65916
6383,John Anderson,Project Manager,77996
6384,Olivia Brown,Product Manager,88498
6385,Jane Lewis,System Administrator,75029
6386,Sophia Johnson,Software Engineer,80470
6387,Alice Smith,UX Designer,96634
6388,Emma Harris,Software Engineer,86495
6389,Bob Martinez,Data Analyst,57114
6390,Charlie Walker,DevOps Engineer,80658
6391,David Walker,Software Engineer,50381
6392,John Brown,Database Administrator,66331
6393,Jane Taylor,Network Engineer,83100
6394,Alice Smith,DevOps Engineer,84263
6395,Olivia Taylor,UX Designer,98470
6396,Michael Walker,DevOps Engineer,72227
6397,Charlie Anderson,Software Engineer,61819
6398,Olivia Taylor,Network Engineer,73760
6399,Bob Smith,UX Designer,52315
6400,Olivia Martinez,Data Analyst,59626
6401,Charlie Anderson,Network Engineer,85959
6402,Sophia Harris,Product Manager,81541
6403,Olivia Lewis,Product Manager,51246
6404,Charlie Clark,System Administrator,98908
6405,Sophia Anderson,Network Engineer,60959
6406,Emma Taylor,System Administrator,50179
6407,Jane Walker,Database Administrator,63896
6408,Alice Johnson,AI Researcher,64507
6409,Sophia Johnson,DevOps Engineer,66789
6410,Olivia Smith,Database Administrator,98841
6411,Alice Harris,System Administrator,87678
6412,Charlie Walker,DevOps Engineer,89251
6413,Olivia Clark,AI Researcher,94521
6414,Michael Anderson,Database Administrator,70891
6415,Michael Smith,System Administrator,68364
6416,Sophia Taylor,UX Designer,70431
6417,Emma Anderson,Network Engineer,56379
6418,Charlie Taylor,System Administrator,96750
6419,Olivia Harris,System Administrator,70827
6420,Sophia Brown,Data Analyst,60356
6421,Bob Lewis,UX Designer,90871
6422,Sophia Clark,System Administrator,71988
6423,Jane Walker,Network Engineer,94531
6424,Bob Lewis,System Administrator,87777
6425,Olivia Taylor,System Administrator,94789
6426,Charlie Martinez,Product Manager,65572
6427,Sophia Anderson,Software Engineer,53762
6428,Sophia Clark,Product Manager,85351
6429,Charlie Brown,Project Manager,64752
6430,Michael Harris,UX Designer,59997
6431,Charlie Taylor,Network Engineer,70253
6432,Charlie Smith,Network Engineer,58515
6433,Charlie Martinez,Network Engineer,52746
6434,Bob Smith,Database Administrator,70165
6435,Bob Clark,Project Manager,97627
6436,Sophia Taylor,Network Engineer,66873
6437,Michael Johnson,Database Administrator,95658
6438,Sophia Clark,DevOps Engineer,68914
6439,Alice Lewis,Software Engineer,97979
6440,John Martinez,Product Manager,72602
6441,David Lewis,Database Administrator,80811
6442,Olivia Walker,Network Engineer,85276
6443,Bob Brown,Product Manager,78959
6444,John Taylor,AI Researcher,76466
6445,Charlie Anderson,Product Manager,55771
6446,David Taylor,Software Engineer,74841
6447,Charlie Anderson,AI Researcher,89032
6448,Olivia Lewis,Database Administrator,79056
6449,Jane Clark,Database Administrator,58959
6450,Bob Lewis,System Administrator,52154
6451,John Martinez,Database Administrator,64725
6452,Olivia Clark,Data Analyst,55820
6453,Jane Martinez,System Administrator,51991
6454,Michael Clark,UX Designer,65359
6455,Olivia Taylor,System Administrator,75786
6456,Bob Clark,System Administrator,94651
6457,Emma Johnson,System Administrator,79744
6458,Charlie Walker,Network Engineer,74480
6459,Emma Harris,Software Engineer,95218
6460,Jane Taylor,AI Researcher,61819
6461,David Anderson,Database Administrator,71005
6462,David Walker,DevOps Engineer,64194
6463,Emma Brown,Database Administrator,79064
6464,Michael Lewis,Database Administrator,81705
6465,Sophia Harris,Network Engineer,57468
6466,Alice Martinez,System Administrator,73950
6467,Jane Smith,Network Engineer,56751
6468,John Martinez,System Administrator,82740
6469,Bob Johnson,AI Researcher,69861
6470,Bob Taylor,UX Designer,57118
6471,Olivia Johnson,Project Manager,82525
6472,Sophia Brown,Database Administrator,69979
6473,Olivia Martinez,UX Designer,89540
6474,Michael Martinez,System Administrator,53786
6475,Olivia Brown,System Administrator,71524
6476,Bob Walker,UX Designer,64552
6477,Jane Harris,Project Manager,69582
6478,John Johnson,Software Engineer,54545
6479,Bob Clark,AI Researcher,73887
6480,John Smith,Data Analyst,95368
6481,Charlie Anderson,Product Manager,77544
6482,Charlie Johnson,Data Analyst,99808
6483,Michael Smith,DevOps Engineer,99388
6484,John Taylor,Project Manager,92076
6485,David Taylor,Product Manager,87287
6486,Emma Brown,System Administrator,79770
6487,Jane Smith,DevOps Engineer,74531
6488,Bob Anderson,Network Engineer,85005
6489,Bob Clark,UX Designer,79582
6490,Olivia Martinez,DevOps Engineer,83612
6491,Jane Anderson,Software Engineer,81175
6492,David Taylor,DevOps Engineer,61634
6493,David Taylor,Project Manager,59741
6494,Charlie Taylor,Data Analyst,72983
6495,Charlie Clark,DevOps Engineer,92940
6496,Michael Smith,Software Engineer,75460
6497,John Harris,AI Researcher,56040
6498,Olivia Johnson,Network Engineer,68429
6499,Alice Johnson,AI Researcher,56737
6500,Bob Smith,UX Designer,67870
6501,Olivia Johnson,Data Analyst,74023
6502,John Brown,Software Engineer,95349
6503,Bob Johnson,DevOps Engineer,74623
6504,Olivia Johnson,Network Engineer,55248
6505,Emma Johnson,UX Designer,90823
6506,Jane Harris,Database Administrator,76393
6507,Michael Harris,Network Engineer,78046
6508,Jane Brown,Project Manager,76251
6509,Alice Harris,Data Analyst,54719
6510,Alice Johnson,Product Manager,98851
6511,Emma Smith,Network Engineer,77071
6512,David Johnson,Product Manager,96236
6513,Bob Brown,Network Engineer,52515
6514,Charlie Martinez,UX Designer,87565
6515,Charlie Brown,Project Manager,74886
6516,Sophia Clark,System Administrator,74842
6517,Emma Brown,System Administrator,93129
6518,Alice Taylor,DevOps Engineer,99693
6519,Alice Johnson,System Administrator,87700
6520,Michael Johnson,Project Manager,57050
6521,Jane Brown,AI Researcher,71704
6522,Sophia Smith,Project Manager,89888
6523,Olivia Johnson,Database Administrator,62130
6524,Emma Brown,Network Engineer,93166
6525,Michael Taylor,DevOps Engineer,92306
6526,Charlie Taylor,Software Engineer,69782
6527,Alice Anderson,Data Analyst,69120
6528,Charlie Lewis,DevOps Engineer,68393
6529,David Smith,DevOps Engineer,52437
6530,Olivia Brown,Product Manager,55091
6531,Olivia Clark,Product Manager,90313
6532,Emma Brown,Project Manager,94530
6533,Jane Anderson,Software Engineer,50608
6534,Alice Clark,Software Engineer,92259
6535,Sophia Johnson,System Administrator,89306
6536,David Johnson,Software Engineer,56660
6537,Olivia Martinez,UX Designer,52141
6538,Michael Taylor,AI Researcher,87628
6539,Sophia Johnson,Software Engineer,66852
6540,Alice Clark,Database Administrator,56348
6541,John Walker,Network Engineer,64582
6542,Alice Walker,AI Researcher,59509
6543,Charlie Johnson,Network Engineer,94174
6544,Olivia Clark,Database Administrator,92454
6545,David Walker,System Administrator,52665
6546,Bob Clark,DevOps Engineer,73961
6547,Jane Anderson,Database Administrator,97303
6548,Michael Taylor,Database Administrator,62319
6549,Alice Taylor,System Administrator,51745
6550,Bob Taylor,System Administrator,91024
6551,Bob Johnson,System Administrator,61575
6552,Olivia Johnson,Data Analyst,71610
6553,Alice Lewis,Database Administrator,96295
6554,Charlie Taylor,Database Administrator,83969
6555,Olivia Johnson,DevOps Engineer,54247
6556,Jane Brown,Software Engineer,51197
6557,Jane Clark,Data Analyst,76426
6558,Jane Brown,Network Engineer,63543
6559,Sophia Lewis,Data Analyst,51194
6560,Bob Harris,UX Designer,74616
6561,Olivia Martinez,Software Engineer,53594
6562,David Martinez,Product Manager,71529
6563,Sophia Brown,Network Engineer,79014
6564,Michael Clark,DevOps Engineer,61137
6565,John Clark,Data Analyst,52486
6566,Charlie Johnson,System Administrator,54048
6567,Emma Harris,Software Engineer,57953
6568,Jane Martinez,UX Designer,60847
6569,Charlie Smith,System Administrator,87607
6570,Alice Brown,Product Manager,74894
6571,Michael Walker,Database Administrator,94735
6572,Olivia Taylor,Software Engineer,91117
6573,Michael Smith,Network Engineer,54900
6574,David Brown,DevOps Engineer,72934
6575,Emma Walker,System Administrator,76432
6576,Jane Johnson,AI Researcher,63286
6577,Bob Brown,Software Engineer,55690
6578,David Smith,AI Researcher,66256
6579,Charlie Smith,DevOps Engineer,74330
6580,John Brown,Data Analyst,97431
6581,Emma Lewis,Database Administrator,58222
6582,Sophia Johnson,AI Researcher,70529
6583,Bob Clark,System Administrator,72286
6584,David Smith,Software Engineer,93663
6585,Michael Anderson,Network Engineer,51917
6586,Olivia Johnson,System Administrator,75507
6587,John Smith,Network Engineer,69844
6588,Charlie Smith,Database Administrator,82879
6589,Olivia Lewis,Project Manager,87409
6590,John Smith,Software Engineer,64001
6591,Jane Lewis,Network Engineer,92596
6592,Alice Walker,Product Manager,63182
6593,John Anderson,Project Manager,59193
6594,John Harris,UX Designer,57382
6595,John Anderson,AI Researcher,81586
6596,John Harris,Product Manager,83811
6597,Jane Lewis,Software Engineer,51329
6598,Sophia Smith,Software Engineer,87612
6599,David Anderson,DevOps Engineer,73892
6600,Emma Martinez,Data Analyst,91573
6601,Charlie Martinez,Software Engineer,62857
6602,John Anderson,System Administrator,73500
6603,Charlie Taylor,Software Engineer,90938
6604,Michael Johnson,Software Engineer,52164
6605,Jane Martinez,Software Engineer,60732
6606,John Smith,Data Analyst,92445
6607,David Smith,Network Engineer,51922
6608,Bob Martinez,System Administrator,88714
6609,Charlie Clark,Database Administrator,62392
6610,Olivia Taylor,AI Researcher,58483
6611,Olivia Anderson,Product Manager,95766
6612,Bob Martinez,Database Administrator,79576
6613,Michael Smith,DevOps Engineer,60295
6614,Alice Harris,System Administrator,90391
6615,Alice Brown,Software Engineer,93503
6616,Olivia Clark,AI Researcher,67592
6617,Michael Harris,Network Engineer,94612
6618,Jane Johnson,Network Engineer,53286
6619,David Martinez,Project Manager,53691
6620,Emma Smith,Network Engineer,57168
6621,Sophia Walker,Data Analyst,91637
6622,Bob Martinez,UX Designer,88320
6623,Bob Taylor,Project Manager,55696
6624,Michael Taylor,AI Researcher,74036
6625,Bob Taylor,UX Designer,85176
6626,Olivia Walker,Product Manager,60990
6627,Olivia Harris,UX Designer,89577
6628,David Brown,DevOps Engineer,99515
6629,David Taylor,Network Engineer,61111
6630,Michael Martinez,Data Analyst,73481
6631,Charlie Lewis,Network Engineer,91486
6632,Alice Johnson,Data Analyst,66375
6633,Bob Walker,UX Designer,75560
6634,Olivia Johnson,UX Designer,88417
6635,Jane Martinez,Data Analyst,67860
6636,Olivia Harris,Product Manager,56587
6637,Sophia Harris,Database Administrator,73459
6638,Alice Harris,Software Engineer,54207
6639,Alice Johnson,Database Administrator,99065
6640,Bob Taylor,Project Manager,52580
6641,Jane Martinez,Database Administrator,89966
6642,Sophia Harris,Project Manager,97398
6643,Bob Walker,Product Manager,60506
6644,John Martinez,Project Manager,65472
6645,Olivia Brown,System Administrator,53948
6646,Olivia Taylor,Network Engineer,57655
6647,Olivia Clark,DevOps Engineer,82734
6648,Michael Harris,Project Manager,95932
6649,John Walker,UX Designer,64891
6650,Olivia Smith,Data Analyst,82571
6651,Jane Clark,AI Researcher,50713
6652,David Johnson,Project Manager,62179
6653,Michael Anderson,Database Administrator,77066
6654,Sophia Smith,Data Analyst,61934
6655,Jane Harris,DevOps Engineer,98111
6656,Jane Smith,System Administrator,78159
6657,Michael Johnson,Network Engineer,97721
6658,Sophia Johnson,Software Engineer,90234
6659,Alice Anderson,UX Designer,98535
6660,Bob Lewis,Software Engineer,66906
6661,Jane Clark,System Administrator,81401
6662,David Harris,Database Administrator,68975
6663,Sophia Lewis,AI Researcher,53137
6664,Michael Brown,Product Manager,84619
6665,Charlie Walker,System Administrator,82398
6666,Jane Brown,AI Researcher,54417
6667,Charlie Brown,Data Analyst,55048
6668,Bob Anderson,System Administrator,64304
6669,Emma Lewis,DevOps Engineer,99185
6670,Alice Martinez,Software Engineer,93191
6671,Michael Martinez,Software Engineer,86415
6672,Charlie Brown,System Administrator,93442
6673,Olivia Martinez,Network Engineer,82707
6674,John Walker,UX Designer,61218
6675,Michael Walker,Network Engineer,72148
6676,Jane Anderson,DevOps Engineer,57203
6677,Sophia Johnson,Data Analyst,69712
6678,Alice Clark,Database Administrator,62977
6679,John Martinez,Project Manager,58324
6680,Sophia Brown,DevOps Engineer,55311
6681,John Taylor,Software Engineer,96138
6682,Michael Walker,Product Manager,89656
6683,David Taylor,Network Engineer,82981
6684,Michael Walker,DevOps Engineer,80429
6685,Olivia Anderson,AI Researcher,80220
6686,Emma Walker,DevOps Engineer,53105
6687,Olivia Anderson,Product Manager,62483
6688,Alice Martinez,DevOps Engineer,62116
6689,Alice Brown,Software Engineer,55358
6690,Jane Martinez,Software Engineer,56384
6691,Charlie Smith,Data Analyst,62904
6692,Alice Johnson,System Administrator,91583
6693,Emma Clark,Product Manager,98763
6694,Jane Lewis,DevOps Engineer,86949
6695,David Walker,DevOps Engineer,66283
6696,David Clark,System Administrator,52738
6697,Alice Anderson,System Administrator,94676
6698,Sophia Taylor,Network Engineer,83429
6699,Jane Anderson,Project Manager,59898
6700,David Martinez,System Administrator,84717
6701,Bob Anderson,Project Manager,85730
6702,Sophia Brown,Database Administrator,53307
6703,Sophia Taylor,Network Engineer,71760
6704,Charlie Clark,UX Designer,98412
6705,David Smith,UX Designer,64601
6706,Charlie Johnson,Product Manager,66281
6707,David Anderson,Project Manager,56684
6708,Olivia Walker,Project Manager,77467
6709,Bob Taylor,Data Analyst,75256
6710,Olivia Taylor,Data Analyst,74469
6711,Emma Anderson,DevOps Engineer,98552
6712,David Clark,DevOps Engineer,75207
6713,David Taylor,Software Engineer,91600
6714,David Clark,Product Manager,62711
6715,Alice Lewis,Product Manager,89509
6716,John Martinez,Data Analyst,58285
6717,David Martinez,Project Manager,72491
6718,Bob Anderson,AI Researcher,83059
6719,Emma Harris,Product Manager,90696
6720,Olivia Johnson,AI Researcher,97505
6721,David Johnson,Product Manager,76657
6722,Emma Anderson,Database Administrator,93550
6723,John Johnson,AI Researcher,63723
6724,Olivia Anderson,Product Manager,64129
6725,Olivia Anderson,UX Designer,89351
6726,Michael Taylor,Data Analyst,65233
6727,David Clark,Data Analyst,61791
6728,Alice Martinez,Database Administrator,85087
6729,Alice Taylor,Project Manager,68113
6730,Sophia Martinez,AI Researcher,80476
6731,Bob Smith,UX Designer,60945
6732,John Brown,UX Designer,83346
6733,Charlie Taylor,Network Engineer,99631
6734,Emma Johnson,AI Researcher,94061
6735,Olivia Walker,Network Engineer,75618
6736,Sophia Walker,AI Researcher,94705
6737,Emma Taylor,Project Manager,53524
6738,Charlie Brown,Network Engineer,77178
6739,Jane Johnson,Data Analyst,52300
6740,Bob Smith,UX Designer,66920
6741,John Johnson,Product Manager,76793
6742,David Harris,AI Researcher,79246
6743,Olivia Smith,System Administrator,77925
6744,Michael Clark,UX Designer,66684
6745,Michael Walker,Software Engineer,69993
6746,Jane Johnson,System Administrator,77030
6747,Olivia Johnson,Network Engineer,59055
6748,Alice Walker,Software Engineer,84713
6749,Sophia Harris,DevOps Engineer,77834
6750,Alice Lewis,Network Engineer,60538
6751,Emma Taylor,Database Administrator,95054
6752,Sophia Walker,Product Manager,97601
6753,Charlie Johnson,Database Administrator,61425
6754,Sophia Harris,Software Engineer,65323
6755,Sophia Harris,DevOps Engineer,67024
6756,David Brown,Project Manager,70264
6757,Bob Anderson,AI Researcher,83108
6758,Olivia Brown,DevOps Engineer,60490
6759,Alice Johnson,Network Engineer,80257
6760,Olivia Clark,AI Researcher,88481
6761,John Walker,Network Engineer,98442
6762,Emma Smith,Data Analyst,53829
6763,Charlie Walker,Project Manager,53465
6764,Olivia Lewis,UX Designer,51287
6765,Sophia Smith,DevOps Engineer,65933
6766,Charlie Clark,UX Designer,65796
6767,Bob Harris,System Administrator,61737
6768,Emma Johnson,DevOps Engineer,74892
6769,John Clark,Network Engineer,91738
6770,John Harris,Software Engineer,69213
6771,Sophia Johnson,UX Designer,64271
6772,Alice Lewis,Network Engineer,85030
6773,Sophia Taylor,System Administrator,99571
6774,Olivia Walker,Project Manager,67976
6775,Bob Harris,UX Designer,56973
6776,Charlie Martinez,System Administrator,75548
6777,Michael Smith,DevOps Engineer,95992
6778,Bob Lewis,Product Manager,64471
6779,Bob Johnson,AI Researcher,82716
6780,Michael Walker,System Administrator,75820
6781,Bob Anderson,Project Manager,62562
6782,Charlie Brown,Data Analyst,60551
6783,David Taylor,AI Researcher,63191
6784,Olivia Martinez,Network Engineer,96100
6785,Bob Walker,DevOps Engineer,95602
6786,Jane Smith,Product Manager,93527
6787,Olivia Smith,Data Analyst,50821
6788,Sophia Smith,DevOps Engineer,93984
6789,Alice Clark,Software Engineer,62858
6790,Bob Taylor,Software Engineer,99057
6791,Michael Johnson,Product Manager,80402
6792,Bob Anderson,Data Analyst,63048
6793,David Clark,DevOps Engineer,70502
6794,Sophia Taylor,System Administrator,90252
6795,Bob Harris,Product Manager,95075
6796,Sophia Lewis,Project Manager,52548
6797,David Brown,Network Engineer,73095
6798,David Smith,Project Manager,60542
6799,Alice Smith,Product Manager,73386
6800,Alice Smith,System Administrator,53539
6801,David Brown,Database Administrator,60088
6802,Emma Anderson,System Administrator,51341
6803,Alice Johnson,Project Manager,95455
6804,John Walker,System Administrator,94613
6805,Emma Harris,AI Researcher,55567
6806,Alice Smith,Data Analyst,72924
6807,Jane Taylor,AI Researcher,74358
6808,Alice Martinez,Database Administrator,64588
6809,John Anderson,Database Administrator,57224
6810,Alice Martinez,Network Engineer,79412
6811,Bob Clark,Software Engineer,58822
6812,Jane Smith,Software Engineer,62906
6813,Sophia Smith,Product Manager,99551
6814,Jane Clark,UX Designer,93812
6815,Michael Lewis,Project Manager,85065
6816,Michael Lewis,Database Administrator,81676
6817,Bob Brown,Project Manager,78263
6818,Charlie Brown,Software Engineer,74161
6819,John Clark,AI Researcher,72820
6820,Michael Brown,UX Designer,87017
6821,Alice Brown,System Administrator,82012
6822,Jane Martinez,AI Researcher,92885
6823,David Harris,Network Engineer,97467
6824,Alice Martinez,Database Administrator,96076
6825,Sophia Smith,Product Manager,94541
6826,Olivia Brown,Project Manager,83746
6827,Alice Walker,UX Designer,95520
6828,David Harris,Software Engineer,90007
6829,John Smith,System Administrator,90678
6830,David Walker,Database Administrator,77962
6831,Jane Anderson,Network Engineer,51055
6832,Alice Smith,Database Administrator,77358
6833,Charlie Clark,Network Engineer,67802
6834,Sophia Johnson,System Administrator,69319
6835,Jane Anderson,Data Analyst,60494
6836,Emma Taylor,AI Researcher,59189
6837,Charlie Brown,UX Designer,70493
6838,Bob Walker,Database Administrator,87399
6839,Olivia Brown,AI Researcher,62253
6840,Olivia Clark,System Administrator,79525
6841,Olivia Anderson,System Administrator,69179
6842,Sophia Johnson,Network Engineer,86793
6843,Michael Johnson,Network Engineer,69939
6844,Sophia Lewis,Product Manager,52608
6845,Emma Harris,UX Designer,58021
6846,Michael Lewis,Data Analyst,50590
6847,David Martinez,Data Analyst,74149
6848,John Brown,Network Engineer,89518
6849,Olivia Clark,DevOps Engineer,70708
6850,Alice Clark,Database Administrator,56153
6851,Bob Brown,Network Engineer,66002
6852,Jane Harris,Software Engineer,88263
6853,Michael Smith,Network Engineer,60152
6854,Alice Clark,Project Manager,86902
6855,Michael Smith,System Administrator,88813
6856,Jane Clark,Project Manager,81456
6857,David Taylor,Database Administrator,55306
6858,John Brown,DevOps Engineer,51500
6859,Charlie Walker,Project Manager,52980
6860,Michael Smith,Project Manager,93446
6861,Emma Walker,UX Designer,77747
6862,Bob Clark,Project Manager,72696
6863,Emma Taylor,Product Manager,90855
6864,Sophia Lewis,UX Designer,50452
6865,John Smith,System Administrator,70180
6866,Jane Harris,Database Administrator,56553
6867,John Martinez,Database Administrator,94216
6868,Alice Walker,DevOps Engineer,71729
6869,David Brown,DevOps Engineer,51485
6870,David Clark,System Administrator,91001
6871,David Lewis,DevOps Engineer,84955
6872,Charlie Brown,Product Manager,74258
6873,Sophia Harris,AI Researcher,64992
6874,Charlie Johnson,Software Engineer,68764
6875,Jane Martinez,DevOps Engineer,72657
6876,Bob Johnson,DevOps Engineer,61447
6877,John Walker,System Administrator,99155
6878,Jane Harris,Product Manager,51561
6879,Olivia Lewis,Project Manager,50235
6880,Sophia Lewis,Project Manager,95180
6881,John Lewis,Data Analyst,73466
6882,Emma Anderson,Product Manager,97998
6883,Michael Taylor,System Administrator,50531
6884,Bob Walker,Project Manager,67643
6885,Olivia Smith,DevOps Engineer,63542
6886,Bob Lewis,System Administrator,56344
6887,Alice Harris,Database Administrator,60918
6888,Michael Walker,DevOps Engineer,76333
6889,Emma Martinez,Network Engineer,66949
6890,David Martinez,Data Analyst,94038
6891,Olivia Lewis,Data Analyst,53161
6892,John Johnson,Product Manager,98312
6893,Alice Lewis,DevOps Engineer,81965
6894,Alice Johnson,System Administrator,92414
6895,David Lewis,System Administrator,90108
6896,Alice Harris,Software Engineer,72365
6897,Michael Lewis,Database Administrator,95598
6898,Emma Harris,Data Analyst,77944
6899,Bob Lewis,Data Analyst,82117
6900,David Taylor,Database Administrator,83392
6901,Michael Harris,UX Designer,64101
6902,Alice Taylor,DevOps Engineer,96969
6903,John Lewis,Database Administrator,94969
6904,Michael Brown,UX Designer,61712
6905,Michael Clark,Product Manager,53847
6906,David Harris,Data Analyst,84830
6907,Bob Anderson,AI Researcher,61797
6908,Emma Anderson,System Administrator,94576
6909,Jane Johnson,Project Manager,97273
6910,Sophia Smith,DevOps Engineer,82352
6911,Alice Taylor,Project Manager,51328
6912,John Clark,Product Manager,84029
6913,Emma Brown,Network Engineer,62587
6914,Sophia Brown,AI Researcher,55810
6915,David Clark,DevOps Engineer,57242
6916,Sophia Walker,System Administrator,76948
6917,Michael Walker,Database Administrator,69313
6918,Charlie Anderson,Database Administrator,66913
6919,Alice Brown,Network Engineer,81268
6920,Alice Anderson,System Administrator,70550
6921,David Taylor,DevOps Engineer,62812
6922,Charlie Anderson,DevOps Engineer,79759
6923,Michael Martinez,Data Analyst,74195
6924,Sophia Harris,Database Administrator,52350
6925,Emma Lewis,AI Researcher,53790
6926,Bob Clark,AI Researcher,93757
6927,Bob Martinez,Project Manager,96449
6928,Jane Taylor,Product Manager,66824
6929,Olivia Brown,Network Engineer,59705
6930,Sophia Brown,DevOps Engineer,52830
6931,David Taylor,DevOps Engineer,52472
6932,Olivia Taylor,System Administrator,56684
6933,Bob Johnson,System Administrator,50022
6934,David Anderson,System Administrator,53024
6935,Alice Martinez,AI Researcher,84415
6936,John Brown,Data Analyst,79786
6937,Jane Walker,System Administrator,85178
6938,Olivia Walker,AI Researcher,75001
6939,Jane Clark,Software Engineer,91600
6940,Sophia Walker,Project Manager,93126
6941,John Clark,System Administrator,81945
6942,Alice Taylor,AI Researcher,94379
6943,David Taylor,System Administrator,75744
6944,Sophia Harris,Product Manager,79992
6945,Emma Clark,DevOps Engineer,70138
6946,Emma Smith,Project Manager,89973
6947,Olivia Johnson,Network Engineer,76747
6948,Emma Brown,Network Engineer,84382
6949,Charlie Harris,Project Manager,64567
6950,Michael Brown,Product Manager,77918
6951,Jane Martinez,UX Designer,79764
6952,Bob Taylor,Project Manager,52594
6953,Alice Harris,Network Engineer,63136
6954,Michael Smith,Software Engineer,64394
6955,David Brown,DevOps Engineer,67132
6956,Charlie Brown,UX Designer,72263
6957,Alice Johnson,AI Researcher,86276
6958,Bob Lewis,Software Engineer,52487
6959,Bob Walker,Product Manager,84821
6960,Charlie Brown,UX Designer,56990
6961,John Walker,Data Analyst,90116
6962,Emma Smith,Product Manager,86046
6963,Michael Taylor,UX Designer,88227
6964,Olivia Lewis,System Administrator,88398
6965,David Lewis,Project Manager,94747
6966,John Lewis,Database Administrator,63127
6967,John Brown,Project Manager,74820
6968,Sophia Lewis,Product Manager,88696
6969,Emma Johnson,Software Engineer,79152
6970,Emma Clark,System Administrator,82737
6971,Michael Walker,DevOps Engineer,80627
6972,John Martinez,DevOps Engineer,72253
6973,John Taylor,Project Manager,99883
6974,Bob Anderson,Product Manager,98710
6975,Sophia Johnson,Product Manager,56802
6976,Alice Clark,Data Analyst,58000
6977,Michael Smith,Software Engineer,76307
6978,Olivia Taylor,Network Engineer,93876
6979,Sophia Brown,Project Manager,55022
6980,Bob Martinez,Database Administrator,94013
6981,John Lewis,Product Manager,95472
6982,David Harris,System Administrator,52422
6983,Alice Martinez,AI Researcher,60608
6984,Emma Taylor,Project Manager,75550
6985,John Martinez,System Administrator,98551
6986,John Harris,Network Engineer,97646
6987,David Harris,Data Analyst,70143
6988,Jane Anderson,Data Analyst,81750
6989,Jane Martinez,UX Designer,69966
6990,Sophia Brown,Product Manager,88735
6991,Michael Lewis,System Administrator,75174
6992,Emma Anderson,DevOps Engineer,75604
6993,Alice Anderson,Software Engineer,96409
6994,Alice Harris,DevOps Engineer,50154
6995,Emma Smith,Product Manager,53991
6996,Sophia Anderson,AI Researcher,53458
6997,Michael Brown,DevOps Engineer,95284
6998,Emma Walker,Database Administrator,91810
6999,Emma Anderson,UX Designer,84814
7000,Charlie Martinez,UX Designer,77625
7001,Olivia Martinez,Data Analyst,62982
7002,John Taylor,Database Administrator,76695
7003,Olivia Clark,Project Manager,60855
7004,John Lewis,AI Researcher,87086
7005,Alice Anderson,UX Designer,69834
7006,Alice Smith,System Administrator,66899
7007,Bob Anderson,Product Manager,64228
7008,Alice Anderson,Data Analyst,98340
7009,Bob Smith,Database Administrator,84089
7010,Emma Johnson,AI Researcher,91271
7011,Emma Anderson,UX Designer,55314
7012,Jane Martinez,Data Analyst,83814
7013,Alice Harris,Network Engineer,72155
7014,Charlie Walker,Network Engineer,95294
7015,Michael Lewis,UX Designer,79307
7016,David Clark,Network Engineer,57936
7017,Sophia Martinez,Database Administrator,94070
7018,David Smith,Project Manager,92636
7019,John Martinez,DevOps Engineer,89013
7020,John Clark,AI Researcher,90254
7021,David Martinez,Project Manager,95488
7022,Emma Smith,Network Engineer,86442
7023,Sophia Clark,UX Designer,59459
7024,Olivia Harris,Network Engineer,90231
7025,John Brown,Product Manager,63423
7026,Jane Clark,DevOps Engineer,51405
7027,Michael Lewis,Network Engineer,91643
7028,Emma Walker,UX Designer,52277
7029,Bob Walker,DevOps Engineer,96457
7030,Emma Anderson,DevOps Engineer,85931
7031,Bob Anderson,DevOps Engineer,57129
7032,Charlie Clark,Software Engineer,65568
7033,Olivia Brown,AI Researcher,88615
7034,Charlie Lewis,Product Manager,82977
7035,Jane Smith,AI Researcher,82578
7036,Olivia Clark,Database Administrator,92870
7037,Sophia Lewis,Database Administrator,53782
7038,Emma Taylor,Product Manager,65540
7039,David Johnson,Product Manager,53248
7040,Charlie Lewis,Data Analyst,99095
7041,Bob Lewis,Network Engineer,61392
7042,Alice Johnson,AI Researcher,61515
7043,Charlie Lewis,Data Analyst,90928
7044,Bob Clark,AI Researcher,90218
7045,Alice Johnson,DevOps Engineer,77108
7046,Alice Clark,Software Engineer,69146
7047,Charlie Taylor,Software Engineer,97569
7048,Bob Anderson,Database Administrator,58962
7049,Alice Taylor,Software Engineer,51894
7050,Bob Walker,DevOps Engineer,79056
7051,Olivia Smith,Software Engineer,92740
7052,Alice Anderson,Network Engineer,99612
7053,Charlie Anderson,System Administrator,64256
7054,Bob Lewis,UX Designer,77913
7055,David Walker,Data Analyst,60024
7056,Bob Clark,DevOps Engineer,50612
7057,Jane Johnson,System Administrator,84061
7058,Emma Walker,UX Designer,86377
7059,Sophia Lewis,AI Researcher,78717
7060,Alice Brown,Project Manager,70894
7061,John Harris,AI Researcher,80696
7062,Jane Lewis,Database Administrator,75526
7063,Michael Martinez,Software Engineer,94898
7064,Emma Taylor,Network Engineer,54483
7065,Olivia Brown,Product Manager,59727
7066,Jane Taylor,Product Manager,60374
7067,Sophia Martinez,Network Engineer,85598
7068,Alice Harris,System Administrator,98121
7069,Michael Harris,Project Manager,67645
7070,Emma Clark,Project Manager,66409
7071,Charlie Clark,Software Engineer,63688
7072,Bob Walker,Database Administrator,54896
7073,Sophia Clark,Product Manager,58732
7074,Charlie Taylor,AI Researcher,81118
7075,Sophia Brown,Software Engineer,96431
7076,Charlie Harris,Software Engineer,90358
7077,Sophia Lewis,UX Designer,82875
7078,Alice Taylor,UX Designer,82393
7079,Sophia Harris,System Administrator,63795
7080,Charlie Johnson,Product Manager,66568
7081,Alice Brown,Database Administrator,78407
7082,Jane Johnson,Database Administrator,85412
7083,Alice Martinez,Database Administrator,53327
7084,Emma Anderson,AI Researcher,60698
7085,Bob Martinez,UX Designer,63163
7086,Olivia Smith,Software Engineer,85360
7087,Sophia Taylor,Data Analyst,75219
7088,David Taylor,Database Administrator,89508
7089,Michael Lewis,Database Administrator,80475
7090,Emma Smith,Software Engineer,61419
7091,John Walker,Network Engineer,96110
7092,Olivia Taylor,DevOps Engineer,56222
7093,Alice Martinez,Product Manager,63636
7094,Michael Lewis,Database Administrator,99047
7095,Charlie Brown,UX Designer,73542
7096,Olivia Martinez,Network Engineer,89434
7097,Charlie Brown,Network Engineer,80828
7098,Alice Johnson,Project Manager,97717
7099,Charlie Johnson,Project Manager,94821
7100,Alice Taylor,Network Engineer,78262
7101,David Johnson,Network Engineer,96667
7102,Jane Martinez,Software Engineer,62415
7103,Alice Brown,AI Researcher,96962
7104,Bob Johnson,Project Manager,76369
7105,David Smith,DevOps Engineer,71126
7106,Jane Smith,DevOps Engineer,67590
7107,Alice Martinez,Data Analyst,60445
7108,Sophia Johnson,UX Designer,83116
7109,Alice Lewis,Data Analyst,79056
7110,Charlie Clark,Network Engineer,77287
7111,Emma Walker,Database Administrator,67986
7112,David Clark,UX Designer,76174
7113,Emma Martinez,Software Engineer,96066
7114,Bob Martinez,DevOps Engineer,64268
7115,John Walker,Product Manager,78591
7116,Olivia Brown,Database Administrator,70778
7117,Charlie Brown,Data Analyst,75280
7118,Olivia Martinez,UX Designer,74050
7119,Emma Walker,Database Administrator,50578
7120,Alice Lewis,Product Manager,75842
7121,Emma Martinez,Database Administrator,99671
7122,Michael Walker,Project Manager,77214
7123,Jane Harris,Software Engineer,55072
7124,Emma Anderson,Data Analyst,94801
7125,Olivia Johnson,Database Administrator,80415
7126,John Walker,Database Administrator,63510
7127,Sophia Smith,Project Manager,51483
7128,Michael Harris,Data Analyst,87332
7129,Jane Smith,DevOps Engineer,80752
7130,Emma Walker,Data Analyst,51918
7131,Olivia Johnson,DevOps Engineer,65863
7132,Michael Martinez,UX Designer,97379
7133,Emma Brown,Product Manager,87517
7134,Bob Walker,AI Researcher,55644
7135,John Lewis,Database Administrator,61681
7136,Jane Johnson,Software Engineer,83981
7137,Emma Johnson,AI Researcher,80192
7138,John Clark,Database Administrator,98885
7139,David Lewis,Network Engineer,68950
7140,Olivia Clark,AI Researcher,52772
7141,Michael Lewis,Database Administrator,71398
7142,Michael Brown,UX Designer,55175
7143,Emma Taylor,Database Administrator,62926
7144,Michael Anderson,Software Engineer,84532
7145,Emma Clark,UX Designer,76204
7146,John Clark,Software Engineer,58202
7147,Sophia Brown,Product Manager,96143
7148,Charlie Martinez,Project Manager,83644
7149,Olivia Walker,Product Manager,91752
7150,Alice Martinez,Software Engineer,93849
7151,Jane Martinez,DevOps Engineer,70933
7152,David Walker,Data Analyst,65558
7153,John Johnson,Data Analyst,81203
7154,Alice Walker,Database Administrator,70304
7155,Emma Lewis,Software Engineer,87006
7156,Jane Harris,DevOps Engineer,69436
7157,Charlie Martinez,Software Engineer,88265
7158,David Smith,DevOps Engineer,79051
7159,Charlie Lewis,UX Designer,54127
7160,Olivia Lewis,AI Researcher,99400
7161,Jane Johnson,System Administrator,87354
7162,Emma Lewis,DevOps Engineer,95328
7163,Olivia Harris,UX Designer,56239
7164,Alice Brown,UX Designer,68362
7165,Alice Martinez,Software Engineer,88089
7166,Sophia Johnson,Data Analyst,73308
7167,Jane Smith,UX Designer,54140
7168,David Lewis,DevOps Engineer,90280
7169,Alice Johnson,Product Manager,75346
7170,John Martinez,Data Analyst,79353
7171,John Lewis,Data Analyst,69468
7172,Sophia Walker,Database Administrator,53549
7173,Emma Smith,Database Administrator,77398
7174,Bob Taylor,AI Researcher,68037
7175,Alice Brown,DevOps Engineer,96993
7176,Alice Smith,Project Manager,62659
7177,Emma Martinez,Data Analyst,60227
7178,Alice Brown,DevOps Engineer,91342
7179,Alice Martinez,Software Engineer,54795
7180,Emma Anderson,System Administrator,84871
7181,Sophia Taylor,UX Designer,79494
7182,David Anderson,DevOps Engineer,63775
7183,Bob Brown,System Administrator,62998
7184,Olivia Harris,Product Manager,86157
7185,David Clark,Database Administrator,65573
7186,Jane Martinez,Network Engineer,97653
7187,Alice Lewis,Database Administrator,76261
7188,John Taylor,AI Researcher,97252
7189,John Anderson,Project Manager,67918
7190,Olivia Lewis,Data Analyst,59759
7191,David Taylor,System Administrator,97366
7192,Alice Anderson,DevOps Engineer,74798
7193,Alice Martinez,DevOps Engineer,66114
7194,Olivia Taylor,System Administrator,94468
7195,Bob Johnson,Product Manager,80261
7196,Jane Anderson,Data Analyst,50258
7197,David Taylor,Product Manager,52399
7198,Bob Anderson,Project Manager,77890
7199,Emma Harris,Product Manager,81825
7200,Alice Taylor,Product Manager,80957
7201,John Brown,Network Engineer,99398
7202,Alice Lewis,Database Administrator,99884
7203,Alice Walker,Database Administrator,57377
7204,John Smith,DevOps Engineer,97658
7205,David Lewis,Product Manager,84694
7206,Olivia Martinez,Network Engineer,62338
7207,Michael Martinez,Database Administrator,94644
7208,Olivia Anderson,UX Designer,77604
7209,Sophia Lewis,UX Designer,73810
7210,Olivia Brown,Database Administrator,63219
7211,Bob Anderson,Software Engineer,86462
7212,Emma Harris,Network Engineer,98461
7213,David Taylor,Project Manager,54691
7214,Jane Taylor,System Administrator,60040
7215,Emma Anderson,Database Administrator,90972
7216,Jane Taylor,Software Engineer,78245
7217,Emma Smith,DevOps Engineer,80525
7218,Olivia Lewis,Database Administrator,93289
7219,Bob Walker,Software Engineer,62733
7220,Charlie Lewis,Network Engineer,86335
7221,Charlie Harris,Product Manager,54098
7222,Olivia Lewis,System Administrator,76835
7223,David Anderson,System Administrator,86674
7224,Emma Anderson,Data Analyst,63786
7225,Michael Martinez,AI Researcher,85526
7226,Michael Martinez,Data Analyst,53889
7227,Emma Martinez,Product Manager,58135
7228,Sophia Brown,Network Engineer,86312
7229,Sophia Harris,Database Administrator,93174
7230,Alice Clark,System Administrator,92392
7231,Sophia Lewis,UX Designer,65997
7232,Jane Smith,Data Analyst,50577
7233,Alice Clark,Product Manager,56948
7234,David Martinez,Software Engineer,72452
7235,Alice Anderson,System Administrator,56392
7236,Sophia Clark,Project Manager,71248
7237,John Clark,Product Manager,78067
7238,Alice Brown,UX Designer,98473
7239,Charlie Brown,Data Analyst,64819
7240,Charlie Clark,AI Researcher,65372
7241,Bob Martinez,Project Manager,98089
7242,John Harris,Product Manager,68214
7243,David Martinez,UX Designer,61043
7244,Sophia Harris,Software Engineer,96989
7245,Alice Anderson,Data Analyst,94694
7246,David Brown,System Administrator,85497
7247,Michael Walker,Data Analyst,92832
7248,Bob Walker,Product Manager,98688
7249,John Martinez,Product Manager,99440
7250,Sophia Taylor,System Administrator,69148
7251,Jane Smith,Data Analyst,56062
7252,Bob Martinez,Network Engineer,64484
7253,Charlie Anderson,Database Administrator,84615
7254,Bob Martinez,Database Administrator,50130
7255,Alice Anderson,Product Manager,53406
7256,John Martinez,Network Engineer,96466
7257,Emma Walker,Database Administrator,59196
7258,John Martinez,DevOps Engineer,79813
7259,Sophia Clark,UX Designer,52260
7260,Jane Smith,System Administrator,79214
7261,David Taylor,System Administrator,64656
7262,John Johnson,Software Engineer,51178
7263,Bob Clark,Software Engineer,74500
7264,David Smith,AI Researcher,52237
7265,Olivia Johnson,UX Designer,91387
7266,Alice Brown,AI Researcher,99570
7267,Sophia Martinez,Software Engineer,54874
7268,Alice Brown,Data Analyst,85252
7269,John Johnson,Network Engineer,97834
7270,Olivia Clark,Network Engineer,66713
7271,Olivia Smith,AI Researcher,74438
7272,Jane Brown,System Administrator,52693
7273,John Johnson,Database Administrator,52465
7274,Jane Brown,DevOps Engineer,52203
7275,John Johnson,System Administrator,94834
7276,Jane Martinez,AI Researcher,58248
7277,Alice Clark,UX Designer,83611
7278,Emma Martinez,AI Researcher,94889
7279,John Lewis,Software Engineer,88735
7280,Bob Clark,Database Administrator,90049
7281,Alice Walker,Network Engineer,68336
7282,Jane Smith,Database Administrator,81026
7283,Bob Martinez,Project Manager,94027
7284,Alice Johnson,AI Researcher,85854
7285,Bob Lewis,Network Engineer,64566
7286,David Lewis,Project Manager,54799
7287,Sophia Lewis,Product Manager,53894
7288,Olivia Clark,AI Researcher,61523
7289,Charlie Smith,Product Manager,57743
7290,Emma Brown,System Administrator,79783
7291,Bob Brown,Database Administrator,84924
7292,Alice Martinez,System Administrator,82649
7293,Michael Martinez,Network Engineer,80302
7294,John Clark,System Administrator,81034
7295,Michael Anderson,Software Engineer,52252
7296,Emma Taylor,UX Designer,79807
7297,Olivia Johnson,Project Manager,83986
7298,Alice Smith,Database Administrator,80926
7299,Bob Martinez,Software Engineer,82817
7300,David Walker,Product Manager,69234
7301,John Brown,Data Analyst,76147
7302,Bob Anderson,DevOps Engineer,97358
7303,Olivia Walker,Project Manager,69594
7304,Olivia Smith,Network Engineer,61352
7305,Jane Clark,System Administrator,97201
7306,Emma Taylor,Product Manager,50604
7307,Sophia Smith,Data Analyst,68214
7308,John Walker,Network Engineer,90505
7309,Michael Johnson,Project Manager,98613
7310,Bob Clark,DevOps Engineer,73593
7311,Charlie Harris,UX Designer,89412
7312,Alice Lewis,Software Engineer,59341
7313,David Lewis,Software Engineer,73568
7314,Michael Anderson,Network Engineer,53822
7315,Alice Lewis,Product Manager,60239
7316,Olivia Clark,UX Designer,59702
7317,David Walker,Product Manager,74733
7318,Michael Brown,Database Administrator,96543
7319,Michael Clark,Software Engineer,96443
7320,Alice Martinez,Data Analyst,72181
7321,John Anderson,UX Designer,60194
7322,John Taylor,Project Manager,98405
7323,Sophia Johnson,System Administrator,96700
7324,Jane Walker,Data Analyst,73046
7325,David Walker,System Administrator,74668
7326,Emma Harris,Database Administrator,86895
7327,Jane Harris,UX Designer,66845
7328,John Brown,System Administrator,74579
7329,Olivia Harris,DevOps Engineer,77402
7330,Michael Brown,AI Researcher,60740
7331,Michael Walker,Database Administrator,88855
7332,Jane Martinez,Data Analyst,72234
7333,Bob Taylor,Network Engineer,54690
7334,Olivia Lewis,System Administrator,95271
7335,Emma Smith,AI Researcher,52551
7336,Charlie Anderson,System Administrator,98545
7337,Olivia Anderson,DevOps Engineer,56909
7338,Alice Clark,Data Analyst,85726
7339,Emma Smith,UX Designer,93348
7340,Jane Lewis,System Administrator,92634
7341,Emma Clark,DevOps Engineer,99724
7342,Sophia Smith,AI Researcher,53573
7343,Michael Anderson,System Administrator,82463
7344,Emma Martinez,Product Manager,62573
7345,Michael Johnson,AI Researcher,78118
7346,Emma Martinez,Project Manager,63784
7347,Jane Lewis,Data Analyst,92548
7348,Jane Smith,Data Analyst,75640
7349,David Walker,DevOps Engineer,70675
7350,Bob Brown,System Administrator,81057
7351,Emma Harris,Project Manager,77626
7352,John Clark,DevOps Engineer,54243
7353,Sophia Anderson,Database Administrator,69377
7354,Emma Clark,AI Researcher,66999
7355,Charlie Johnson,Network Engineer,92041
7356,Alice Martinez,Product Manager,63218
7357,David Clark,Network Engineer,95521
7358,Sophia Taylor,System Administrator,92207
7359,Charlie Harris,Product Manager,89038
7360,Emma Lewis,System Administrator,91212
7361,Bob Taylor,Software Engineer,68968
7362,David Martinez,Data Analyst,97206
7363,Sophia Anderson,Project Manager,70746
7364,Sophia Smith,DevOps Engineer,88017
7365,John Johnson,Database Administrator,65174
7366,Olivia Walker,Software Engineer,77941
7367,Jane Taylor,Project Manager,77342
7368,David Walker,Database Administrator,89122
7369,Jane Taylor,DevOps Engineer,60361
7370,Sophia Taylor,System Administrator,73411
7371,Emma Brown,DevOps Engineer,50480
7372,John Taylor,Data Analyst,51473
7373,Bob Brown,Network Engineer,66122
7374,Sophia Brown,DevOps Engineer,82820
7375,Sophia Lewis,UX Designer,81457
7376,Sophia Martinez,Network Engineer,96294
7377,Alice Smith,Data Analyst,92795
7378,Charlie Lewis,Project Manager,91663
7379,Michael Martinez,Database Administrator,87929
7380,Alice Lewis,Network Engineer,82373
7381,Jane Clark,System Administrator,69030
7382,Bob Walker,System Administrator,70680
7383,Charlie Anderson,UX Designer,81385
7384,Emma Brown,Network Engineer,93445
7385,Michael Anderson,UX Designer,72626
7386,Sophia Martinez,UX Designer,98645
7387,Bob Johnson,UX Designer,69782
7388,Michael Clark,UX Designer,55513
7389,Jane Smith,AI Researcher,75023
7390,David Martinez,DevOps Engineer,89769
7391,Olivia Clark,Project Manager,84858
7392,Michael Anderson,Product Manager,76483
7393,Charlie Smith,Product Manager,62094
7394,Alice Harris,Database Administrator,65638
7395,John Lewis,AI Researcher,58186
7396,Emma Harris,Network Engineer,52421
7397,Alice Martinez,UX Designer,80736
7398,Sophia Brown,Data Analyst,76317
7399,Olivia Taylor,Database Administrator,98868
7400,Alice Smith,UX Designer,82235
7401,Sophia Johnson,Project Manager,76774
7402,Emma Walker,Product Manager,61089
7403,Olivia Lewis,Product Manager,77734
7404,Olivia Taylor,Product Manager,67070
7405,Michael Taylor,Database Administrator,54533
7406,Emma Harris,Project Manager,63399
7407,John Clark,Project Manager,90129
7408,Charlie Lewis,System Administrator,60041
7409,Emma Smith,UX Designer,68333
7410,David Lewis,Network Engineer,51449
7411,Jane Walker,Data Analyst,82986
7412,Bob Anderson,AI Researcher,66455
7413,Charlie Johnson,Software Engineer,74509
7414,David Brown,Network Engineer,94535
7415,Jane Lewis,Database Administrator,65326
7416,Olivia Anderson,DevOps Engineer,73493
7417,Alice Taylor,AI Researcher,62967
7418,Bob Lewis,Product Manager,69229
7419,Sophia Harris,Data Analyst,87335
7420,David Lewis,Database Administrator,61261
7421,John Brown,AI Researcher,75339
7422,David Anderson,Data Analyst,61178
7423,Bob Johnson,Network Engineer,99595
7424,Charlie Johnson,Project Manager,66631
7425,Jane Lewis,Software Engineer,59561
7426,Michael Anderson,Product Manager,81419
7427,David Brown,Software Engineer,65387
7428,Michael Brown,Product Manager,62799
7429,Emma Smith,Project Manager,99934
7430,Emma Johnson,Database Administrator,56561
7431,Jane Brown,AI Researcher,99888
7432,Bob Harris,UX Designer,57986
7433,Emma Johnson,Project Manager,74213
7434,Sophia Anderson,Database Administrator,97216
7435,Charlie Taylor,Project Manager,94605
7436,Olivia Martinez,System Administrator,53524
7437,Emma Taylor,Network Engineer,94832
7438,Bob Harris,Database Administrator,54603
7439,Emma Walker,Software Engineer,64271
7440,Michael Taylor,DevOps Engineer,97892
7441,Sophia Lewis,System Administrator,97986
7442,Alice Brown,System Administrator,69129
7443,Jane Clark,Product Manager,99548
7444,Charlie Brown,DevOps Engineer,77529
7445,Emma Harris,Network Engineer,78991
7446,John Brown,AI Researcher,60982
7447,Sophia Martinez,Data Analyst,59814
7448,Charlie Smith,Project Manager,92020
7449,Charlie Taylor,AI Researcher,84728
7450,John Clark,Network Engineer,68293
7451,Olivia Walker,AI Researcher,91180
7452,Charlie Lewis,UX Designer,66723
7453,David Smith,Network Engineer,56325
7454,David Anderson,AI Researcher,98583
7455,Emma Anderson,Product Manager,99898
7456,Olivia Harris,Database Administrator,66101
7457,Bob Taylor,Data Analyst,64921
7458,Bob Clark,AI Researcher,93847
7459,Bob Smith,Product Manager,73891
7460,Jane Clark,Database Administrator,84671
7461,Jane Clark,AI Researcher,79544
7462,John Walker,Product Manager,92995
7463,Charlie Martinez,Database Administrator,99422
7464,David Harris,System Administrator,74773
7465,Emma Anderson,Software Engineer,87285
7466,Sophia Harris,Database Administrator,65825
7467,Olivia Clark,Project Manager,63863
7468,Jane Martinez,Product Manager,73538
7469,Sophia Brown,Network Engineer,89133
7470,Olivia Anderson,Product Manager,95894
7471,Emma Clark,UX Designer,85239
7472,John Smith,DevOps Engineer,55100
7473,Emma Johnson,Project Manager,72423
7474,Bob Johnson,Database Administrator,80025
7475,Emma Smith,UX Designer,62362
7476,Alice Walker,Project Manager,66377
7477,Charlie Clark,Project Manager,97824
7478,John Brown,AI Researcher,89866
7479,Jane Brown,AI Researcher,63573
7480,Emma Brown,Software Engineer,80025
7481,Olivia Taylor,Software Engineer,82624
7482,David Johnson,Network Engineer,96376
7483,Emma Clark,Project Manager,81072
7484,Charlie Brown,Project Manager,93229
7485,Michael Anderson,Network Engineer,74631
7486,Alice Lewis,Project Manager,77619
7487,Alice Taylor,AI Researcher,94974
7488,Alice Johnson,Product Manager,91399
7489,Charlie Lewis,Project Manager,57189
7490,Jane Smith,AI Researcher,74181
7491,Olivia Martinez,Network Engineer,94451
7492,John Harris,DevOps Engineer,86270
7493,Alice Walker,DevOps Engineer,74361
7494,Sophia Smith,AI Researcher,61942
7495,Olivia Anderson,Product Manager,57648
7496,Charlie Taylor,Project Manager,57336
7497,Emma Johnson,Database Administrator,72040
7498,Jane Anderson,System Administrator,74576
7499,David Walker,AI Researcher,87144
7500,Michael Taylor,Project Manager,76464
7501,Alice Brown,Software Engineer,79491
7502,Sophia Walker,Software Engineer,50747
7503,David Smith,Software Engineer,99742
7504,David Brown,DevOps Engineer,94053
7505,John Harris,Software Engineer,66034
7506,David Anderson,Network Engineer,63346
7507,Emma Clark,System Administrator,57494
7508,John Smith,System Administrator,54367
7509,Alice Clark,UX Designer,96821
7510,Michael Harris,UX Designer,87755
7511,Sophia Walker,Project Manager,61383
7512,Charlie Taylor,System Administrator,89925
7513,Jane Walker,DevOps Engineer,78759
7514,Sophia Smith,Network Engineer,71664
7515,David Walker,UX Designer,81229
7516,Emma Taylor,System Administrator,81736
7517,David Taylor,Network Engineer,79292
7518,Charlie Lewis,AI Researcher,73367
7519,Emma Lewis,AI Researcher,91483
7520,Alice Walker,System Administrator,53327
7521,Olivia Lewis,Network Engineer,70147
7522,Jane Clark,Project Manager,53692
7523,Emma Brown,System Administrator,59144
7524,Charlie Brown,Project Manager,52183
7525,John Clark,Network Engineer,64190
7526,John Lewis,DevOps Engineer,61183
7527,Sophia Brown,Project Manager,56396
7528,Michael Brown,Network Engineer,75504
7529,David Johnson,Software Engineer,86465
7530,Michael Lewis,System Administrator,74197
7531,Michael Clark,System Administrator,91249
7532,Olivia Brown,Software Engineer,58446
7533,Sophia Anderson,Data Analyst,93500
7534,John Martinez,DevOps Engineer,85409
7535,Emma Walker,Data Analyst,78239
7536,John Lewis,Data Analyst,73014
7537,Charlie Smith,Project Manager,58115
7538,Michael Martinez,Database Administrator,65133
7539,Alice Clark,UX Designer,68624
7540,Jane Smith,Product Manager,58698
7541,Sophia Harris,Software Engineer,82054
7542,Michael Anderson,Network Engineer,54598
7543,Emma Lewis,System Administrator,73174
7544,Bob Martinez,Network Engineer,98700
7545,Alice Smith,UX Designer,99625
7546,Jane Lewis,Data Analyst,58740
7547,Bob Lewis,AI Researcher,54535
7548,John Harris,AI Researcher,52968
7549,David Martinez,Project Manager,70130
7550,Emma Smith,DevOps Engineer,85594
7551,Alice Taylor,UX Designer,92637
7552,Sophia Harris,UX Designer,50843
7553,Michael Smith,Project Manager,57733
7554,Emma Johnson,DevOps Engineer,61704
7555,Charlie Anderson,Database Administrator,96053
7556,Michael Lewis,Project Manager,55109
7557,John Brown,AI Researcher,71544
7558,John Anderson,DevOps Engineer,57293
7559,Jane Anderson,Data Analyst,76145
7560,Charlie Harris,UX Designer,69443
7561,Michael Taylor,Software Engineer,58176
7562,Michael Taylor,System Administrator,83734
7563,Olivia Anderson,UX Designer,58641
7564,Jane Clark,System Administrator,65576
7565,Olivia Lewis,Project Manager,74785
7566,Olivia Harris,AI Researcher,97629
7567,Emma Smith,Project Manager,88442
7568,Jane Walker,DevOps Engineer,74867
7569,David Taylor,DevOps Engineer,56372
7570,Olivia Harris,Product Manager,88608
7571,Bob Taylor,Database Administrator,76143
7572,Jane Taylor,Network Engineer,80450
7573,Jane Taylor,Project Manager,73355
7574,David Johnson,Data Analyst,93866
7575,Michael Harris,Data Analyst,81022
7576,Charlie Taylor,Product Manager,71538
7577,Bob Lewis,Product Manager,53093
7578,Charlie Harris,AI Researcher,93828
7579,Bob Smith,System Administrator,83033
7580,Bob Martinez,UX Designer,82666
7581,Alice Walker,Project Manager,84052
7582,Emma Taylor,Project Manager,89600
7583,Bob Martinez,DevOps Engineer,75193
7584,Michael Clark,Project Manager,59101
7585,Michael Taylor,Database Administrator,86144
7586,David Clark,Project Manager,91545
7587,John Clark,System Administrator,99276
7588,Jane Taylor,UX Designer,56694
7589,Jane Clark,DevOps Engineer,79346
7590,Alice Smith,UX Designer,51597
7591,Michael Martinez,Product Manager,91620
7592,Charlie Brown,Network Engineer,97004
7593,Olivia Smith,Software Engineer,89326
7594,Emma Taylor,DevOps Engineer,69298
7595,Bob Brown,System Administrator,91644
7596,Bob Clark,UX Designer,85430
7597,David Lewis,Data Analyst,87903
7598,Olivia Johnson,Project Manager,51219
7599,Michael Lewis,Project Manager,57205
7600,John Anderson,Software Engineer,50968
7601,Emma Lewis,Data Analyst,77416
7602,Charlie Anderson,System Administrator,79915
7603,John Walker,Product Manager,52750
7604,Jane Brown,Software Engineer,83326
7605,Jane Smith,DevOps Engineer,66209
7606,Alice Brown,System Administrator,87795
7607,Bob Anderson,DevOps Engineer,65450
7608,Emma Taylor,UX Designer,92889
7609,Charlie Lewis,Product Manager,68217
7610,Sophia Johnson,Data Analyst,54235
7611,Emma Martinez,Project Manager,72822
7612,Jane Johnson,Project Manager,71030
7613,Charlie Anderson,AI Researcher,84840
7614,Bob Anderson,Software Engineer,61468
7615,Bob Martinez,System Administrator,57154
7616,Olivia Clark,Data Analyst,89596
7617,Sophia Harris,Product Manager,73629
7618,Alice Smith,UX Designer,69991
7619,Alice Walker,UX Designer,72212
7620,John Lewis,Database Administrator,73487
7621,John Johnson,Software Engineer,85819
7622,John Brown,DevOps Engineer,58911
7623,David Martinez,DevOps Engineer,80192
7624,Olivia Walker,Project Manager,84565
7625,Olivia Johnson,Data Analyst,64993
7626,Charlie Johnson,System Administrator,82110
7627,Bob Lewis,Project Manager,61535
7628,Charlie Taylor,AI Researcher,81623
7629,John Clark,Project Manager,76738
7630,Jane Brown,AI Researcher,95497
7631,Olivia Martinez,Software Engineer,75430
7632,John Brown,Project Manager,81293
7633,John Johnson,Database Administrator,83060
7634,John Taylor,Database Administrator,68475
7635,Charlie Johnson,Product Manager,53248
7636,Bob Walker,DevOps Engineer,68903
7637,Charlie Anderson,System Administrator,68053
7638,John Lewis,AI Researcher,76141
7639,Alice Taylor,UX Designer,82428
7640,John Brown,DevOps Engineer,70798
7641,Sophia Smith,Software Engineer,50125
7642,Bob Anderson,Project Manager,55708
7643,Jane Anderson,UX Designer,62459
7644,Bob Brown,AI Researcher,77276
7645,Charlie Clark,Database Administrator,90151
7646,David Brown,UX Designer,75411
7647,David Lewis,Software Engineer,74767
7648,David Clark,Project Manager,74712
7649,John Clark,Network Engineer,76789
7650,Bob Anderson,Product Manager,82518
7651,Bob Clark,DevOps Engineer,91768
7652,Emma Walker,DevOps Engineer,74281
7653,Alice Martinez,Project Manager,66389
7654,Olivia Taylor,UX Designer,86291
7655,Jane Clark,Project Manager,70970
7656,Jane Lewis,Product Manager,80184
7657,Michael Johnson,UX Designer,92980
7658,Olivia Clark,AI Researcher,83751
7659,Sophia Anderson,Software Engineer,66946
7660,Charlie Lewis,Data Analyst,63251
7661,Charlie Anderson,Project Manager,82199
7662,Michael Lewis,Database Administrator,53327
7663,Bob Lewis,Database Administrator,97153
7664,Sophia Johnson,Database Administrator,93874
7665,Charlie Taylor,AI Researcher,57316
7666,Olivia Martinez,DevOps Engineer,67827
7667,Emma Lewis,Product Manager,88045
7668,Charlie Johnson,Data Analyst,55379
7669,Olivia Smith,Database Administrator,62474
7670,John Martinez,Product Manager,53523
7671,Olivia Harris,Project Manager,75254
7672,Olivia Harris,UX Designer,67968
7673,Jane Taylor,DevOps Engineer,88421
7674,David Harris,Database Administrator,59074
7675,Jane Harris,Data Analyst,81350
7676,Emma Martinez,UX Designer,51870
7677,Olivia Anderson,Network Engineer,85719
7678,Bob Lewis,DevOps Engineer,63911
7679,John Johnson,Project Manager,90910
7680,Bob Walker,DevOps Engineer,96475
7681,Sophia Clark,Software Engineer,89672
7682,David Lewis,Network Engineer,83440
7683,Michael Johnson,AI Researcher,66749
7684,Michael Smith,AI Researcher,99563
7685,Bob Martinez,DevOps Engineer,87876
7686,David Taylor,UX Designer,76879
7687,Bob Clark,Database Administrator,90403
7688,Bob Anderson,UX Designer,95142
7689,David Walker,Database Administrator,68011
7690,Alice Harris,Database Administrator,65605
7691,Michael Martinez,Network Engineer,70155
7692,Jane Taylor,Software Engineer,50843
7693,Emma Smith,UX Designer,59913
7694,Sophia Taylor,Network Engineer,87078
7695,Alice Harris,Product Manager,75849
7696,Bob Johnson,Software Engineer,86561
7697,John Clark,Data Analyst,96191
7698,Alice Walker,AI Researcher,72977
7699,Charlie Lewis,UX Designer,66443
7700,Michael Taylor,Database Administrator,56318
7701,Charlie Walker,Network Engineer,61801
7702,Bob Clark,Data Analyst,76071
7703,Emma Harris,Project Manager,75972
7704,Alice Brown,Database Administrator,93298
7705,David Martinez,System Administrator,65573
7706,Emma Smith,Network Engineer,58288
7707,Jane Harris,Database Administrator,86047
7708,Olivia Anderson,AI Researcher,58286
7709,Charlie Brown,AI Researcher,96545
7710,Jane Martinez,Software Engineer,61577
7711,Sophia Johnson,AI Researcher,90704
7712,Emma Taylor,AI Researcher,52491
7713,Olivia Brown,AI Researcher,80068
7714,Sophia Anderson,Network Engineer,80466
7715,John Clark,UX Designer,55558
7716,Jane Smith,Software Engineer,86761
7717,Sophia Walker,Data Analyst,98296
7718,Olivia Martinez,Product Manager,60752
7719,Bob Harris,Network Engineer,79971
7720,Jane Anderson,Software Engineer,79188
7721,David Anderson,UX Designer,70830
7722,Charlie Brown,DevOps Engineer,86910
7723,John Walker,Software Engineer,74089
7724,Michael Clark,Project Manager,86501
7725,Michael Brown,Database Administrator,75830
7726,Olivia Anderson,Database Administrator,77356
7727,David Harris,Project Manager,50729
7728,Sophia Martinez,Project Manager,99958
7729,Emma Lewis,Product Manager,90485
7730,Emma Harris,Product Manager,98445
7731,Bob Walker,Product Manager,79444
7732,Michael Harris,AI Researcher,55896
7733,Alice Taylor,Data Analyst,89910
7734,Sophia Walker,Database Administrator,99468
7735,John Clark,UX Designer,76555
7736,Alice Anderson,System Administrator,58528
7737,Emma Johnson,AI Researcher,93223
7738,Bob Clark,Network Engineer,77780
7739,Charlie Johnson,Product Manager,68649
7740,Emma Lewis,UX Designer,86644
7741,Charlie Martinez,DevOps Engineer,54595
7742,Alice Harris,AI Researcher,96685
7743,Emma Clark,Product Manager,61994
7744,Emma Lewis,DevOps Engineer,97500
7745,Alice Walker,DevOps Engineer,66512
7746,Michael Taylor,Data Analyst,94839
7747,Michael Smith,Project Manager,83893
7748,John Clark,Data Analyst,89686
7749,Jane Harris,AI Researcher,81753
7750,Charlie Walker,AI Researcher,92968
7751,David Brown,Project Manager,63889
7752,Michael Martinez,UX Designer,86495
7753,David Martinez,Software Engineer,76595
7754,Bob Smith,UX Designer,59300
7755,Michael Walker,UX Designer,80719
7756,Bob Taylor,Network Engineer,87053
7757,Bob Martinez,AI Researcher,77411
7758,Jane Smith,Database Administrator,88969
7759,Sophia Smith,DevOps Engineer,58630
7760,Charlie Johnson,Product Manager,51974
7761,David Walker,Software Engineer,69088
7762,Charlie Johnson,Project Manager,62810
7763,Bob Lewis,Software Engineer,58139
7764,Charlie Anderson,Project Manager,87652
7765,David Martinez,System Administrator,53410
7766,David Anderson,System Administrator,67005
7767,Sophia Johnson,Product Manager,78002
7768,Emma Taylor,Product Manager,84893
7769,Jane Clark,Database Administrator,61269
7770,Charlie Smith,AI Researcher,69802
7771,Bob Smith,Data Analyst,83796
7772,John Johnson,System Administrator,75464
7773,John Anderson,Database Administrator,53701
7774,Charlie Brown,Project Manager,94326
7775,Michael Lewis,AI Researcher,50261
7776,David Harris,Database Administrator,55817
7777,Sophia Johnson,Product Manager,67374
7778,Bob Smith,Network Engineer,86588
7779,Olivia Brown,Product Manager,62438
7780,John Johnson,AI Researcher,63088
7781,John Brown,Database Administrator,57541
7782,Sophia Lewis,Project Manager,66008
7783,Alice Smith,Project Manager,88897
7784,Michael Harris,Product Manager,76495
7785,Jane Johnson,Database Administrator,50475
7786,Charlie Harris,Data Analyst,56959
7787,John Anderson,System Administrator,99453
7788,Michael Smith,Network Engineer,85596
7789,John Brown,DevOps Engineer,67130
7790,Charlie Harris,Data Analyst,81055
7791,Jane Johnson,AI Researcher,57517
7792,Jane Taylor,UX Designer,57271
7793,Michael Clark,Software Engineer,81778
7794,John Johnson,Network Engineer,80262
7795,Bob Harris,Software Engineer,63510
7796,Bob Anderson,UX Designer,81829
7797,Alice Martinez,System Administrator,87252
7798,Jane Martinez,Software Engineer,75523
7799,John Clark,AI Researcher,91744
7800,David Taylor,DevOps Engineer,81862
7801,Sophia Lewis,Software Engineer,92777
7802,Jane Anderson,Project Manager,93177
7803,David Clark,AI Researcher,75667
7804,David Anderson,DevOps Engineer,53209
7805,David Brown,Database Administrator,67256
7806,Emma Taylor,UX Designer,86554
7807,Olivia Brown,Product Manager,57708
7808,Charlie Clark,Database Administrator,72186
7809,John Johnson,Product Manager,77860
7810,Jane Anderson,Network Engineer,64670
7811,Bob Johnson,Project Manager,82472
7812,Alice Taylor,Data Analyst,63496
7813,Sophia Martinez,System Administrator,97840
7814,Michael Brown,Product Manager,64132
7815,David Anderson,UX Designer,57058
7816,Michael Lewis,DevOps Engineer,61233
7817,Sophia Walker,AI Researcher,56052
7818,Bob Martinez,UX Designer,54658
7819,Sophia Clark,System Administrator,52038
7820,John Martinez,System Administrator,88145
7821,Charlie Brown,Database Administrator,73670
7822,David Anderson,Network Engineer,91643
7823,Bob Martinez,AI Researcher,53483
7824,Olivia Harris,Software Engineer,52505
7825,Emma Anderson,Network Engineer,70411
7826,Bob Walker,Data Analyst,95141
7827,Emma Anderson,Project Manager,50626
7828,Sophia Harris,Product Manager,72025
7829,Olivia Smith,Network Engineer,63115
7830,Charlie Taylor,Database Administrator,85558
7831,Sophia Brown,AI Researcher,82933
7832,John Smith,Network Engineer,63093
7833,John Anderson,Data Analyst,83766
7834,Olivia Lewis,AI Researcher,88542
7835,Jane Lewis,Database Administrator,86376
7836,Alice Harris,Database Administrator,63533
7837,Michael Smith,DevOps Engineer,78706
7838,John Johnson,UX Designer,59733
7839,Alice Lewis,Product Manager,98162
7840,Olivia Anderson,Product Manager,77718
7841,John Anderson,Database Administrator,97006
7842,Bob Lewis,Network Engineer,71523
7843,Olivia Smith,Product Manager,96352
7844,Jane Smith,Software Engineer,55863
7845,Jane Brown,Network Engineer,95405
7846,David Anderson,UX Designer,94421
7847,Jane Johnson,Project Manager,87664
7848,Emma Brown,AI Researcher,58514
7849,John Brown,System Administrator,63710
7850,Olivia Johnson,Product Manager,71613
7851,David Anderson,UX Designer,53055
7852,Alice Walker,UX Designer,58179
7853,Jane Harris,Database Administrator,75420
7854,Sophia Martinez,Database Administrator,66394
7855,Olivia Taylor,Product Manager,62638
7856,David Walker,DevOps Engineer,65783
7857,John Johnson,Data Analyst,83128
7858,David Martinez,Data Analyst,51389
7859,Bob Walker,Network Engineer,89838
7860,John Johnson,DevOps Engineer,96041
7861,Jane Harris,Data Analyst,85013
7862,Sophia Taylor,UX Designer,55893
7863,Olivia Taylor,Database Administrator,56740
7864,John Johnson,Software Engineer,65874
7865,Alice Anderson,Project Manager,89512
7866,John Taylor,Project Manager,57097
7867,Charlie Anderson,Database Administrator,64367
7868,John Smith,Database Administrator,94027
7869,Jane Smith,Project Manager,95754
7870,Bob Walker,Database Administrator,92582
7871,Michael Brown,AI Researcher,99666
7872,Alice Lewis,UX Designer,59344
7873,Bob Taylor,Data Analyst,54678
7874,Alice Walker,Project Manager,52508
7875,Jane Johnson,Software Engineer,81721
7876,Charlie Martinez,AI Researcher,79521
7877,David Anderson,Network Engineer,59175
7878,David Lewis,DevOps Engineer,59718
7879,Emma Taylor,Network Engineer,72117
7880,Olivia Walker,UX Designer,64847
7881,Emma Martinez,Project Manager,96237
7882,Jane Taylor,System Administrator,63021
7883,David Anderson,DevOps Engineer,64816
7884,Bob Johnson,System Administrator,98890
7885,Alice Johnson,AI Researcher,71669
7886,Sophia Clark,Project Manager,87348
7887,Alice Lewis,System Administrator,84610
7888,Jane Martinez,Software Engineer,82599
7889,Bob Harris,Data Analyst,64145
7890,Jane Brown,AI Researcher,67800
7891,Bob Smith,System Administrator,99576
7892,Sophia Anderson,UX Designer,76923
7893,Alice Anderson,Software Engineer,79081
7894,Olivia Brown,System Administrator,72304
7895,Bob Taylor,Project Manager,53954
7896,Alice Lewis,Data Analyst,85672
7897,John Lewis,Data Analyst,92240
7898,Michael Brown,DevOps Engineer,89353
7899,Olivia Lewis,System Administrator,69318
7900,Charlie Anderson,AI Researcher,82867
7901,Sophia Johnson,DevOps Engineer,90154
7902,David Martinez,Network Engineer,81422
7903,Charlie Walker,Data Analyst,96582
7904,John Anderson,Network Engineer,94362
7905,Charlie Lewis,Product Manager,60668
7906,Sophia Johnson,Product Manager,53258
7907,Michael Smith,AI Researcher,62697
7908,Emma Martinez,UX Designer,86220
7909,Bob Anderson,Product Manager,63363
7910,Charlie Johnson,UX Designer,61789
7911,Emma Clark,DevOps Engineer,91641
7912,Sophia Brown,UX Designer,89992
7913,Olivia Taylor,Software Engineer,77919
7914,Emma Smith,Database Administrator,95317
7915,Jane Taylor,Product Manager,96460
7916,Charlie Lewis,UX Designer,65625
7917,Jane Anderson,Network Engineer,87508
7918,Michael Walker,Network Engineer,98172
7919,Bob Clark,DevOps Engineer,60942
7920,John Johnson,UX Designer,74587
7921,Michael Smith,Data Analyst,99355
7922,Olivia Smith,AI Researcher,66757
7923,Bob Smith,AI Researcher,98947
7924,Emma Harris,Project Manager,77313
7925,Jane Brown,System Administrator,61279
7926,Sophia Walker,Product Manager,66999
7927,Charlie Martinez,Product Manager,77981
7928,Olivia Taylor,Network Engineer,58376
7929,John Clark,Database Administrator,90923
7930,Emma Brown,System Administrator,99677
7931,Olivia Clark,Software Engineer,80531
7932,John Johnson,Project Manager,88260
7933,Michael Martinez,Software Engineer,84004
7934,Sophia Johnson,UX Designer,68928
7935,Charlie Brown,Database Administrator,60085
7936,Michael Smith,Database Administrator,69879
7937,David Harris,AI Researcher,50289
7938,Sophia Martinez,System Administrator,85624
7939,Sophia Anderson,Product Manager,74077
7940,Michael Martinez,Product Manager,68880
7941,Jane Taylor,Network Engineer,65153
7942,Charlie Harris,Data Analyst,92855
7943,Emma Walker,Database Administrator,57068
7944,Bob Harris,Project Manager,63609
7945,John Martinez,Data Analyst,70843
7946,Emma Walker,Product Manager,84211
7947,Michael Brown,Software Engineer,80948
7948,Emma Johnson,Software Engineer,88836
7949,David Smith,System Administrator,54321
7950,David Harris,UX Designer,82905
7951,Olivia Brown,Data Analyst,83492
7952,John Smith,DevOps Engineer,96869
7953,Emma Anderson,UX Designer,96815
7954,Alice Brown,Project Manager,93690
7955,Sophia Lewis,Product Manager,71933
7956,Bob Taylor,DevOps Engineer,52595
7957,Alice Clark,Data Analyst,60892
7958,Michael Taylor,Database Administrator,71777
7959,Emma Lewis,Software Engineer,97431
7960,Emma Martinez,Project Manager,91356
7961,John Walker,Software Engineer,84080
7962,Jane Anderson,AI Researcher,95740
7963,David Brown,Data Analyst,96029
7964,Bob Johnson,Software Engineer,91592
7965,Bob Martinez,Project Manager,76752
7966,Olivia Harris,AI Researcher,72869
7967,Bob Brown,AI Researcher,93762
7968,Olivia Clark,System Administrator,70865
7969,Bob Clark,Database Administrator,64875
7970,Bob Taylor,UX Designer,78520
7971,Bob Anderson,Network Engineer,69727
7972,Bob Brown,Project Manager,68235
7973,Emma Brown,AI Researcher,72396
7974,Michael Harris,Software Engineer,88749
7975,Sophia Lewis,DevOps Engineer,63742
7976,Bob Harris,AI Researcher,76806
7977,Michael Smith,Software Engineer,73985
7978,Charlie Lewis,Network Engineer,92045
7979,Charlie Clark,Network Engineer,83465
7980,Michael Johnson,Product Manager,86530
7981,Olivia Walker,Network Engineer,92590
7982,David Martinez,DevOps Engineer,54008
7983,Olivia Johnson,Database Administrator,62120
7984,Emma Harris,Project Manager,85395
7985,Bob Johnson,Software Engineer,60255
7986,Alice Walker,UX Designer,70213
7987,Michael Brown,Database Administrator,75787
7988,Jane Lewis,Product Manager,70341
7989,Charlie Lewis,Database Administrator,63817
7990,Charlie Taylor,Database Administrator,50266
7991,Charlie Johnson,Network Engineer,97526
7992,John Lewis,UX Designer,67791
7993,Olivia Clark,Software Engineer,50272
7994,Charlie Anderson,AI Researcher,57260
7995,Emma Smith,Database Administrator,59555
7996,Sophia Clark,Data Analyst,79673
7997,Jane Taylor,AI Researcher,94285
7998,Alice Martinez,Project Manager,61357
7999,Sophia Anderson,Data Analyst,54801
8000,Olivia Clark,Project Manager,55394
8001,Michael Smith,System Administrator,93874
8002,John Harris,Software Engineer,90376
8003,Olivia Taylor,AI Researcher,62383
8004,Michael Clark,Product Manager,60880
8005,Bob Brown,AI Researcher,57813
8006,Jane Walker,Data Analyst,79758
8007,John Lewis,Data Analyst,59213
8008,Charlie Johnson,Data Analyst,94579
8009,John Clark,Data Analyst,68814
8010,John Lewis,Project Manager,75131
8011,Michael Martinez,Data Analyst,56315
8012,Sophia Smith,UX Designer,65107
8013,Michael Johnson,UX Designer,64481
8014,Jane Lewis,Product Manager,68309
8015,Michael Taylor,Database Administrator,70298
8016,Jane Martinez,AI Researcher,72900
8017,Bob Anderson,System Administrator,50969
8018,John Anderson,AI Researcher,76378
8019,John Walker,System Administrator,68027
8020,John Martinez,Product Manager,66958
8021,Olivia Anderson,Software Engineer,95367
8022,David Harris,Database Administrator,51075
8023,Michael Taylor,AI Researcher,60593
8024,Alice Martinez,UX Designer,99834
8025,Charlie Clark,Software Engineer,56501
8026,Emma Brown,Database Administrator,70557
8027,Olivia Anderson,Database Administrator,56171
8028,Jane Walker,Network Engineer,60686
8029,Bob Smith,UX Designer,75226
8030,Charlie Martinez,System Administrator,72296
8031,Bob Johnson,Network Engineer,96101
8032,Olivia Johnson,Project Manager,83394
8033,Charlie Smith,Product Manager,99548
8034,Bob Martinez,Data Analyst,72776
8035,Michael Walker,Project Manager,87847
8036,Sophia Harris,Project Manager,84524
8037,Olivia Harris,UX Designer,52283
8038,Michael Brown,Project Manager,87972
8039,Alice Anderson,Project Manager,83032
8040,Emma Harris,System Administrator,97368
8041,Alice Taylor,Network Engineer,77685
8042,David Taylor,DevOps Engineer,62504
8043,Charlie Smith,Database Administrator,69416
8044,Jane Smith,Network Engineer,85320
8045,Charlie Johnson,Database Administrator,97353
8046,Michael Harris,Product Manager,96449
8047,Sophia Smith,DevOps Engineer,84896
8048,Charlie Brown,System Administrator,89741
8049,Bob Smith,Database Administrator,61311
8050,Jane Smith,Network Engineer,94520
8051,Alice Taylor,System Administrator,64837
8052,Sophia Martinez,System Administrator,85736
8053,Charlie Martinez,Database Administrator,50764
8054,Michael Clark,Project Manager,58638
8055,David Walker,AI Researcher,83761
8056,Jane Anderson,UX Designer,75947
8057,Emma Anderson,System Administrator,94498
8058,Alice Martinez,Project Manager,97993
8059,Sophia Taylor,DevOps Engineer,52051
8060,Charlie Lewis,Project Manager,80134
8061,Michael Lewis,AI Researcher,88638
8062,Michael Johnson,Software Engineer,70028
8063,Bob Brown,Network Engineer,68855
8064,Jane Anderson,DevOps Engineer,86090
8065,John Smith,Data Analyst,68366
8066,David Johnson,UX Designer,51517
8067,Charlie Clark,System Administrator,63384
8068,John Walker,Project Manager,79522
8069,David Johnson,DevOps Engineer,86949
8070,David Clark,Project Manager,71130
8071,Michael Harris,Network Engineer,62350
8072,Charlie Anderson,Project Manager,65595
8073,Olivia Johnson,Software Engineer,62936
8074,Charlie Brown,Product Manager,71865
8075,Olivia Taylor,AI Researcher,87297
8076,Alice Lewis,UX Designer,59606
8077,Emma Clark,Software Engineer,73541
8078,Sophia Walker,AI Researcher,57429
8079,Sophia Smith,System Administrator,91084
8080,John Johnson,AI Researcher,57750
8081,Emma Johnson,Project Manager,54494
8082,Alice Anderson,Database Administrator,78700
8083,David Clark,Product Manager,58762
8084,Emma Johnson,UX Designer,83492
8085,Alice Brown,Data Analyst,90742
8086,Sophia Taylor,Database Administrator,99861
8087,Olivia Harris,System Administrator,55952
8088,Emma Anderson,Data Analyst,71053
8089,Alice Brown,Network Engineer,76332
8090,Bob Harris,Product Manager,84620
8091,Sophia Harris,AI Researcher,99381
8092,Jane Harris,Software Engineer,90282
8093,Sophia Lewis,UX Designer,92411
8094,Michael Smith,DevOps Engineer,92676
8095,Olivia Brown,Data Analyst,86758
8096,Charlie Clark,DevOps Engineer,50554
8097,Michael Clark,AI Researcher,91511
8098,Alice Smith,Data Analyst,58842
8099,Emma Johnson,Database Administrator,68217
8100,Michael Johnson,Database Administrator,82740
8101,Alice Brown,Data Analyst,64404
8102,Charlie Johnson,UX Designer,54868
8103,Olivia Taylor,DevOps Engineer,98218
8104,Emma Brown,Data Analyst,99123
8105,Sophia Brown,Software Engineer,50389
8106,Alice Taylor,System Administrator,88330
8107,Sophia Anderson,Data Analyst,83298
8108,Sophia Clark,DevOps Engineer,80850
8109,Charlie Taylor,DevOps Engineer,88768
8110,David Smith,Software Engineer,69462
8111,Sophia Anderson,Data Analyst,62827
8112,Charlie Lewis,Network Engineer,50379
8113,Sophia Anderson,Data Analyst,91587
8114,David Smith,DevOps Engineer,79961
8115,Michael Smith,System Administrator,64306
8116,Charlie Smith,Data Analyst,59320
8117,Alice Clark,Data Analyst,90634
8118,Alice Johnson,UX Designer,60067
8119,Jane Taylor,UX Designer,94191
8120,John Walker,Database Administrator,62481
8121,Sophia Anderson,Database Administrator,64901
8122,Alice Smith,Project Manager,96229
8123,Emma Harris,AI Researcher,57549
8124,Michael Smith,Data Analyst,66111
8125,Sophia Taylor,Product Manager,69567
8126,Bob Clark,Network Engineer,58798
8127,Michael Clark,Product Manager,84398
8128,David Harris,AI Researcher,67056
8129,Alice Smith,System Administrator,91860
8130,Charlie Brown,Software Engineer,80796
8131,Charlie Lewis,Database Administrator,85629
8132,Alice Taylor,DevOps Engineer,65591
8133,Jane Anderson,Project Manager,72902
8134,Alice Smith,Software Engineer,98663
8135,Alice Anderson,AI Researcher,96077
8136,David Clark,Project Manager,64584
8137,David Martinez,System Administrator,50540
8138,David Walker,Project Manager,89676
8139,Olivia Lewis,Software Engineer,82860
8140,John Brown,DevOps Engineer,69713
8141,Olivia Harris,DevOps Engineer,84930
8142,Olivia Harris,AI Researcher,75211
8143,Charlie Brown,System Administrator,99186
8144,Michael Smith,System Administrator,99348
8145,Olivia Clark,Product Manager,58507
8146,Jane Lewis,Project Manager,78563
8147,Alice Clark,Network Engineer,57725
8148,Jane Harris,Project Manager,61239
8149,John Martinez,Software Engineer,54581
8150,John Brown,System Administrator,93150
8151,Olivia Taylor,Software Engineer,92688
8152,Michael Anderson,DevOps Engineer,86617
8153,Olivia Anderson,System Administrator,50926
8154,Emma Anderson,System Administrator,75995
8155,Olivia Lewis,AI Researcher,57356
8156,Alice Walker,Software Engineer,93362
8157,David Brown,AI Researcher,55254
8158,Olivia Martinez,AI Researcher,77530
8159,John Walker,Database Administrator,75653
8160,David Johnson,AI Researcher,89203
8161,David Taylor,Software Engineer,60299
8162,Alice Harris,UX Designer,69672
8163,Jane Johnson,DevOps Engineer,55551
8164,Sophia Smith,Project Manager,84882
8165,David Smith,Project Manager,57540
8166,David Walker,Database Administrator,71081
8167,Charlie Smith,Data Analyst,92758
8168,Sophia Anderson,DevOps Engineer,52047
8169,Charlie Johnson,DevOps Engineer,76263
8170,Emma Anderson,Product Manager,97189
8171,Jane Martinez,Software Engineer,64934
8172,Bob Martinez,System Administrator,99900
8173,Charlie Walker,AI Researcher,52698
8174,Michael Anderson,Database Administrator,61242
8175,Michael Anderson,Project Manager,79209
8176,John Harris,Data Analyst,60588
8177,Olivia Clark,DevOps Engineer,74425
8178,Michael Walker,AI Researcher,55737
8179,Michael Clark,Software Engineer,63329
8180,Michael Brown,System Administrator,83535
8181,Bob Brown,AI Researcher,58819
8182,John Walker,Network Engineer,65415
8183,Michael Johnson,Database Administrator,81244
8184,Bob Walker,Data Analyst,99043
8185,John Clark,Project Manager,98556
8186,Emma Johnson,Product Manager,54625
8187,Olivia Clark,Network Engineer,59396
8188,Bob Lewis,Product Manager,78677
8189,Olivia Taylor,Data Analyst,67242
8190,Bob Taylor,DevOps Engineer,73829
8191,Olivia Taylor,Database Administrator,89991
8192,Emma Johnson,Data Analyst,99889
8193,Bob Johnson,System Administrator,86205
8194,David Lewis,Data Analyst,89053
8195,John Taylor,Database Administrator,88771
8196,Sophia Brown,DevOps Engineer,95266
8197,Olivia Brown,Database Administrator,84468
8198,Sophia Brown,Data Analyst,69231
8199,Michael Walker,DevOps Engineer,79984
8200,Jane Harris,Data Analyst,81653
8201,Jane Martinez,Network Engineer,75601
8202,Bob Clark,Product Manager,60208
8203,Emma Brown,Software Engineer,64564
8204,Bob Lewis,Project Manager,89685
8205,Alice Johnson,Project Manager,67816
8206,Bob Lewis,DevOps Engineer,83270
8207,David Clark,AI Researcher,55229
8208,Jane Johnson,Data Analyst,55791
8209,Emma Clark,Database Administrator,68755
8210,Bob Martinez,Project Manager,85236
8211,Charlie Taylor,Data Analyst,71177
8212,David Smith,DevOps Engineer,95511
8213,Bob Brown,UX Designer,93779
8214,Sophia Harris,Data Analyst,97128
8215,David Brown,AI Researcher,98750
8216,Alice Johnson,System Administrator,59089
8217,Bob Johnson,Database Administrator,94454
8218,John Harris,System Administrator,62807
8219,David Lewis,AI Researcher,93865
8220,Emma Walker,DevOps Engineer,71359
8221,Sophia Walker,Project Manager,70119
8222,Sophia Lewis,Network Engineer,85828
8223,Charlie Martinez,Project Manager,90166
8224,Bob Anderson,System Administrator,99341
8225,Olivia Brown,AI Researcher,71653
8226,Michael Harris,Data Analyst,85564
8227,Alice Brown,AI Researcher,66017
8228,Alice Walker,Data Analyst,90783
8229,Emma Lewis,Network Engineer,71373
8230,Sophia Brown,Software Engineer,88196
8231,Sophia Brown,Database Administrator,56959
8232,Charlie Anderson,Software Engineer,54458
8233,Charlie Harris,Database Administrator,75066
8234,Olivia Lewis,Data Analyst,66277
8235,Emma Harris,Network Engineer,96394
8236,Bob Anderson,AI Researcher,64376
8237,Bob Johnson,Product Manager,86694
8238,Bob Martinez,Data Analyst,94905
8239,John Martinez,UX Designer,72868
8240,David Clark,Network Engineer,84862
8241,Jane Harris,DevOps Engineer,98855
8242,John Lewis,AI Researcher,58569
8243,David Lewis,Project Manager,54772
8244,Jane Martinez,DevOps Engineer,66734
8245,Jane Lewis,AI Researcher,53883
8246,Charlie Walker,UX Designer,87760
8247,Jane Clark,Software Engineer,95774
8248,John Brown,DevOps Engineer,58583
8249,John Johnson,System Administrator,65503
8250,John Anderson,Data Analyst,94849
8251,Charlie Anderson,UX Designer,84052
8252,Emma Johnson,Data Analyst,86307
8253,Charlie Smith,AI Researcher,74391
8254,Charlie Brown,System Administrator,84277
8255,David Martinez,Data Analyst,80609
8256,John Brown,Network Engineer,71070
8257,Sophia Taylor,UX Designer,89807
8258,Bob Clark,Product Manager,76918
8259,John Martinez,Project Manager,55666
8260,Bob Anderson,Network Engineer,80113
8261,Sophia Clark,System Administrator,51689
8262,John Anderson,System Administrator,92798
8263,Charlie Martinez,Data Analyst,57365
8264,Olivia Martinez,Product Manager,86993
8265,Michael Martinez,System Administrator,84536
8266,John Smith,Software Engineer,84987
8267,Michael Harris,Data Analyst,85159
8268,John Brown,Data Analyst,88554
8269,Emma Brown,Software Engineer,54805
8270,Olivia Johnson,Data Analyst,54299
8271,Bob Harris,Product Manager,86423
8272,Alice Harris,Data Analyst,58151
8273,Jane Martinez,AI Researcher,86320
8274,Emma Walker,UX Designer,54460
8275,David Walker,Project Manager,57361
8276,Sophia Lewis,Data Analyst,77181
8277,Olivia Anderson,Network Engineer,64548
8278,Michael Taylor,Data Analyst,63338
8279,Michael Johnson,System Administrator,58065
8280,Emma Walker,Database Administrator,50591
8281,Jane Brown,AI Researcher,65102
8282,Bob Brown,Software Engineer,80434
8283,Sophia Harris,Database Administrator,86139
8284,Alice Lewis,Network Engineer,79265
8285,Alice Walker,Network Engineer,72780
8286,John Martinez,Network Engineer,79191
8287,Olivia Harris,UX Designer,84436
8288,John Harris,Product Manager,51313
8289,Emma Walker,Product Manager,84020
8290,Alice Lewis,Data Analyst,84159
8291,Jane Anderson,Data Analyst,68635
8292,Jane Smith,Project Manager,65317
8293,Olivia Martinez,AI Researcher,64385
8294,Jane Martinez,Software Engineer,62630
8295,Bob Johnson,Data Analyst,91471
8296,John Anderson,Project Manager,58598
8297,Jane Taylor,UX Designer,52151
8298,Charlie Johnson,Product Manager,50223
8299,Alice Anderson,UX Designer,51984
8300,Bob Taylor,Product Manager,50616
8301,Olivia Taylor,System Administrator,65091
8302,Emma Walker,AI Researcher,93593
8303,Emma Taylor,Product Manager,69570
8304,Bob Martinez,Software Engineer,58918
8305,Jane Walker,Data Analyst,97483
8306,David Johnson,Data Analyst,54790
8307,David Harris,Project Manager,81729
8308,Charlie Smith,Project Manager,92486
8309,Michael Brown,AI Researcher,81271
8310,Bob Clark,DevOps Engineer,64489
8311,Sophia Taylor,Network Engineer,96352
8312,Sophia Lewis,DevOps Engineer,74669
8313,Sophia Taylor,AI Researcher,72257
8314,Jane Taylor,AI Researcher,66865
8315,Olivia Taylor,DevOps Engineer,97596
8316,Alice Martinez,Project Manager,53474
8317,Sophia Martinez,Product Manager,80012
8318,Michael Brown,AI Researcher,95099
8319,John Martinez,Database Administrator,70432
8320,Michael Clark,Software Engineer,94984
8321,Alice Taylor,Database Administrator,63430
8322,Michael Anderson,Product Manager,72017
8323,Bob Brown,Project Manager,70277
8324,Jane Smith,UX Designer,98489
8325,Olivia Smith,Network Engineer,62363
8326,John Taylor,Network Engineer,73113
8327,Alice Harris,Product Manager,80111
8328,John Anderson,AI Researcher,71579
8329,Emma Taylor,Database Administrator,98311
8330,John Anderson,Network Engineer,54015
8331,David Clark,AI Researcher,50685
8332,Olivia Anderson,Data Analyst,82232
8333,Jane Martinez,Network Engineer,75644
8334,Sophia Brown,Software Engineer,84864
8335,Emma Johnson,Product Manager,67960
8336,Sophia Anderson,Database Administrator,66267
8337,Charlie Harris,Network Engineer,66911
8338,John Johnson,Project Manager,91944
8339,Alice Clark,System Administrator,95099
8340,Michael Taylor,DevOps Engineer,92688
8341,Alice Johnson,Data Analyst,63134
8342,Michael Harris,System Administrator,75186
8343,Michael Smith,Software Engineer,91932
8344,Sophia Lewis,Software Engineer,76304
8345,Olivia Harris,Database Administrator,96483
8346,Emma Harris,Project Manager,62911
8347,David Lewis,AI Researcher,52776
8348,Jane Brown,DevOps Engineer,79117
8349,John Martinez,Project Manager,78425
8350,Alice Walker,UX Designer,62587
8351,David Clark,Database Administrator,70761
8352,Olivia Lewis,Network Engineer,95115
8353,Alice Smith,Data Analyst,61356
8354,Emma Taylor,System Administrator,62543
8355,Jane Anderson,DevOps Engineer,53880
8356,Michael Clark,Database Administrator,79100
8357,Michael Martinez,UX Designer,85960
8358,John Martinez,UX Designer,55638
8359,John Walker,AI Researcher,59595
8360,Jane Lewis,DevOps Engineer,95048
8361,Michael Harris,System Administrator,76368
8362,Michael Taylor,UX Designer,93884
8363,David Johnson,Project Manager,98258
8364,Olivia Harris,DevOps Engineer,92882
8365,Jane Martinez,AI Researcher,64616
8366,Jane Walker,Database Administrator,87471
8367,Michael Johnson,Network Engineer,72715
8368,Olivia Walker,Database Administrator,58297
8369,David Walker,UX Designer,77902
8370,Emma Brown,Software Engineer,68256
8371,Sophia Martinez,Project Manager,50323
8372,John Harris,Software Engineer,60274
8373,Michael Walker,UX Designer,56797
8374,Bob Smith,System Administrator,57299
8375,John Johnson,Data Analyst,77174
8376,Charlie Clark,Software Engineer,82169
8377,Michael Lewis,Project Manager,58298
8378,Jane Smith,Product Manager,98952
8379,Alice Smith,AI Researcher,90620
8380,Jane Harris,AI Researcher,99961
8381,Alice Taylor,Data Analyst,85660
8382,David Smith,AI Researcher,62150
8383,David Clark,Project Manager,98654
8384,Sophia Walker,Database Administrator,58109
8385,John Taylor,Data Analyst,93696
8386,Jane Brown,Data Analyst,69668
8387,Olivia Clark,Product Manager,89767
8388,David Harris,Database Administrator,82743
8389,Jane Walker,Database Administrator,65534
8390,David Walker,Software Engineer,85614
8391,Charlie Smith,System Administrator,58703
8392,Michael Walker,Project Manager,97171
8393,Emma Johnson,Software Engineer,93833
8394,Charlie Johnson,Network Engineer,73681
8395,Sophia Johnson,UX Designer,89077
8396,Emma Brown,Project Manager,61408
8397,Charlie Lewis,Project Manager,60712
8398,Bob Anderson,Software Engineer,95404
8399,Bob Taylor,Network Engineer,50922
8400,Charlie Taylor,Database Administrator,72251
8401,Jane Smith,Project Manager,89477
8402,Michael Clark,Software Engineer,81262
8403,Jane Lewis,System Administrator,77989
8404,Charlie Taylor,Network Engineer,55434
8405,Michael Martinez,Network Engineer,75802
8406,Jane Walker,System Administrator,60738
8407,Sophia Clark,DevOps Engineer,68318
8408,Bob Lewis,UX Designer,69565
8409,Bob Martinez,Product Manager,84824
8410,Olivia Anderson,UX Designer,92927
8411,Sophia Smith,Data Analyst,63044
8412,Sophia Clark,Software Engineer,99309
8413,John Brown,UX Designer,63056
8414,David Harris,Software Engineer,84334
8415,Olivia Brown,Product Manager,56804
8416,Michael Walker,Database Administrator,73184
8417,Olivia Smith,Network Engineer,63821
8418,Emma Taylor,Database Administrator,87242
8419,John Martinez,System Administrator,92984
8420,Bob Harris,UX Designer,58484
8421,David Walker,Data Analyst,63579
8422,Charlie Anderson,System Administrator,89114
8423,Sophia Smith,UX Designer,75679
8424,Olivia Smith,Product Manager,57617
8425,Emma Martinez,System Administrator,70760
8426,David Harris,Software Engineer,88147
8427,Olivia Johnson,DevOps Engineer,94002
8428,Michael Johnson,Data Analyst,70561
8429,Michael Clark,Software Engineer,79485
8430,Michael Harris,Software Engineer,56728
8431,Charlie Smith,UX Designer,72635
8432,Sophia Walker,DevOps Engineer,79759
8433,Jane Harris,DevOps Engineer,63382
8434,John Harris,Product Manager,61738
8435,Sophia Harris,Project Manager,89006
8436,Jane Johnson,Network Engineer,85500
8437,David Clark,Software Engineer,65958
8438,Bob Anderson,Product Manager,89403
8439,Bob Clark,AI Researcher,99463
8440,Jane Martinez,AI Researcher,95166
8441,Olivia Harris,Data Analyst,68177
8442,Jane Martinez,Project Manager,97686
8443,Bob Clark,Network Engineer,93339
8444,Alice Harris,DevOps Engineer,50844
8445,Sophia Anderson,Database Administrator,61255
8446,Jane Smith,Data Analyst,95686
8447,David Lewis,Software Engineer,82975
8448,Sophia Smith,UX Designer,87621
8449,Sophia Lewis,AI Researcher,61680
8450,Charlie Johnson,Network Engineer,54983
8451,Jane Clark,Data Analyst,72404
8452,Bob Lewis,Data Analyst,94809
8453,Olivia Brown,Database Administrator,58699
8454,John Brown,System Administrator,80922
8455,Bob Johnson,Software Engineer,68029
8456,Sophia Smith,Network Engineer,87009
8457,Alice Johnson,Data Analyst,72554
8458,David Martinez,Data Analyst,51647
8459,John Smith,Network Engineer,68759
8460,Olivia Lewis,Database Administrator,54347
8461,Emma Walker,System Administrator,50331
8462,Sophia Johnson,System Administrator,98834
8463,Charlie Harris,Project Manager,65770
8464,Emma Lewis,UX Designer,87687
8465,Michael Smith,AI Researcher,50388
8466,Olivia Walker,Database Administrator,52458
8467,Jane Lewis,Project Manager,88811
8468,Sophia Anderson,AI Researcher,92991
8469,Jane Anderson,UX Designer,97448
8470,Charlie Smith,UX Designer,89227
8471,Bob Anderson,Data Analyst,83269
8472,Olivia Martinez,UX Designer,57471
8473,Michael Johnson,DevOps Engineer,92474
8474,Alice Brown,Project Manager,61127
8475,Jane Harris,UX Designer,81071
8476,Jane Brown,Product Manager,53182
8477,John Smith,Database Administrator,59989
8478,Jane Johnson,System Administrator,86100
8479,John Walker,System Administrator,99084
8480,Emma Walker,UX Designer,57606
8481,Olivia Walker,Data Analyst,62885
8482,Alice Taylor,DevOps Engineer,50026
8483,Olivia Taylor,DevOps Engineer,72825
8484,Charlie Lewis,Network Engineer,66965
8485,Charlie Walker,Software Engineer,65628
8486,Emma Brown,Network Engineer,80484
8487,Michael Lewis,UX Designer,88818
8488,Michael Brown,Product Manager,77756
8489,Sophia Harris,AI Researcher,53263
8490,David Lewis,System Administrator,54829
8491,John Lewis,Data Analyst,99551
8492,Charlie Harris,Database Administrator,58172
8493,Charlie Brown,AI Researcher,74897
8494,Jane Brown,Product Manager,97879
8495,Charlie Harris,Software Engineer,87301
8496,Bob Walker,AI Researcher,81983
8497,Olivia Martinez,Network Engineer,80081
8498,Jane Martinez,Software Engineer,64829
8499,Sophia Taylor,AI Researcher,57858
8500,Sophia Harris,UX Designer,80872
8501,David Taylor,Software Engineer,54620
8502,Sophia Harris,AI Researcher,67623
8503,Sophia Martinez,Data Analyst,63555
8504,Michael Smith,Data Analyst,69749
8505,Charlie Taylor,DevOps Engineer,92215
8506,David Lewis,Project Manager,88654
8507,Michael Lewis,AI Researcher,60477
8508,Michael Brown,Database Administrator,58610
8509,Emma Lewis,DevOps Engineer,85783
8510,Charlie Harris,DevOps Engineer,78961
8511,Emma Smith,Network Engineer,97509
8512,David Taylor,AI Researcher,92087
8513,Olivia Anderson,Data Analyst,92919
8514,Jane Smith,System Administrator,80766
8515,Charlie Harris,UX Designer,58961
8516,Sophia Lewis,Database Administrator,87815
8517,Sophia Walker,Product Manager,59906
8518,Alice Anderson,UX Designer,81348
8519,Sophia Taylor,AI Researcher,82269
8520,Olivia Johnson,System Administrator,75818
8521,Jane Martinez,DevOps Engineer,69773
8522,Bob Harris,AI Researcher,61961
8523,Charlie Smith,Product Manager,61446
8524,Sophia Lewis,System Administrator,73393
8525,Bob Lewis,Database Administrator,63362
8526,Bob Smith,Product Manager,72641
8527,Bob Johnson,Product Manager,87455
8528,Bob Martinez,Database Administrator,56427
8529,Jane Brown,AI Researcher,97159
8530,Olivia Smith,Software Engineer,66944
8531,Emma Brown,System Administrator,75122
8532,Jane Anderson,Product Manager,91289
8533,John Johnson,Network Engineer,62989
8534,Bob Johnson,Data Analyst,96638
8535,Olivia Brown,Software Engineer,79498
8536,Sophia Johnson,Network Engineer,85281
8537,Charlie Harris,Product Manager,57197
8538,David Smith,Product Manager,66112
8539,Jane Taylor,UX Designer,90258
8540,Michael Anderson,DevOps Engineer,70437
8541,Alice Lewis,Database Administrator,94751
8542,Sophia Brown,Database Administrator,93599
8543,Michael Clark,AI Researcher,90179
8544,David Walker,Software Engineer,72211
8545,Charlie Harris,DevOps Engineer,66923
8546,John Brown,Network Engineer,74907
8547,Michael Walker,Product Manager,88943
8548,Jane Walker,Database Administrator,51676
8549,Sophia Clark,Project Manager,79292
8550,John Clark,Network Engineer,98516
8551,Sophia Taylor,System Administrator,54955
8552,Michael Lewis,AI Researcher,81541
8553,Charlie Taylor,Product Manager,68109
8554,Emma Johnson,Software Engineer,80383
8555,John Anderson,Data Analyst,67478
8556,Charlie Martinez,System Administrator,56759
8557,Emma Brown,Network Engineer,83546
8558,Michael Harris,Product Manager,98161
8559,Charlie Lewis,UX Designer,80915
8560,Alice Harris,Project Manager,72773
8561,Olivia Anderson,Database Administrator,79133
8562,Olivia Lewis,Data Analyst,68133
8563,Michael Brown,AI Researcher,79988
8564,John Anderson,System Administrator,52920
8565,Bob Brown,Project Manager,56928
8566,Michael Lewis,Network Engineer,63791
8567,Emma Clark,Software Engineer,64719
8568,Sophia Harris,AI Researcher,54013
8569,John Clark,Project Manager,63001
8570,Jane Clark,Database Administrator,53646
8571,David Martinez,DevOps Engineer,67779
8572,Jane Walker,Network Engineer,90342
8573,John Walker,Database Administrator,87990
8574,Sophia Lewis,DevOps Engineer,68228
8575,Olivia Lewis,UX Designer,63477
8576,Olivia Clark,Project Manager,89377
8577,Charlie Anderson,Database Administrator,57402
8578,Charlie Johnson,Product Manager,58211
8579,Emma Johnson,AI Researcher,63413
8580,Bob Walker,AI Researcher,94476
8581,John Anderson,Product Manager,85652
8582,Sophia Brown,Software Engineer,84387
8583,Olivia Taylor,DevOps Engineer,71402
8584,John Brown,Software Engineer,56309
8585,David Johnson,Software Engineer,54630
8586,Bob Harris,Data Analyst,67149
8587,David Walker,AI Researcher,92145
8588,Alice Smith,DevOps Engineer,87066
8589,John Brown,Database Administrator,78600
8590,David Lewis,Database Administrator,86789
8591,Alice Clark,Project Manager,79611
8592,Emma Brown,AI Researcher,73197
8593,John Walker,Network Engineer,94724
8594,Michael Lewis,Software Engineer,91900
8595,David Lewis,Project Manager,55057
8596,Sophia Harris,Project Manager,69026
8597,Emma Walker,Product Manager,56671
8598,Alice Lewis,Data Analyst,69426
8599,Alice Johnson,Software Engineer,55693
8600,David Harris,AI Researcher,51304
8601,Michael Harris,System Administrator,88686
8602,Jane Harris,AI Researcher,95839
8603,Olivia Clark,System Administrator,78167
8604,Emma Taylor,Software Engineer,65720
8605,Alice Johnson,Network Engineer,90882
8606,Charlie Walker,DevOps Engineer,94499
8607,John Anderson,Product Manager,90130
8608,Charlie Taylor,AI Researcher,61177
8609,Alice Walker,System Administrator,99117
8610,Alice Smith,Product Manager,61142
8611,Charlie Brown,AI Researcher,71126
8612,Michael Anderson,Project Manager,87591
8613,Alice Walker,Database Administrator,51256
8614,Sophia Anderson,System Administrator,57508
8615,Emma Smith,Database Administrator,99681
8616,David Smith,Database Administrator,82687
8617,Jane Smith,Product Manager,91625
8618,Olivia Clark,Project Manager,54283
8619,Olivia Johnson,Project Manager,83300
8620,Charlie Brown,DevOps Engineer,53193
8621,Sophia Brown,UX Designer,81209
8622,Sophia Clark,Project Manager,79736
8623,Sophia Clark,Network Engineer,54618
8624,Emma Harris,UX Designer,71850
8625,Bob Smith,UX Designer,68057
8626,John Clark,Database Administrator,88378
8627,Emma Brown,Data Analyst,78736
8628,Jane Martinez,UX Designer,64788
8629,Alice Brown,Product Manager,67404
8630,Emma Brown,Data Analyst,51953
8631,Emma Taylor,Project Manager,96640
8632,Michael Walker,Product Manager,75267
8633,David Smith,UX Designer,80994
8634,Sophia Brown,AI Researcher,65560
8635,John Lewis,System Administrator,52704
8636,Charlie Taylor,Network Engineer,59128
8637,Olivia Harris,System Administrator,87085
8638,David Taylor,Software Engineer,64840
8639,Jane Lewis,Data Analyst,89913
8640,John Lewis,Network Engineer,60151
8641,Emma Lewis,System Administrator,60279
8642,Bob Taylor,UX Designer,66212
8643,John Anderson,System Administrator,69441
8644,Bob Johnson,Project Manager,60797
8645,Michael Taylor,Database Administrator,63684
8646,Michael Walker,Network Engineer,99922
8647,Sophia Harris,Software Engineer,82606
8648,John Walker,Data Analyst,95474
8649,Olivia Walker,Data Analyst,92912
8650,Alice Walker,Data Analyst,58917
8651,Sophia Taylor,System Administrator,76354
8652,David Johnson,Product Manager,60762
8653,Bob Johnson,AI Researcher,75480
8654,Sophia Clark,Data Analyst,53714
8655,Bob Brown,Network Engineer,72456
8656,Sophia Brown,Data Analyst,61494
8657,David Johnson,DevOps Engineer,81258
8658,Emma Anderson,UX Designer,94472
8659,Alice Brown,System Administrator,98735
8660,Alice Clark,AI Researcher,53265
8661,Jane Smith,AI Researcher,84165
8662,Alice Clark,AI Researcher,98005
8663,Michael Lewis,Database Administrator,79317
8664,Sophia Smith,AI Researcher,62718
8665,John Walker,Data Analyst,94143
8666,Alice Smith,Database Administrator,55516
8667,David Taylor,AI Researcher,64428
8668,Emma Clark,DevOps Engineer,51433
8669,Sophia Clark,DevOps Engineer,92037
8670,John Brown,System Administrator,51212
8671,Olivia Taylor,AI Researcher,85737
8672,John Harris,Data Analyst,70426
8673,Jane Johnson,Project Manager,66055
8674,David Smith,DevOps Engineer,77430
8675,David Brown,Software Engineer,79920
8676,Bob Clark,System Administrator,64721
8677,David Johnson,System Administrator,87709
8678,Bob Anderson,Database Administrator,63803
8679,David Brown,AI Researcher,83333
8680,Bob Lewis,UX Designer,67440
8681,David Taylor,Network Engineer,85731
8682,Sophia Lewis,UX Designer,89943
8683,Jane Clark,Network Engineer,93371
8684,John Walker,Network Engineer,60872
8685,Bob Smith,Network Engineer,70452
8686,Charlie Walker,System Administrator,68290
8687,Bob Martinez,AI Researcher,68585
8688,John Brown,DevOps Engineer,70158
8689,Olivia Johnson,Project Manager,66553
8690,David Anderson,Network Engineer,81207
8691,John Walker,System Administrator,71866
8692,David Brown,DevOps Engineer,95534
8693,Michael Taylor,DevOps Engineer,50241
8694,Alice Lewis,Network Engineer,99069
8695,Sophia Clark,System Administrator,79325
8696,Emma Johnson,Product Manager,71423
8697,Michael Anderson,Product Manager,57522
8698,David Walker,Database Administrator,94195
8699,Sophia Martinez,Project Manager,95828
8700,Alice Smith,UX Designer,74058
8701,Michael Anderson,Product Manager,61343
8702,Alice Walker,Project Manager,61748
8703,John Anderson,Data Analyst,92258
8704,Charlie Taylor,AI Researcher,85068
8705,Charlie Walker,AI Researcher,60455
8706,Emma Anderson,DevOps Engineer,64148
8707,Emma Lewis,Project Manager,65327
8708,Jane Taylor,Product Manager,80976
8709,Emma Johnson,DevOps Engineer,70203
8710,David Martinez,UX Designer,90922
8711,Bob Smith,AI Researcher,71653
8712,David Smith,Network Engineer,99687
8713,Michael Walker,Project Manager,93548
8714,Charlie Walker,Database Administrator,76753
8715,Alice Smith,Project Manager,51462
8716,Alice Walker,Data Analyst,75357
8717,Sophia Smith,UX Designer,71278
8718,Bob Smith,DevOps Engineer,81827
8719,David Walker,Database Administrator,62797
8720,Alice Clark,System Administrator,58482
8721,Michael Martinez,System Administrator,58864
8722,Charlie Brown,Project Manager,60375
8723,Charlie Martinez,System Administrator,59644
8724,John Walker,Network Engineer,85236
8725,David Johnson,Network Engineer,87666
8726,Bob Lewis,UX Designer,67448
8727,Emma Johnson,System Administrator,73800
8728,Sophia Taylor,DevOps Engineer,79750
8729,Michael Johnson,Data Analyst,93394
8730,Olivia Anderson,Project Manager,71112
8731,Sophia Clark,UX Designer,78639
8732,Olivia Smith,DevOps Engineer,93530
8733,Sophia Harris,Software Engineer,80583
8734,Bob Smith,DevOps Engineer,78803
8735,Jane Lewis,AI Researcher,81260
8736,Sophia Brown,Project Manager,84827
8737,John Anderson,Database Administrator,79835
8738,Sophia Lewis,Product Manager,71211
8739,Charlie Anderson,Product Manager,78722
8740,Olivia Harris,UX Designer,69519
8741,Charlie Taylor,UX Designer,76434
8742,Sophia Walker,Software Engineer,97175
8743,John Walker,System Administrator,63796
8744,Alice Harris,System Administrator,72481
8745,Emma Smith,Software Engineer,57243
8746,Charlie Harris,Product Manager,72399
8747,Alice Brown,System Administrator,76989
8748,Michael Smith,Data Analyst,97623
8749,Jane Brown,DevOps Engineer,84132
8750,Jane Johnson,System Administrator,61634
8751,David Johnson,DevOps Engineer,88523
8752,Charlie Lewis,AI Researcher,98463
8753,David Smith,DevOps Engineer,60004
8754,Jane Lewis,Software Engineer,81882
8755,Emma Brown,Software Engineer,68076
8756,John Brown,DevOps Engineer,99428
8757,David Martinez,Software Engineer,89314
8758,Alice Anderson,AI Researcher,55703
8759,Michael Walker,Database Administrator,90509
8760,Jane Anderson,Network Engineer,72406
8761,Olivia Walker,Project Manager,71785
8762,Emma Harris,Software Engineer,87659
8763,Charlie Anderson,UX Designer,98744
8764,Jane Smith,Network Engineer,90225
8765,Sophia Johnson,Data Analyst,88801
8766,John Clark,Database Administrator,56301
8767,Alice Martinez,Project Manager,83065
8768,John Brown,System Administrator,94784
8769,Jane Johnson,Database Administrator,92692
8770,Olivia Johnson,Data Analyst,56996
8771,Bob Walker,Project Manager,99760
8772,Jane Johnson,Project Manager,93896
8773,Emma Anderson,Project Manager,70559
8774,Sophia Anderson,System Administrator,64142
8775,Sophia Johnson,Software Engineer,99418
8776,Bob Harris,Network Engineer,64708
8777,Michael Clark,Database Administrator,80713
8778,Emma Smith,UX Designer,57924
8779,Emma Brown,DevOps Engineer,58151
8780,Bob Clark,Data Analyst,86503
8781,Alice Clark,UX Designer,74603
8782,Olivia Lewis,System Administrator,99913
8783,Michael Taylor,UX Designer,86121
8784,Michael Brown,AI Researcher,80101
8785,Sophia Taylor,UX Designer,97078
8786,Bob Clark,Network Engineer,71793
8787,Sophia Walker,Product Manager,61862
8788,Bob Walker,AI Researcher,73826
8789,Alice Martinez,Data Analyst,71497
8790,Alice Walker,Data Analyst,53996
8791,Sophia Lewis,Software Engineer,81349
8792,David Taylor,System Administrator,71492
8793,Olivia Anderson,System Administrator,81686
8794,Alice Brown,System Administrator,73048
8795,Olivia Taylor,Data Analyst,95263
8796,Bob Clark,Project Manager,55715
8797,Bob Lewis,UX Designer,99703
8798,Olivia Clark,Data Analyst,85685
8799,Charlie Clark,Network Engineer,57719
8800,John Anderson,Network Engineer,81696
8801,Emma Walker,Network Engineer,85960
8802,Olivia Clark,Network Engineer,77969
8803,Olivia Taylor,Data Analyst,52384
8804,Alice Martinez,Product Manager,72081
8805,Emma Lewis,Product Manager,51921
8806,Bob Martinez,Project Manager,51533
8807,Sophia Clark,Project Manager,87204
8808,Charlie Lewis,System Administrator,66322
8809,Bob Taylor,Database Administrator,98569
8810,David Martinez,Database Administrator,64122
8811,John Johnson,System Administrator,96393
8812,Sophia Lewis,Database Administrator,57797
8813,John Anderson,System Administrator,94693
8814,Charlie Anderson,UX Designer,51802
8815,David Harris,DevOps Engineer,67078
8816,Charlie Smith,Software Engineer,58749
8817,Olivia Johnson,AI Researcher,99475
8818,Charlie Taylor,Product Manager,51781
8819,Bob Taylor,Project Manager,66990
8820,Alice Clark,Product Manager,68756
8821,Jane Walker,Project Manager,97467
8822,David Harris,Software Engineer,96740
8823,Alice Brown,Data Analyst,84245
8824,Emma Smith,UX Designer,78046
8825,Michael Martinez,AI Researcher,95250
8826,Alice Martinez,Product Manager,72363
8827,Olivia Brown,Product Manager,56159
8828,Emma Anderson,System Administrator,99421
8829,Alice Lewis,Database Administrator,97257
8830,Jane Walker,UX Designer,87453
8831,Jane Martinez,Project Manager,71996
8832,Sophia Lewis,Software Engineer,92048
8833,Bob Walker,UX Designer,54808
8834,Jane Johnson,Data Analyst,80223
8835,David Smith,Product Manager,53929
8836,Sophia Taylor,DevOps Engineer,83133
8837,John Johnson,Database Administrator,50652
8838,Michael Anderson,Software Engineer,79428
8839,David Johnson,AI Researcher,94667
8840,Michael Taylor,UX Designer,69882
8841,John Martinez,Project Manager,53127
8842,David Lewis,Database Administrator,50277
8843,Bob Brown,AI Researcher,68293
8844,Alice Martinez,DevOps Engineer,87428
8845,Bob Harris,DevOps Engineer,72606
8846,Olivia Johnson,System Administrator,82730
8847,Jane Anderson,Database Administrator,63103
8848,Sophia Johnson,AI Researcher,83859
8849,Alice Lewis,Database Administrator,66568
8850,Olivia Walker,AI Researcher,51575
8851,Alice Clark,System Administrator,62837
8852,Bob Anderson,Data Analyst,51395
8853,Alice Brown,Network Engineer,57906
8854,Sophia Anderson,Database Administrator,59944
8855,Sophia Walker,Database Administrator,59441
8856,David Lewis,Product Manager,78691
8857,Olivia Harris,Project Manager,88983
8858,David Lewis,AI Researcher,93902
8859,Olivia Taylor,System Administrator,98729
8860,Bob Walker,DevOps Engineer,86648
8861,Olivia Brown,Data Analyst,62687
8862,John Anderson,UX Designer,64317
8863,Alice Clark,AI Researcher,94994
8864,Sophia Taylor,AI Researcher,58693
8865,Olivia Smith,Data Analyst,76139
8866,Jane Clark,Project Manager,61932
8867,Olivia Taylor,Product Manager,79312
8868,Jane Walker,System Administrator,51736
8869,Sophia Lewis,DevOps Engineer,89560
8870,Emma Harris,Data Analyst,62829
8871,Jane Anderson,Network Engineer,75137
8872,Bob Smith,DevOps Engineer,86512
8873,David Anderson,Database Administrator,84213
8874,Sophia Lewis,Project Manager,64314
8875,Bob Martinez,Project Manager,93265
8876,Olivia Martinez,Network Engineer,62276
8877,Charlie Smith,Product Manager,95563
8878,Bob Brown,UX Designer,75052
8879,Olivia Lewis,System Administrator,93830
8880,David Walker,Database Administrator,74225
8881,Jane Clark,Product Manager,57510
8882,Alice Smith,System Administrator,81904
8883,Sophia Smith,Software Engineer,53361
8884,Sophia Taylor,Data Analyst,98924
8885,Michael Smith,Network Engineer,57225
8886,David Lewis,System Administrator,89967
8887,Olivia Smith,Project Manager,53707
8888,Jane Walker,UX Designer,70882
8889,Emma Anderson,Project Manager,85851
8890,Emma Lewis,AI Researcher,84426
8891,John Martinez,System Administrator,83801
8892,Alice Martinez,Product Manager,76643
8893,John Anderson,Product Manager,73574
8894,Bob Clark,System Administrator,79948
8895,Michael Clark,DevOps Engineer,56525
8896,Olivia Taylor,Network Engineer,70305
8897,John Martinez,Data Analyst,70481
8898,Charlie Smith,Project Manager,96292
8899,Bob Brown,Product Manager,91532
8900,David Walker,Software Engineer,89752
8901,Emma Lewis,Data Analyst,76234
8902,Sophia Anderson,DevOps Engineer,90407
8903,Olivia Anderson,DevOps Engineer,54067
8904,Emma Lewis,Project Manager,83934
8905,Bob Martinez,Software Engineer,93354
8906,Bob Harris,System Administrator,77342
8907,Olivia Walker,Database Administrator,57051
8908,Alice Walker,Network Engineer,55439
8909,Jane Johnson,Software Engineer,62376
8910,Olivia Lewis,DevOps Engineer,56810
8911,Alice Walker,Database Administrator,53104
8912,Alice Taylor,System Administrator,78136
8913,Alice Smith,Software Engineer,55432
8914,Alice Johnson,AI Researcher,69042
8915,Sophia Clark,Network Engineer,81302
8916,Michael Lewis,DevOps Engineer,58665
8917,Olivia Brown,UX Designer,90565
8918,David Anderson,Data Analyst,78754
8919,Alice Anderson,Database Administrator,62228
8920,Bob Johnson,DevOps Engineer,63753
8921,Bob Johnson,Product Manager,89268
8922,Alice Lewis,DevOps Engineer,61405
8923,David Clark,System Administrator,86932
8924,John Smith,UX Designer,60636
8925,Bob Taylor,UX Designer,90146
8926,Michael Walker,Project Manager,69114
8927,Charlie Lewis,Database Administrator,86925
8928,David Walker,Database Administrator,65224
8929,Olivia Brown,Network Engineer,66189
8930,Olivia Taylor,Product Manager,84671
8931,Michael Walker,AI Researcher,68664
8932,Michael Harris,Product Manager,71458
8933,Michael Harris,AI Researcher,64937
8934,Michael Taylor,AI Researcher,71846
8935,Emma Anderson,Network Engineer,87424
8936,David Lewis,Product Manager,93130
8937,Alice Johnson,System Administrator,64974
8938,Michael Lewis,System Administrator,62405
8939,Bob Lewis,Project Manager,73624
8940,Bob Smith,Network Engineer,86368
8941,Charlie Smith,Data Analyst,97664
8942,Emma Lewis,Network Engineer,58368
8943,Jane Anderson,Project Manager,67391
8944,David Clark,Software Engineer,89318
8945,Sophia Lewis,Product Manager,85140
8946,Bob Johnson,System Administrator,92863
8947,Olivia Martinez,Network Engineer,80772
8948,Sophia Harris,System Administrator,73343
8949,Michael Anderson,DevOps Engineer,52186
8950,Jane Lewis,Software Engineer,55390
8951,Bob Smith,Software Engineer,55600
8952,Charlie Johnson,Database Administrator,71965
8953,Bob Brown,System Administrator,84498
8954,John Martinez,Database Administrator,56868
8955,David Harris,Network Engineer,81207
8956,David Taylor,System Administrator,55691
8957,Jane Taylor,AI Researcher,54379
8958,Alice Martinez,Database Administrator,50137
8959,Emma Johnson,Data Analyst,90535
8960,David Harris,AI Researcher,73001
8961,Michael Smith,AI Researcher,57842
8962,Olivia Taylor,Data Analyst,66755
8963,Jane Martinez,UX Designer,58764
8964,John Taylor,Software Engineer,80905
8965,Emma Martinez,Network Engineer,61506
8966,Emma Clark,System Administrator,94494
8967,Michael Lewis,UX Designer,70085
8968,Bob Martinez,AI Researcher,96374
8969,Olivia Taylor,Data Analyst,89900
8970,Sophia Clark,DevOps Engineer,91827
8971,John Johnson,Product Manager,80779
8972,David Walker,Database Administrator,55420
8973,Emma Lewis,Product Manager,60238
8974,David Brown,Database Administrator,81863
8975,Olivia Johnson,AI Researcher,82067
8976,David Harris,Data Analyst,62882
8977,David Anderson,Project Manager,93606
8978,Alice Walker,DevOps Engineer,93480
8979,Bob Johnson,Product Manager,78663
8980,Emma Brown,UX Designer,50520
8981,Emma Walker,DevOps Engineer,81074
8982,Emma Martinez,AI Researcher,98548
8983,Emma Taylor,Project Manager,94033
8984,David Johnson,UX Designer,97947
8985,Sophia Johnson,DevOps Engineer,91247
8986,David Smith,System Administrator,64747
8987,David Clark,AI Researcher,99135
8988,John Harris,AI Researcher,68345
8989,Charlie Clark,Product Manager,54197
8990,Jane Harris,AI Researcher,88535
8991,David Johnson,Project Manager,76212
8992,Charlie Clark,DevOps Engineer,89645
8993,Charlie Taylor,System Administrator,64636
8994,Jane Lewis,Database Administrator,77197
8995,David Clark,UX Designer,91755
8996,Bob Johnson,System Administrator,90658
8997,Olivia Harris,Database Administrator,63143
8998,Michael Clark,Project Manager,61406
8999,Sophia Walker,Software Engineer,90740
9000,Charlie Anderson,Product Manager,65290
9001,Jane Lewis,System Administrator,95846
9002,Sophia Martinez,DevOps Engineer,65956
9003,Emma Lewis,Database Administrator,85734
9004,David Clark,Product Manager,72606
9005,Michael Johnson,Network Engineer,92205
9006,Sophia Walker,Software Engineer,95055
9007,David Anderson,AI Researcher,51214
9008,Sophia Clark,Database Administrator,97576
9009,David Taylor,Data Analyst,95572
9010,Michael Martinez,Database Administrator,90694
9011,Jane Johnson,Product Manager,97234
9012,Charlie Taylor,System Administrator,69248
9013,Charlie Harris,Network Engineer,72825
9014,Olivia Lewis,UX Designer,87327
9015,Alice Brown,AI Researcher,57842
9016,Bob Taylor,Data Analyst,94350
9017,Emma Martinez,Data Analyst,77865
9018,Emma Anderson,System Administrator,51021
9019,Michael Walker,Data Analyst,87539
9020,Emma Lewis,DevOps Engineer,84965
9021,Alice Clark,Data Analyst,76061
9022,Alice Smith,Network Engineer,68767
9023,David Martinez,Data Analyst,75017
9024,Sophia Johnson,AI Researcher,65672
9025,Bob Smith,System Administrator,88783
9026,John Harris,Network Engineer,61560
9027,Charlie Smith,UX Designer,52930
9028,John Brown,AI Researcher,68439
9029,John Brown,DevOps Engineer,81921
9030,Michael Martinez,UX Designer,70093
9031,Michael Walker,Project Manager,53081
9032,Bob Brown,Project Manager,58194
9033,Bob Martinez,Product Manager,74419
9034,Charlie Martinez,Product Manager,57018
9035,Alice Smith,Product Manager,77024
9036,Alice Martinez,Software Engineer,86333
9037,Bob Martinez,Network Engineer,83157
9038,Bob Taylor,Software Engineer,82168
9039,Alice Anderson,Database Administrator,92523
9040,Emma Johnson,Data Analyst,57521
9041,Alice Smith,Data Analyst,69147
9042,John Johnson,Data Analyst,90642
9043,Emma Clark,UX Designer,77611
9044,Michael Taylor,AI Researcher,68113
9045,Alice Anderson,Database Administrator,71756
9046,Jane Anderson,AI Researcher,89308
9047,Emma Smith,Product Manager,93051
9048,Bob Harris,Product Manager,55591
9049,Bob Anderson,System Administrator,69740
9050,David Brown,Data Analyst,78970
9051,Jane Walker,UX Designer,56664
9052,Emma Taylor,System Administrator,76087
9053,John Martinez,DevOps Engineer,56375
9054,Sophia Johnson,Product Manager,85786
9055,Bob Smith,Product Manager,63716
9056,Sophia Clark,UX Designer,62752
9057,Charlie Lewis,DevOps Engineer,98309
9058,Sophia Harris,AI Researcher,67866
9059,John Smith,Software Engineer,72750
9060,Charlie Lewis,Project Manager,74486
9061,John Brown,Project Manager,97370
9062,Jane Anderson,Project Manager,78467
9063,Michael Johnson,Network Engineer,99308
9064,Bob Harris,DevOps Engineer,95342
9065,David Walker,AI Researcher,67414
9066,Bob Martinez,Database Administrator,59958
9067,Charlie Taylor,AI Researcher,88700
9068,Jane Anderson,UX Designer,58653
9069,Sophia Walker,UX Designer,50679
9070,Jane Martinez,Network Engineer,59843
9071,Bob Taylor,Network Engineer,77082
9072,Bob Clark,DevOps Engineer,95169
9073,Bob Harris,System Administrator,77000
9074,Alice Smith,Project Manager,92445
9075,Charlie Smith,Database Administrator,91685
9076,Sophia Martinez,Product Manager,51884
9077,Bob Walker,Project Manager,92092
9078,David Taylor,Project Manager,54399
9079,Bob Harris,UX Designer,91879
9080,Emma Anderson,Project Manager,52402
9081,Sophia Clark,Product Manager,76297
9082,John Walker,Product Manager,97217
9083,Olivia Harris,Software Engineer,66468
9084,Michael Lewis,UX Designer,68169
9085,David Brown,DevOps Engineer,74773
9086,David Harris,Network Engineer,79582
9087,John Walker,UX Designer,58075
9088,Michael Johnson,Database Administrator,63852
9089,Olivia Harris,UX Designer,70349
9090,David Anderson,Database Administrator,59045
9091,Michael Lewis,UX Designer,63137
9092,John Smith,Data Analyst,99589
9093,Michael Clark,System Administrator,79983
9094,Jane Lewis,Project Manager,52192
9095,John Clark,Database Administrator,99917
9096,Jane Walker,Project Manager,50473
9097,Bob Taylor,Data Analyst,84508
9098,Charlie Lewis,Project Manager,80489
9099,Olivia Lewis,System Administrator,68022
9100,Jane Johnson,Software Engineer,84714
9101,Sophia Walker,Software Engineer,76636
9102,Jane Brown,Project Manager,65180
9103,Jane Clark,Product Manager,74984
9104,Charlie Harris,UX Designer,63743
9105,Olivia Taylor,Data Analyst,71256
9106,Sophia Anderson,UX Designer,76251
9107,Bob Anderson,Software Engineer,84210
9108,Bob Taylor,Network Engineer,88859
9109,David Brown,Network Engineer,63564
9110,Charlie Walker,Data Analyst,65680
9111,Jane Martinez,AI Researcher,66249
9112,Olivia Harris,Software Engineer,60572
9113,David Brown,Database Administrator,71492
9114,Emma Harris,DevOps Engineer,68474
9115,David Taylor,Data Analyst,94317
9116,Sophia Anderson,Data Analyst,75831
9117,Emma Brown,Software Engineer,86926
9118,John Taylor,Software Engineer,95329
9119,Bob Johnson,Data Analyst,95658
9120,Bob Smith,Data Analyst,76390
9121,Jane Martinez,Software Engineer,64646
9122,Bob Anderson,Data Analyst,54478
9123,Emma Smith,UX Designer,57271
9124,Jane Clark,Product Manager,93837
9125,David Lewis,Network Engineer,71708
9126,David Smith,Data Analyst,93425
9127,Olivia Lewis,Product Manager,52800
9128,Jane Anderson,DevOps Engineer,53965
9129,Alice Smith,DevOps Engineer,93061
9130,Charlie Anderson,System Administrator,78935
9131,Sophia Taylor,Network Engineer,83866
9132,Jane Clark,System Administrator,67999
9133,Jane Taylor,AI Researcher,84173
9134,Charlie Martinez,Software Engineer,71689
9135,John Walker,Database Administrator,63714
9136,Emma Smith,Data Analyst,68088
9137,Sophia Smith,DevOps Engineer,92597
9138,Bob Johnson,Network Engineer,81986
9139,Charlie Walker,AI Researcher,75396
9140,David Lewis,DevOps Engineer,80312
9141,Jane Walker,Database Administrator,80511
9142,John Johnson,Database Administrator,86749
9143,David Anderson,System Administrator,68977
9144,Bob Harris,Software Engineer,89697
9145,John Smith,System Administrator,85910
9146,Olivia Harris,Network Engineer,94794
9147,Charlie Martinez,System Administrator,52685
9148,Bob Lewis,DevOps Engineer,86407
9149,Alice Johnson,System Administrator,95731
9150,Jane Lewis,Product Manager,99330
9151,Alice Smith,Project Manager,75622
9152,Charlie Smith,Project Manager,73774
9153,Michael Brown,Database Administrator,54045
9154,Charlie Martinez,Product Manager,64546
9155,Emma Walker,DevOps Engineer,92394
9156,Alice Lewis,Database Administrator,69775
9157,Emma Brown,DevOps Engineer,90845
9158,Alice Brown,Software Engineer,97468
9159,Charlie Martinez,Network Engineer,66046
9160,Michael Smith,AI Researcher,75072
9161,Michael Clark,Product Manager,91609
9162,Sophia Smith,DevOps Engineer,61786
9163,Sophia Walker,UX Designer,85105
9164,John Clark,AI Researcher,61879
9165,John Anderson,Software Engineer,86814
9166,David Anderson,Data Analyst,90131
9167,Emma Lewis,Network Engineer,95853
9168,Olivia Clark,Network Engineer,52713
9169,Charlie Clark,Network Engineer,65857
9170,Olivia Brown,Software Engineer,93898
9171,Charlie Lewis,Database Administrator,75108
9172,Bob Johnson,System Administrator,85739
9173,Bob Clark,Data Analyst,88172
9174,John Lewis,Database Administrator,96272
9175,Bob Brown,Software Engineer,67271
9176,Bob Clark,Database Administrator,58427
9177,Emma Martinez,AI Researcher,59363
9178,David Brown,DevOps Engineer,96312
9179,Sophia Taylor,UX Designer,97552
9180,David Harris,System Administrator,66593
9181,Charlie Brown,UX Designer,96910
9182,Alice Brown,UX Designer,76368
9183,Charlie Anderson,Software Engineer,85717
9184,Michael Brown,Network Engineer,61352
9185,Sophia Taylor,System Administrator,79392
9186,Olivia Anderson,Data Analyst,82175
9187,Olivia Harris,DevOps Engineer,53093
9188,Emma Harris,Data Analyst,66039
9189,John Anderson,Product Manager,90448
9190,Bob Taylor,UX Designer,50109
9191,John Martinez,Software Engineer,60533
9192,Alice Anderson,UX Designer,75075
9193,Olivia Johnson,Project Manager,71762
9194,Olivia Lewis,Network Engineer,75537
9195,Sophia Anderson,Network Engineer,96219
9196,Michael Smith,Network Engineer,50660
9197,Jane Taylor,Project Manager,52658
9198,Bob Smith,Database Administrator,62371
9199,Alice Walker,Database Administrator,66767
9200,John Harris,DevOps Engineer,54944
9201,John Taylor,DevOps Engineer,89820
9202,Sophia Anderson,UX Designer,82104
9203,Michael Smith,UX Designer,81964
9204,Michael Johnson,Network Engineer,60906
9205,Emma Brown,Database Administrator,59685
9206,Michael Martinez,Product Manager,88826
9207,Michael Lewis,Product Manager,95328
9208,Alice Johnson,Network Engineer,82516
9209,Alice Smith,Data Analyst,86487
9210,Bob Taylor,Software Engineer,89996
9211,David Smith,Product Manager,83296
9212,John Clark,Data Analyst,94689
9213,Olivia Johnson,UX Designer,65311
9214,Michael Lewis,Network Engineer,58453
9215,Jane Lewis,Product Manager,69980
9216,Michael Taylor,Product Manager,73762
9217,Alice Taylor,UX Designer,67231
9218,Jane Harris,Data Analyst,54585
9219,Emma Anderson,Network Engineer,54114
9220,Emma Lewis,AI Researcher,78413
9221,Charlie Smith,Project Manager,66712
9222,Sophia Walker,Data Analyst,65680
9223,Charlie Anderson,Database Administrator,52726
9224,John Johnson,Project Manager,76732
9225,Emma Taylor,Product Manager,82405
9226,Jane Martinez,Project Manager,66841
9227,John Taylor,Network Engineer,94289
9228,David Johnson,Database Administrator,85322
9229,Olivia Johnson,Database Administrator,97672
9230,David Walker,Software Engineer,71522
9231,Alice Smith,Project Manager,60213
9232,Alice Clark,Network Engineer,87167
9233,David Taylor,DevOps Engineer,82812
9234,Michael Anderson,UX Designer,55740
9235,Bob Lewis,AI Researcher,60328
9236,Emma Smith,System Administrator,77297
9237,Charlie Smith,Product Manager,95184
9238,David Taylor,Database Administrator,90850
9239,Emma Martinez,DevOps Engineer,87129
9240,David Taylor,DevOps Engineer,94258
9241,Emma Taylor,AI Researcher,62335
9242,Alice Smith,AI Researcher,83494
9243,David Clark,Database Administrator,93198
9244,Jane Clark,AI Researcher,91648
9245,Charlie Clark,Database Administrator,85400
9246,Sophia Taylor,Product Manager,90763
9247,John Lewis,DevOps Engineer,65034
9248,Olivia Harris,Product Manager,81574
9249,John Smith,DevOps Engineer,69599
9250,David Taylor,Data Analyst,65538
9251,John Johnson,Network Engineer,70844
9252,Sophia Clark,Product Manager,73465
9253,Bob Anderson,Data Analyst,85983
9254,David Anderson,Network Engineer,84391
9255,Sophia Taylor,Project Manager,75875
9256,Michael Lewis,Database Administrator,61619
9257,John Harris,DevOps Engineer,97389
9258,David Taylor,UX Designer,89149
9259,John Walker,Data Analyst,70887
9260,Alice Clark,DevOps Engineer,92479
9261,Michael Martinez,UX Designer,96395
9262,Charlie Smith,UX Designer,57892
9263,Charlie Harris,Product Manager,78829
9264,Michael Anderson,Database Administrator,62073
9265,Alice Smith,Database Administrator,91105
9266,Emma Johnson,AI Researcher,63803
9267,Charlie Walker,Database Administrator,67313
9268,Charlie Clark,Database Administrator,65957
9269,Emma Lewis,UX Designer,98793
9270,Alice Johnson,UX Designer,57990
9271,Olivia Smith,Software Engineer,66240
9272,Bob Taylor,AI Researcher,77049
9273,Sophia Johnson,Project Manager,72182
9274,Bob Harris,UX Designer,98075
9275,Alice Clark,System Administrator,66425
9276,Alice Clark,DevOps Engineer,75422
9277,Olivia Brown,DevOps Engineer,96859
9278,John Anderson,System Administrator,60396
9279,Bob Brown,Software Engineer,80583
9280,Jane Martinez,Data Analyst,51438
9281,Charlie Walker,System Administrator,59625
9282,Emma Lewis,DevOps Engineer,60583
9283,Sophia Lewis,Project Manager,84917
9284,Emma Lewis,AI Researcher,51004
9285,Michael Taylor,AI Researcher,71040
9286,Jane Taylor,System Administrator,69682
9287,Emma Harris,Database Administrator,97709
9288,David Anderson,Database Administrator,98882
9289,Charlie Taylor,AI Researcher,86729
9290,David Taylor,Project Manager,50064
9291,Emma Johnson,Software Engineer,92786
9292,Olivia Taylor,Product Manager,88012
9293,Jane Anderson,Database Administrator,84527
9294,David Smith,AI Researcher,66332
9295,Bob Clark,Software Engineer,99035
9296,David Harris,Network Engineer,80709
9297,Michael Johnson,System Administrator,65910
9298,John Lewis,UX Designer,51803
9299,Sophia Lewis,Network Engineer,51872
9300,John Lewis,DevOps Engineer,68344
9301,Michael Anderson,Software Engineer,55625
9302,Emma Lewis,Data Analyst,94546
9303,Emma Harris,AI Researcher,72808
9304,Olivia Brown,Product Manager,75521
9305,Emma Lewis,Product Manager,90610
9306,Bob Lewis,DevOps Engineer,99684
9307,Jane Martinez,AI Researcher,52945
9308,Charlie Walker,Database Administrator,51315
9309,Emma Johnson,Data Analyst,52981
9310,Sophia Anderson,AI Researcher,93718
9311,Alice Johnson,UX Designer,82210
9312,John Brown,AI Researcher,80637
9313,Sophia Walker,AI Researcher,89925
9314,Alice Walker,UX Designer,66498
9315,John Walker,AI Researcher,92606
9316,John Taylor,System Administrator,94925
9317,Michael Brown,Database Administrator,90907
9318,Michael Smith,Software Engineer,86973
9319,Emma Lewis,Software Engineer,53236
9320,Jane Anderson,Data Analyst,98380
9321,John Martinez,Network Engineer,58704
9322,John Walker,Software Engineer,99383
9323,Charlie Johnson,AI Researcher,85942
9324,Michael Anderson,Database Administrator,93028
9325,Emma Johnson,Network Engineer,63832
9326,David Harris,Database Administrator,65681
9327,Emma Harris,System Administrator,70126
9328,Michael Lewis,Product Manager,79825
9329,Michael Johnson,UX Designer,53173
9330,Sophia Taylor,UX Designer,87007
9331,Sophia Taylor,Project Manager,59700
9332,Jane Harris,UX Designer,52271
9333,Sophia Brown,AI Researcher,99483
9334,Michael Johnson,DevOps Engineer,56615
9335,Jane Anderson,Database Administrator,62652
9336,Michael Harris,Database Administrator,70796
9337,Emma Martinez,Database Administrator,73616
9338,David Martinez,Data Analyst,62583
9339,Sophia Brown,Software Engineer,94011
9340,Sophia Lewis,System Administrator,66321
9341,John Johnson,Database Administrator,66276
9342,David Lewis,Database Administrator,63002
9343,Alice Brown,AI Researcher,93974
9344,Bob Lewis,System Administrator,66523
9345,Olivia Taylor,Database Administrator,97502
9346,Olivia Taylor,Project Manager,75848
9347,Bob Martinez,Project Manager,72523
9348,John Brown,DevOps Engineer,89145
9349,Emma Anderson,AI Researcher,56435
9350,John Taylor,Project Manager,97507
9351,Charlie Walker,Network Engineer,97343
9352,Jane Walker,Software Engineer,55732
9353,Bob Taylor,Project Manager,90355
9354,John Brown,DevOps Engineer,85746
9355,Olivia Harris,Data Analyst,68301
9356,Charlie Lewis,Software Engineer,90495
9357,Michael Martinez,System Administrator,51233
9358,Sophia Smith,System Administrator,64713
9359,John Anderson,Software Engineer,91273
9360,Charlie Johnson,Project Manager,88517
9361,Olivia Anderson,Database Administrator,85676
9362,John Martinez,Product Manager,90682
9363,Alice Brown,AI Researcher,73025
9364,Charlie Anderson,UX Designer,99956
9365,Bob Clark,Database Administrator,89849
9366,David Clark,AI Researcher,84350
9367,Alice Johnson,UX Designer,80768
9368,Sophia Harris,Data Analyst,59232
9369,Emma Harris,Network Engineer,61205
9370,Emma Brown,Project Manager,81803
9371,Jane Taylor,Data Analyst,67758
9372,Alice Anderson,System Administrator,80875
9373,Olivia Taylor,Software Engineer,98255
9374,Emma Taylor,Data Analyst,83787
9375,David Smith,Software Engineer,62604
9376,Emma Martinez,Database Administrator,72473
9377,Sophia Brown,Product Manager,56336
9378,Alice Clark,System Administrator,75724
9379,Olivia Martinez,DevOps Engineer,62614
9380,Bob Brown,Product Manager,55666
9381,Sophia Taylor,DevOps Engineer,78712
9382,Alice Johnson,UX Designer,81297
9383,Alice Lewis,Network Engineer,59681
9384,Sophia Walker,Database Administrator,61270
9385,Jane Harris,DevOps Engineer,76572
9386,Jane Smith,Database Administrator,94681
9387,Bob Harris,Product Manager,61691
9388,Charlie Johnson,Data Analyst,91204
9389,Emma Clark,AI Researcher,65108
9390,John Clark,Data Analyst,68788
9391,Emma Brown,DevOps Engineer,97817
9392,Charlie Brown,Database Administrator,56976
9393,John Walker,DevOps Engineer,57725
9394,Olivia Anderson,Network Engineer,69153
9395,David Brown,Software Engineer,87609
9396,John Johnson,System Administrator,73966
9397,Olivia Martinez,Data Analyst,60986
9398,Sophia Johnson,System Administrator,67888
9399,Charlie Anderson,System Administrator,73219
9400,Jane Brown,Database Administrator,81167
9401,Bob Harris,Network Engineer,72985
9402,Bob Brown,Project Manager,55383
9403,Alice Johnson,UX Designer,79008
9404,Charlie Smith,Network Engineer,60399
9405,Bob Johnson,UX Designer,95734
9406,Jane Smith,UX Designer,65712
9407,David Harris,Database Administrator,75203
9408,Jane Walker,Project Manager,78730
9409,Jane Clark,Database Administrator,50890
9410,Charlie Harris,UX Designer,98588
9411,Sophia Brown,AI Researcher,77858
9412,Emma Clark,Network Engineer,61214
9413,David Johnson,Project Manager,64653
9414,Sophia Brown,Product Manager,99576
9415,Michael Walker,UX Designer,84476
9416,Alice Anderson,Network Engineer,63678
9417,Jane Martinez,UX Designer,94301
9418,Alice Brown,Network Engineer,55256
9419,David Brown,Database Administrator,83925
9420,David Harris,Database Administrator,65997
9421,Jane Lewis,AI Researcher,92985
9422,Sophia Taylor,Project Manager,80692
9423,Olivia Brown,Network Engineer,91767
9424,Michael Anderson,Software Engineer,94538
9425,Emma Lewis,DevOps Engineer,95163
9426,Olivia Johnson,DevOps Engineer,58837
9427,Bob Clark,Software Engineer,89745
9428,David Clark,AI Researcher,77370
9429,John Clark,Software Engineer,76835
9430,Alice Smith,UX Designer,72615
9431,David Harris,Software Engineer,92040
9432,Olivia Martinez,DevOps Engineer,64767
9433,Charlie Clark,Network Engineer,75863
9434,Sophia Martinez,UX Designer,87527
9435,Sophia Johnson,AI Researcher,82760
9436,Emma Walker,System Administrator,91254
9437,David Harris,DevOps Engineer,89932
9438,John Harris,Project Manager,84275
9439,Olivia Walker,Software Engineer,67639
9440,David Walker,DevOps Engineer,63455
9441,Charlie Smith,Data Analyst,53104
9442,Alice Lewis,Network Engineer,53327
9443,Alice Anderson,Project Manager,87260
9444,John Martinez,DevOps Engineer,55283
9445,Emma Taylor,Project Manager,69595
9446,Charlie Taylor,AI Researcher,54940
9447,Bob Walker,System Administrator,63316
9448,John Johnson,System Administrator,95242
9449,Alice Clark,Database Administrator,70241
9450,David Smith,Product Manager,68819
9451,David Anderson,Product Manager,60688
9452,Michael Harris,Data Analyst,89633
9453,Bob Lewis,DevOps Engineer,59245
9454,Jane Walker,DevOps Engineer,63088
9455,Charlie Johnson,Data Analyst,55996
9456,Jane Johnson,UX Designer,94923
9457,Emma Smith,Project Manager,80046
9458,Michael Clark,Product Manager,66601
9459,Sophia Johnson,Network Engineer,73952
9460,John Martinez,Network Engineer,60376
9461,Sophia Taylor,AI Researcher,52206
9462,David Clark,Product Manager,90003
9463,Michael Anderson,Database Administrator,53622
9464,Michael Johnson,Project Manager,67575
9465,John Harris,DevOps Engineer,70348
9466,Sophia Clark,Software Engineer,67341
9467,Bob Smith,Product Manager,86789
9468,Alice Lewis,UX Designer,78074
9469,Emma Brown,Product Manager,60662
9470,Michael Martinez,System Administrator,63068
9471,Olivia Johnson,Network Engineer,73638
9472,Jane Smith,Project Manager,88469
9473,Alice Lewis,System Administrator,93584
9474,John Taylor,Network Engineer,57497
9475,Olivia Harris,Data Analyst,62951
9476,Alice Walker,Product Manager,98888
9477,Sophia Anderson,UX Designer,58001
9478,David Harris,AI Researcher,88699
9479,Emma Harris,DevOps Engineer,78454
9480,Charlie Clark,Data Analyst,69197
9481,Bob Johnson,Product Manager,52032
9482,John Johnson,Network Engineer,87749
9483,Alice Walker,Project Manager,71145
9484,Charlie Smith,Software Engineer,97419
9485,Olivia Martinez,UX Designer,52114
9486,Olivia Walker,UX Designer,61466
9487,Michael Martinez,Product Manager,94042
9488,Olivia Brown,Product Manager,55690
9489,Jane Lewis,Product Manager,83458
9490,Jane Clark,Database Administrator,92700
9491,Emma Clark,AI Researcher,69973
9492,David Taylor,Network Engineer,64191
9493,Emma Anderson,UX Designer,85587
9494,Alice Taylor,Data Analyst,62858
9495,Bob Walker,Database Administrator,65726
9496,Olivia Martinez,DevOps Engineer,61057
9497,Bob Taylor,AI Researcher,80341
9498,Sophia Walker,Software Engineer,69686
9499,Bob Johnson,System Administrator,84443
9500,Sophia Clark,AI Researcher,91130
9501,Bob Brown,Network Engineer,66837
9502,Olivia Clark,AI Researcher,89735
9503,Emma Harris,UX Designer,57594
9504,Charlie Clark,Product Manager,89604
9505,Alice Clark,Software Engineer,66509
9506,Michael Smith,Project Manager,75365
9507,Sophia Brown,System Administrator,85086
9508,Alice Anderson,UX Designer,80504
9509,Olivia Taylor,Network Engineer,56050
9510,Michael Smith,Software Engineer,87519
9511,Alice Taylor,System Administrator,66998
9512,Emma Johnson,Network Engineer,67775
9513,Charlie Lewis,Data Analyst,91062
9514,John Johnson,Database Administrator,77900
9515,John Clark,Database Administrator,97027
9516,Charlie Lewis,Product Manager,86069
9517,Bob Lewis,AI Researcher,63459
9518,Alice Clark,Product Manager,66583
9519,Michael Taylor,Software Engineer,75697
9520,Jane Walker,Project Manager,75580
9521,John Johnson,AI Researcher,92500
9522,John Smith,DevOps Engineer,83927
9523,David Brown,Software Engineer,82570
9524,Jane Lewis,Project Manager,66053
9525,Alice Martinez,Data Analyst,61725
9526,Jane Taylor,Data Analyst,73370
9527,Sophia Smith,Product Manager,76564
9528,Olivia Taylor,DevOps Engineer,50047
9529,Michael Walker,System Administrator,58036
9530,Sophia Anderson,Project Manager,76926
9531,Charlie Taylor,System Administrator,94441
9532,Sophia Johnson,DevOps Engineer,54363
9533,Olivia Anderson,AI Researcher,73457
9534,Charlie Taylor,DevOps Engineer,72609
9535,John Martinez,Software Engineer,57850
9536,Michael Harris,AI Researcher,58946
9537,Michael Lewis,System Administrator,65924
9538,Olivia Johnson,UX Designer,80366
9539,Charlie Taylor,System Administrator,72336
9540,Charlie Clark,Network Engineer,72725
9541,Sophia Walker,Database Administrator,97239
9542,Michael Martinez,Database Administrator,71472
9543,Olivia Harris,UX Designer,97918
9544,David Brown,Network Engineer,80250
9545,John Johnson,Project Manager,63655
9546,Jane Johnson,UX Designer,91555
9547,Michael Walker,Software Engineer,86837
9548,Sophia Smith,DevOps Engineer,79641
9549,Charlie Harris,System Administrator,62290
9550,David Lewis,Project Manager,87412
9551,David Anderson,Data Analyst,67509
9552,John Taylor,Project Manager,79764
9553,Charlie Smith,Data Analyst,72183
9554,Michael Johnson,Software Engineer,75165
9555,Charlie Johnson,Database Administrator,74326
9556,Michael Walker,UX Designer,88190
9557,Bob Johnson,Project Manager,75136
9558,Sophia Walker,Data Analyst,62554
9559,Olivia Brown,Database Administrator,89005
9560,Jane Anderson,AI Researcher,97997
9561,Bob Lewis,Database Administrator,64417
9562,John Johnson,Project Manager,51868
9563,Jane Smith,Data Analyst,59966
9564,David Smith,Data Analyst,83438
9565,Jane Smith,UX Designer,97212
9566,Olivia Taylor,Project Manager,78768
9567,Alice Smith,DevOps Engineer,78810
9568,Charlie Brown,Data Analyst,88687
9569,Bob Lewis,AI Researcher,97638
9570,Alice Harris,Project Manager,78037
9571,Bob Anderson,Project Manager,86790
9572,Sophia Walker,DevOps Engineer,92399
9573,Charlie Taylor,UX Designer,99374
9574,Bob Smith,Network Engineer,72782
9575,David Smith,Data Analyst,71132
9576,Sophia Johnson,DevOps Engineer,87486
9577,Jane Taylor,AI Researcher,85277
9578,Alice Clark,Network Engineer,92660
9579,Alice Walker,System Administrator,67741
9580,David Taylor,DevOps Engineer,76890
9581,Olivia Anderson,System Administrator,65952
9582,Sophia Smith,Network Engineer,82194
9583,David Taylor,Database Administrator,65581
9584,Olivia Clark,Data Analyst,79988
9585,Charlie Harris,AI Researcher,98235
9586,Sophia Smith,Database Administrator,73925
9587,John Martinez,DevOps Engineer,58935
9588,Olivia Johnson,Software Engineer,52158
9589,Alice Anderson,Database Administrator,79195
9590,David Walker,Project Manager,74106
9591,John Lewis,Network Engineer,81768
9592,Alice Harris,Product Manager,68516
9593,David Martinez,Network Engineer,74152
9594,Charlie Walker,Data Analyst,90917
9595,Bob Smith,Project Manager,72169
9596,Charlie Johnson,DevOps Engineer,70288
9597,Michael Clark,Database Administrator,86976
9598,Bob Martinez,DevOps Engineer,53474
9599,David Johnson,DevOps Engineer,93523
9600,Alice Clark,Data Analyst,81266
9601,Sophia Lewis,Software Engineer,62014
9602,Emma Anderson,Network Engineer,90577
9603,Michael Lewis,Project Manager,83049
9604,Michael Johnson,DevOps Engineer,57278
9605,David Harris,DevOps Engineer,72974
9606,Bob Clark,Software Engineer,79676
9607,Olivia Clark,Project Manager,85209
9608,Sophia Martinez,UX Designer,84881
9609,John Taylor,Database Administrator,72423
9610,Sophia Brown,Data Analyst,54185
9611,David Harris,DevOps Engineer,78369
9612,Charlie Smith,Database Administrator,67216
9613,Bob Lewis,Database Administrator,76421
9614,Bob Johnson,DevOps Engineer,62776
9615,Charlie Harris,System Administrator,88863
9616,Bob Smith,Software Engineer,62621
9617,Sophia Clark,Data Analyst,59686
9618,John Walker,Product Manager,98400
9619,David Martinez,DevOps Engineer,74703
9620,Alice Smith,System Administrator,63397
9621,Sophia Taylor,UX Designer,53836
9622,Emma Lewis,Data Analyst,73841
9623,Charlie Harris,Project Manager,55022
9624,Bob Smith,Software Engineer,97133
9625,David Anderson,UX Designer,83991
9626,David Taylor,AI Researcher,65613
9627,Jane Harris,AI Researcher,91356
9628,Olivia Lewis,AI Researcher,56062
9629,Olivia Clark,Data Analyst,78706
9630,Michael Lewis,Software Engineer,54726
9631,Michael Johnson,Software Engineer,85788
9632,Sophia Smith,Software Engineer,87418
9633,David Johnson,Product Manager,53082
9634,Alice Smith,Software Engineer,85584
9635,Charlie Taylor,Database Administrator,85223
9636,Emma Smith,AI Researcher,70575
9637,Alice Clark,System Administrator,79662
9638,Jane Clark,Database Administrator,77920
9639,Michael Walker,Database Administrator,73667
9640,Olivia Martinez,Network Engineer,63422
9641,Charlie Harris,Data Analyst,84723
9642,David Anderson,Network Engineer,55461
9643,Olivia Anderson,Software Engineer,80707
9644,Bob Lewis,Data Analyst,90806
9645,Emma Smith,DevOps Engineer,85211
9646,Michael Anderson,Product Manager,84970
9647,Jane Smith,UX Designer,71251
9648,Bob Martinez,Network Engineer,73204
9649,Alice Anderson,Project Manager,78880
9650,Emma Johnson,Database Administrator,87606
9651,Emma Lewis,Data Analyst,52244
9652,Emma Clark,Data Analyst,77170
9653,David Brown,UX Designer,82549
9654,David Martinez,Data Analyst,69144
9655,Charlie Brown,Database Administrator,57382
9656,Jane Smith,Data Analyst,54923
9657,Alice Lewis,Project Manager,80465
9658,John Harris,AI Researcher,75792
9659,Michael Taylor,Data Analyst,61194
9660,Alice Smith,UX Designer,52873
9661,Charlie Brown,Project Manager,53839
9662,Jane Taylor,DevOps Engineer,91303
9663,Jane Taylor,AI Researcher,62049
9664,Michael Anderson,System Administrator,90723
9665,Jane Smith,Product Manager,89015
9666,Jane Taylor,AI Researcher,82706
9667,Alice Lewis,DevOps Engineer,63930
9668,Michael Taylor,DevOps Engineer,53191
9669,Olivia Walker,Network Engineer,96367
9670,Emma Walker,Software Engineer,76079
9671,Jane Taylor,AI Researcher,72665
9672,Emma Brown,Software Engineer,91921
9673,John Clark,Software Engineer,77532
9674,Olivia Lewis,AI Researcher,70234
9675,Olivia Lewis,Database Administrator,64999
9676,Charlie Smith,System Administrator,76681
9677,Bob Taylor,Software Engineer,75955
9678,Olivia Walker,Data Analyst,84283
9679,Alice Walker,AI Researcher,92085
9680,Sophia Martinez,DevOps Engineer,95192
9681,Emma Walker,Database Administrator,67553
9682,Michael Anderson,System Administrator,73136
9683,Emma Clark,AI Researcher,94979
9684,Sophia Anderson,Product Manager,58714
9685,Charlie Brown,Project Manager,79372
9686,David Clark,AI Researcher,71419
9687,Michael Walker,Network Engineer,94303
9688,David Martinez,AI Researcher,70275
9689,Sophia Walker,Project Manager,57579
9690,Emma Martinez,AI Researcher,50419
9691,Sophia Harris,System Administrator,70602
9692,Michael Clark,System Administrator,85341
9693,Sophia Walker,Data Analyst,97687
9694,Alice Martinez,Database Administrator,92210
9695,Sophia Anderson,AI Researcher,87690
9696,Michael Anderson,Project Manager,86354
9697,John Clark,System Administrator,54243
9698,Alice Clark,DevOps Engineer,50989
9699,Olivia Martinez,Database Administrator,94691
9700,Bob Lewis,DevOps Engineer,87583
9701,David Johnson,Software Engineer,77213
9702,Sophia Lewis,AI Researcher,93556
9703,Jane Johnson,UX Designer,79403
9704,John Martinez,Software Engineer,73669
9705,John Taylor,UX Designer,84733
9706,John Harris,UX Designer,64002
9707,Jane Harris,Data Analyst,67441
9708,Olivia Johnson,Data Analyst,95849
9709,Charlie Anderson,UX Designer,97915
9710,Bob Harris,AI Researcher,94183
9711,Jane Lewis,DevOps Engineer,84541
9712,David Smith,AI Researcher,88008
9713,Emma Walker,System Administrator,78246
9714,Michael Brown,UX Designer,74200
9715,Alice Harris,AI Researcher,93327
9716,John Smith,UX Designer,61984
9717,Jane Clark,UX Designer,78694
9718,Michael Johnson,Network Engineer,69029
9719,Sophia Anderson,UX Designer,95779
9720,Emma Walker,Data Analyst,51820
9721,David Smith,AI Researcher,84514
9722,Michael Martinez,Project Manager,63543
9723,Olivia Brown,Software Engineer,95853
9724,David Harris,Software Engineer,75143
9725,Sophia Anderson,AI Researcher,76432
9726,Emma Martinez,DevOps Engineer,81931
9727,Charlie Taylor,Database Administrator,64032
9728,Olivia Anderson,DevOps Engineer,59815
9729,Michael Clark,DevOps Engineer,61340
9730,Emma Clark,Project Manager,87622
9731,Emma Walker,Project Manager,75625
9732,Bob Martinez,Data Analyst,87195
9733,Bob Martinez,Database Administrator,67726
9734,Alice Brown,Data Analyst,57938
9735,David Martinez,DevOps Engineer,88420
9736,Charlie Taylor,Project Manager,62379
9737,Jane Walker,System Administrator,71324
9738,Alice Martinez,Data Analyst,72774
9739,Alice Lewis,UX Designer,78579
9740,Sophia Lewis,Software Engineer,93545
9741,John Lewis,DevOps Engineer,74373
9742,David Anderson,Software Engineer,72528
9743,Olivia Harris,System Administrator,59137
9744,Michael Smith,Project Manager,75081
9745,Bob Walker,Project Manager,94095
9746,Bob Lewis,Network Engineer,78675
9747,Olivia Lewis,Network Engineer,92409
9748,Sophia Lewis,System Administrator,51402
9749,Michael Walker,System Administrator,99449
9750,Sophia Lewis,AI Researcher,61849
9751,David Smith,Data Analyst,84039
9752,Jane Martinez,AI Researcher,60192
9753,Olivia Walker,Network Engineer,60518
9754,Bob Martinez,DevOps Engineer,53738
9755,Bob Harris,System Administrator,62463
9756,John Walker,Database Administrator,91861
9757,John Lewis,Software Engineer,82730
9758,David Harris,Project Manager,90569
9759,David Taylor,DevOps Engineer,73935
9760,Michael Smith,AI Researcher,93601
9761,Alice Smith,DevOps Engineer,96627
9762,Emma Walker,Network Engineer,74581
9763,John Martinez,Software Engineer,82352
9764,Emma Taylor,UX Designer,93812
9765,Emma Martinez,Software Engineer,63223
9766,Alice Lewis,Project Manager,52351
9767,Alice Lewis,UX Designer,99987
9768,Sophia Johnson,Software Engineer,50240
9769,David Harris,Software Engineer,75531
9770,John Taylor,DevOps Engineer,96907
9771,Michael Johnson,Database Administrator,70303
9772,Olivia Lewis,Project Manager,73781
9773,Charlie Brown,Project Manager,70330
9774,Alice Clark,Data Analyst,91929
9775,Bob Harris,System Administrator,65621
9776,Alice Harris,DevOps Engineer,59800
9777,Alice Lewis,System Administrator,65128
9778,Sophia Walker,Product Manager,62554
9779,John Martinez,System Administrator,63238
9780,David Walker,System Administrator,65507
9781,Michael Johnson,UX Designer,75611
9782,Charlie Brown,Data Analyst,99313
9783,Olivia Lewis,Database Administrator,59846
9784,Olivia Johnson,Database Administrator,62364
9785,Charlie Johnson,DevOps Engineer,67507
9786,Michael Anderson,Software Engineer,67959
9787,Charlie Harris,AI Researcher,90798
9788,Emma Harris,Data Analyst,56126
9789,Alice Taylor,System Administrator,75501
9790,Michael Johnson,Data Analyst,56996
9791,Jane Anderson,System Administrator,84387
9792,Sophia Taylor,DevOps Engineer,64532
9793,Emma Clark,Product Manager,56464
9794,Sophia Harris,Software Engineer,75984
9795,Sophia Lewis,Project Manager,70582
9796,Olivia Martinez,UX Designer,52808
9797,Bob Smith,AI Researcher,76514
9798,Bob Lewis,Project Manager,84896
9799,Bob Smith,UX Designer,87807
9800,Charlie Smith,Database Administrator,55953
9801,Jane Martinez,Data Analyst,61386
9802,Emma Taylor,UX Designer,83359
9803,Alice Taylor,Software Engineer,72850
9804,Emma Anderson,Project Manager,78095
9805,Bob Clark,Project Manager,82300
9806,John Martinez,UX Designer,71982
9807,Charlie Smith,Database Administrator,97873
9808,Jane Brown,DevOps Engineer,54259
9809,Emma Harris,Product Manager,88762
9810,Jane Brown,Network Engineer,90788
9811,Olivia Smith,DevOps Engineer,94826
9812,David Johnson,Database Administrator,92192
9813,David Johnson,Project Manager,61098
9814,Michael Johnson,Data Analyst,77754
9815,Sophia Walker,DevOps Engineer,70195
9816,Sophia Harris,Product Manager,81307
9817,Michael Brown,Software Engineer,71463
9818,John Martinez,AI Researcher,62379
9819,Jane Smith,Software Engineer,54462
9820,Michael Anderson,Software Engineer,71866
9821,Alice Lewis,Product Manager,88330
9822,Olivia Walker,System Administrator,51801
9823,Olivia Harris,Project Manager,79305
9824,David Walker,Data Analyst,91110
9825,Olivia Martinez,Data Analyst,59149
9826,Alice Martinez,DevOps Engineer,85431
9827,Charlie Smith,Database Administrator,68218
9828,Sophia Harris,Data Analyst,54689
9829,Olivia Walker,Software Engineer,96293
9830,Alice Taylor,Project Manager,73203
9831,David Harris,AI Researcher,85311
9832,Sophia Clark,Data Analyst,53486
9833,John Taylor,Product Manager,82938
9834,Jane Lewis,AI Researcher,69531
9835,Charlie Brown,Project Manager,64593
9836,Jane Taylor,Project Manager,82892
9837,Jane Brown,Database Administrator,89712
9838,David Johnson,AI Researcher,63828
9839,Olivia Harris,Project Manager,61598
9840,Michael Harris,UX Designer,95203
9841,John Clark,Product Manager,73999
9842,Olivia Anderson,Network Engineer,89035
9843,Bob Smith,AI Researcher,87466
9844,Alice Taylor,Data Analyst,53261
9845,Michael Martinez,DevOps Engineer,60260
9846,Alice Brown,Product Manager,87762
9847,Michael Martinez,Product Manager,66704
9848,Charlie Lewis,System Administrator,50324
9849,Emma Martinez,UX Designer,65725
9850,Charlie Taylor,Product Manager,68341
9851,David Johnson,Network Engineer,75899
9852,John Clark,Software Engineer,70152
9853,Olivia Smith,Software Engineer,93658
9854,David Brown,Data Analyst,80434
9855,Jane Lewis,Network Engineer,67935
9856,Bob Harris,Data Analyst,71558
9857,Michael Johnson,Product Manager,87017
9858,Alice Walker,AI Researcher,95450
9859,Olivia Johnson,Data Analyst,65152
9860,Sophia Harris,AI Researcher,97545
9861,Sophia Clark,DevOps Engineer,92042
9862,Charlie Martinez,Network Engineer,82478
9863,Jane Smith,Product Manager,94056
9864,Olivia Taylor,Software Engineer,65920
9865,Sophia Johnson,DevOps Engineer,61245
9866,Alice Walker,Database Administrator,52721
9867,Bob Walker,Project Manager,54845
9868,Sophia Smith,UX Designer,56097
9869,Sophia Smith,Product Manager,70298
9870,Michael Walker,System Administrator,69590
9871,David Walker,Data Analyst,73427
9872,Emma Taylor,Product Manager,72774
9873,Bob Anderson,Database Administrator,59129
9874,David Brown,UX Designer,75908
9875,Alice Smith,Database Administrator,63443
9876,Alice Taylor,Software Engineer,68073
9877,Charlie Harris,Data Analyst,51381
9878,David Smith,System Administrator,92920
9879,Jane Harris,Project Manager,73314
9880,Emma Anderson,Database Administrator,56906
9881,Michael Lewis,Product Manager,53791
9882,Jane Johnson,UX Designer,80404
9883,Sophia Brown,Project Manager,75489
9884,Bob Walker,Product Manager,87949
9885,John Harris,Software Engineer,92588
9886,Charlie Brown,UX Designer,61954
9887,John Smith,AI Researcher,65341
9888,John Johnson,DevOps Engineer,99778
9889,Emma Brown,Network Engineer,66931
9890,Emma Brown,Network Engineer,82050
9891,David Brown,AI Researcher,62357
9892,Charlie Walker,Project Manager,50685
9893,Alice Harris,AI Researcher,85222
9894,Charlie Martinez,Product Manager,94947
9895,Alice Martinez,AI Researcher,60718
9896,Charlie Martinez,System Administrator,66291
9897,Charlie Brown,Network Engineer,55569
9898,John Harris,Project Manager,96762
9899,David Smith,DevOps Engineer,77151
9900,Bob Brown,Product Manager,76598
9901,Sophia Smith,Software Engineer,51500
9902,Charlie Clark,UX Designer,99026
9903,David Martinez,UX Designer,56510
9904,Charlie Anderson,Software Engineer,59259
9905,Alice Walker,DevOps Engineer,92219
9906,Michael Lewis,AI Researcher,97524
9907,Jane Martinez,Software Engineer,82422
9908,Alice Smith,Product Manager,75285
9909,Michael Lewis,Software Engineer,89274
9910,Michael Harris,AI Researcher,95756
9911,Sophia Taylor,Project Manager,81889
9912,Jane Harris,Project Manager,80775
9913,David Smith,AI Researcher,79815
9914,Alice Taylor,Database Administrator,53690
9915,Emma Anderson,Data Analyst,89244
9916,Olivia Martinez,Data Analyst,96856
9917,John Lewis,Data Analyst,51175
9918,Olivia Harris,Database Administrator,98479
9919,John Brown,Software Engineer,75211
9920,Bob Taylor,UX Designer,56878
9921,Sophia Clark,Product Manager,69385
9922,Sophia Lewis,DevOps Engineer,83464
9923,David Martinez,Data Analyst,86092
9924,Jane Smith,Database Administrator,76402
9925,Olivia Lewis,Database Administrator,63471
9926,David Clark,Data Analyst,66501
9927,Bob Walker,Project Manager,76195
9928,Jane Lewis,UX Designer,84243
9929,Olivia Walker,Database Administrator,86878
9930,Sophia Smith,AI Researcher,79376
9931,Jane Harris,UX Designer,72088
9932,Emma Brown,Product Manager,59494
9933,Michael Clark,Product Manager,90963
9934,Alice Anderson,Product Manager,66870
9935,John Smith,System Administrator,98919
9936,Olivia Smith,Software Engineer,93640
9937,John Brown,UX Designer,95311
9938,Alice Anderson,AI Researcher,96943
9939,Sophia Anderson,Network Engineer,61450
9940,Emma Taylor,Database Administrator,93005
9941,Emma Lewis,Network Engineer,56680
9942,John Clark,UX Designer,75790
9943,Michael Walker,System Administrator,82706
9944,John Johnson,Data Analyst,72631
9945,John Johnson,UX Designer,55597
9946,Bob Johnson,Product Manager,91932
9947,Olivia Brown,Network Engineer,86502
9948,Olivia Clark,Software Engineer,69056
9949,Michael Clark,System Administrator,99526
9950,Emma Smith,Project Manager,50425
9951,Michael Clark,DevOps Engineer,61045
9952,Olivia Clark,Project Manager,92246
9953,Alice Brown,AI Researcher,59899
9954,Jane Brown,System Administrator,69595
9955,Charlie Lewis,Network Engineer,68389
9956,David Smith,AI Researcher,80805
9957,Jane Lewis,AI Researcher,79708
9958,Charlie Harris,Data Analyst,51952
9959,Emma Walker,Database Administrator,89798
9960,Emma Taylor,System Administrator,71970
9961,Bob Clark,Software Engineer,68334
9962,Alice Walker,Database Administrator,80216
9963,David Martinez,AI Researcher,77060
9964,Emma Johnson,Data Analyst,75542
9965,Sophia Martinez,Network Engineer,72127
9966,Sophia Harris,Project Manager,90189
9967,Bob Clark,Project Manager,80636
9968,Alice Brown,UX Designer,51032
9969,Alice Brown,Database Administrator,54222
9970,Jane Clark,Data Analyst,61522
9971,David Smith,Network Engineer,86852
9972,David Walker,Software Engineer,56832
9973,Olivia Brown,Software Engineer,98264
9974,Jane Anderson,DevOps Engineer,77582
9975,David Martinez,UX Designer,78659
9976,Alice Martinez,Project Manager,79402
9977,Michael Lewis,Project Manager,65492
9978,Charlie Lewis,System Administrator,82017
9979,Jane Johnson,Software Engineer,84133
9980,Charlie Smith,Project Manager,83968
9981,Alice Martinez,System Administrator,68092
9982,Emma Harris,UX Designer,93165
9983,Charlie Harris,Network Engineer,73158
9984,Michael Martinez,DevOps Engineer,68570
9985,Olivia Johnson,Software Engineer,55113
9986,Emma Smith,UX Designer,95167
9987,Alice Harris,Data Analyst,92661
9988,Bob Lewis,System Administrator,89074
9989,Jane Martinez,System Administrator,69815
9990,Olivia Clark,UX Designer,87268
9991,David Clark,Database Administrator,71150
9992,Alice Clark,Software Engineer,64367
9993,Charlie Taylor,Project Manager,60202
9994,Sophia Harris,UX Designer,59617
9995,Alice Anderson,Database Administrator,93996
9996,Bob Johnson,DevOps Engineer,76405
9997,Olivia Smith,Project Manager,53333
9998,Charlie Taylor,AI Researcher,76418
9999,David Brown,DevOps Engineer,72656
10000,Sophia Walker,Network Engineer,90043
