ID,Full Name,Job Title,Salary
1,David Harris,DevOps Engineer,56376
2,Bob Walker,Database Administrator,97351
3,Charlie Brown,Project Manager,59698
4,Jane Clark,Database Administrator,72492
5,Michael Martinez,Database Administrator,97505
6,Bob Smith,UX Designer,65954
7,David Taylor,Network Engineer,78787
8,Emma Clark,UX Designer,57721
9,Michael Clark,Network Engineer,65768
10,Bob Anderson,Data Analyst,65385
11,Alice Brown,Network Engineer,67530
12,Olivia Smith,AI Researcher,84925
13,Charlie Brown,Network Engineer,97140
14,Charlie Walker,Database Administrator,98128
15,Michael Brown,Network Engineer,57575
16,Jane Harris,Software Engineer,73423
17,Jane Walker,UX Designer,88198
18,Bob Martinez,Data Analyst,62861
19,Michael Taylor,Product Manager,81653
20,Sophia Smith,Project Manager,51252
21,Jane Clark,Product Manager,65171
22,David Clark,Project Manager,78085
23,Michael Harris,Database Administrator,86062
24,Bob Lewis,System Administrator,59822
25,Sophia Martinez,Data Analyst,95242
26,Charlie Johnson,Data Analyst,74711
27,Bob Lewis,DevOps Engineer,75652
28,John Harris,AI Researcher,64412
29,David Lewis,UX Designer,55102
30,Jane Smith,AI Researcher,80969
31,Sophia Johnson,UX Designer,98581
32,Olivia Anderson,Database Administrator,57044
33,Charlie Clark,Database Administrator,57517
34,Emma Walker,System Administrator,66873
35,Alice Clark,Product Manager,83677
36,David Walker,Product Manager,82236
37,John Taylor,Network Engineer,92134
38,Emma Walker,Software Engineer,51223
39,John Walker,Product Manager,81261
40,Olivia Brown,DevOps Engineer,78551
41,Alice Harris,UX Designer,92338
42,Alice Smith,Database Administrator,95955
43,Charlie Smith,Project Manager,66182
44,John Brown,AI Researcher,62387
45,Bob Harris,DevOps Engineer,67568
46,Jane Johnson,UX Designer,92561
47,Alice Smith,Data Analyst,64990
48,Olivia Taylor,Data Analyst,52164
49,Charlie Walker,UX Designer,51812
50,Alice Lewis,Network Engineer,63646
51,Olivia Harris,AI Researcher,51449
52,Jane Johnson,AI Researcher,78517
53,John Martinez,Database Administrator,65254
54,Olivia Martinez,Software Engineer,61678
55,Michael Walker,Database Administrator,62445
56,Jane Anderson,Project Manager,78083
57,Sophia Taylor,System Administrator,60155
58,Alice Smith,Database Administrator,53667
59,Charlie Taylor,Network Engineer,75562
60,Charlie Martinez,Software Engineer,57772
61,Bob Lewis,AI Researcher,81089
62,Emma Smith,UX Designer,89567
63,Emma Lewis,Software Engineer,55628
64,Jane Walker,Data Analyst,80025
65,Michael Lewis,UX Designer,93738
66,Michael Harris,Software Engineer,84385
67,Olivia Anderson,AI Researcher,98151
68,David Taylor,System Administrator,80914
69,Jane Johnson,Data Analyst,74559
70,Michael Smith,Project Manager,60063
71,John Walker,Software Engineer,77478
72,Sophia Martinez,UX Designer,80352
73,Bob Taylor,System Administrator,51046
74,Alice Anderson,Data Analyst,63739
75,David Lewis,Software Engineer,88691
76,Bob Anderson,Data Analyst,66589
77,Olivia Martinez,Network Engineer,69157
78,David Smith,Project Manager,75305
79,Olivia Brown,Network Engineer,81181
80,David Martinez,Database Administrator,68331
81,Bob Anderson,UX Designer,72392
82,John Lewis,Project Manager,87750
83,Michael Harris,DevOps Engineer,75783
84,Jane Johnson,Software Engineer,55410
85,Michael Smith,Software Engineer,51118
86,Jane Martinez,DevOps Engineer,78420
87,Charlie Martinez,Project Manager,69862
88,Charlie Brown,AI Researcher,63277
89,Charlie Harris,Software Engineer,70414
90,Charlie Anderson,Database Administrator,75043
91,Sophia Clark,Project Manager,94878
92,David Brown,Data Analyst,65403
93,Olivia Anderson,Data Analyst,94936
94,Alice Smith,DevOps Engineer,94516
95,David Harris,Product Manager,97675
96,Jane Walker,Software Engineer,90624
97,David Anderson,Database Administrator,82451
98,Charlie Taylor,Product Manager,74034
99,Michael Johnson,Database Administrator,55974
100,Michael Lewis,Software Engineer,94941
101,Charlie Brown,Data Analyst,65105
102,Emma Harris,Project Manager,88216
103,Charlie Brown,Database Administrator,75461
104,Emma Johnson,Data Analyst,80780
105,Michael Lewis,UX Designer,59290
106,Emma Clark,Network Engineer,80553
107,Alice Clark,Product Manager,84183
108,Sophia Smith,Product Manager,99358
109,Bob Anderson,UX Designer,76042
110,Bob Martinez,DevOps Engineer,54590
111,Charlie Clark,Network Engineer,85030
112,Alice Walker,Software Engineer,86722
113,Alice Walker,Data Analyst,81589
114,Alice Anderson,Database Administrator,78118
115,Olivia Martinez,Project Manager,61646
116,John Martinez,Data Analyst,68556
117,David Clark,Product Manager,87526
118,Sophia Harris,Network Engineer,55724
119,Michael Walker,AI Researcher,88687
120,Sophia Martinez,Product Manager,90662
121,Michael Lewis,Project Manager,59185
122,Charlie Smith,DevOps Engineer,92142
123,Emma Johnson,Database Administrator,92327
124,Alice Anderson,Software Engineer,91074
125,Charlie Brown,Product Manager,99024
126,Olivia Walker,DevOps Engineer,87192
127,David Harris,Network Engineer,60192
128,John Harris,UX Designer,81751
129,David Taylor,DevOps Engineer,87162
130,David Smith,DevOps Engineer,91204
131,Emma Martinez,DevOps Engineer,68162
132,David Taylor,Software Engineer,52863
133,Charlie Walker,UX Designer,83031
134,Charlie Harris,System Administrator,83168
135,Jane Lewis,UX Designer,98168
136,Olivia Clark,System Administrator,79866
137,Emma Brown,Software Engineer,96415
138,David Smith,UX Designer,99943
139,Alice Anderson,UX Designer,89474
140,Sophia Martinez,System Administrator,94625
141,Charlie Smith,Product Manager,60302
142,John Johnson,UX Designer,71236
143,Bob Anderson,Data Analyst,98134
144,Bob Walker,Network Engineer,67632
145,Emma Anderson,DevOps Engineer,51671
146,David Walker,Software Engineer,52019
147,Jane Harris,Project Manager,73954
148,Sophia Johnson,Product Manager,88745
149,Michael Harris,UX Designer,86194
150,John Anderson,UX Designer,71646
151,Sophia Smith,Data Analyst,82593
152,John Clark,DevOps Engineer,87115
153,Michael Anderson,DevOps Engineer,82405
154,Jane Smith,DevOps Engineer,76798
155,Michael Johnson,Data Analyst,82696
156,David Lewis,AI Researcher,80596
157,Jane Taylor,Software Engineer,63792
158,Charlie Brown,Software Engineer,55558
159,Emma Anderson,AI Researcher,71138
160,John Taylor,AI Researcher,88960
161,Sophia Harris,UX Designer,82106
162,Emma Anderson,Data Analyst,70299
163,Michael Walker,Database Administrator,72016
164,Michael Taylor,Network Engineer,95943
165,John Taylor,Software Engineer,92569
166,Emma Johnson,Software Engineer,51236
167,Emma Smith,Database Administrator,88825
168,Jane Anderson,DevOps Engineer,79909
169,Alice Clark,AI Researcher,71858
170,John Clark,AI Researcher,52172
171,Olivia Anderson,Database Administrator,65806
172,Charlie Walker,DevOps Engineer,79007
173,Michael Brown,Network Engineer,78699
174,David Smith,Network Engineer,52242
175,Michael Harris,Product Manager,71548
176,Olivia Walker,Product Manager,89045
177,Bob Johnson,Data Analyst,76454
178,Emma Harris,AI Researcher,51138
179,Olivia Smith,Database Administrator,81581
180,Jane Walker,Product Manager,87330
181,Bob Smith,Project Manager,73926
182,David Smith,AI Researcher,99164
183,Bob Lewis,UX Designer,94594
184,Alice Lewis,Project Manager,78923
185,David Johnson,Network Engineer,92718
186,Bob Taylor,Project Manager,79951
187,David Walker,Network Engineer,73566
188,Bob Walker,Data Analyst,69613
189,Jane Martinez,DevOps Engineer,51682
190,Olivia Johnson,Data Analyst,66844
191,Emma Martinez,Software Engineer,74897
192,Charlie Smith,Software Engineer,84735
193,Charlie Walker,Database Administrator,98286
194,David Anderson,DevOps Engineer,63227
195,Jane Anderson,Network Engineer,67866
196,Michael Brown,Database Administrator,53844
197,Olivia Brown,System Administrator,61755
198,Olivia Lewis,Project Manager,64656
199,Charlie Martinez,AI Researcher,88364
200,Jane Clark,Product Manager,92554
201,Jane Brown,Database Administrator,93280
202,Charlie Anderson,System Administrator,54805
203,David Walker,System Administrator,89078
204,Olivia Martinez,Software Engineer,97492
205,Charlie Martinez,System Administrator,90808
206,Olivia Walker,Database Administrator,71368
207,Charlie Lewis,Product Manager,85314
208,David Smith,Network Engineer,70013
209,Charlie Taylor,Data Analyst,76630
210,Alice Brown,Network Engineer,74255
211,Charlie Anderson,Project Manager,75495
212,Emma Harris,AI Researcher,52606
213,Bob Taylor,Data Analyst,79350
214,Bob Harris,Network Engineer,88862
215,Jane Walker,Network Engineer,52374
216,John Clark,Database Administrator,70963
217,Alice Anderson,Database Administrator,51806
218,Bob Brown,DevOps Engineer,94535
219,Emma Smith,Data Analyst,96241
220,John Smith,Database Administrator,59282
221,Jane Walker,Product Manager,98063
222,Olivia Lewis,Product Manager,89736
223,Emma Taylor,Product Manager,53902
224,Sophia Clark,Software Engineer,61168
225,David Martinez,System Administrator,54398
226,Jane Walker,Data Analyst,83689
227,Alice Walker,UX Designer,77899
228,David Harris,Database Administrator,73814
229,Michael Anderson,Database Administrator,58466
230,David Harris,Software Engineer,50058
231,Emma Lewis,Project Manager,62856
232,Michael Taylor,Project Manager,73779
233,Alice Walker,AI Researcher,93994
234,Charlie Smith,Project Manager,69789
235,Sophia Smith,AI Researcher,83084
236,Jane Clark,AI Researcher,89125
237,John Brown,AI Researcher,95753
238,Sophia Lewis,DevOps Engineer,65519
239,Olivia Taylor,Project Manager,63094
240,Alice Walker,DevOps Engineer,92843
241,Bob Anderson,System Administrator,77211
242,Jane Lewis,Network Engineer,52931
243,Charlie Smith,Data Analyst,77588
244,David Anderson,UX Designer,96898
245,Alice Johnson,UX Designer,60351
246,Emma Walker,System Administrator,72518
247,Olivia Lewis,System Administrator,71325
248,Sophia Smith,Product Manager,72386
249,Jane Smith,System Administrator,54327
250,Jane Smith,UX Designer,88160
251,Charlie Johnson,AI Researcher,70383
252,Olivia Brown,DevOps Engineer,58257
253,Sophia Brown,UX Designer,75870
254,Michael Smith,Data Analyst,58454
255,Sophia Clark,Product Manager,93281
256,Alice Taylor,Software Engineer,52150
257,Bob Johnson,UX Designer,62174
258,Michael Johnson,Product Manager,89853
259,Charlie Martinez,Data Analyst,60799
260,John Brown,AI Researcher,64970
261,Alice Brown,UX Designer,90655
262,Alice Lewis,Database Administrator,64161
263,Jane Walker,System Administrator,53046
264,Olivia Martinez,Product Manager,75181
265,Charlie Taylor,Project Manager,69708
266,David Walker,AI Researcher,97745
267,Olivia Martinez,Project Manager,81843
268,Jane Smith,Software Engineer,56893
269,Sophia Smith,Data Analyst,50339
270,Michael Anderson,Network Engineer,91831
271,Jane Harris,Software Engineer,81012
272,Olivia Walker,UX Designer,63678
273,Jane Lewis,Project Manager,66355
274,Olivia Taylor,DevOps Engineer,58595
275,Alice Martinez,Software Engineer,55316
276,Emma Taylor,System Administrator,57836
277,Sophia Johnson,UX Designer,81507
278,Bob Taylor,Software Engineer,92284
279,Charlie Clark,Data Analyst,65677
280,Jane Johnson,Network Engineer,53705
281,David Brown,System Administrator,96048
282,Charlie Anderson,AI Researcher,56698
283,Emma Walker,Data Analyst,50056
284,Alice Smith,Database Administrator,64176
285,Alice Clark,AI Researcher,76538
286,Olivia Johnson,UX Designer,72846
287,Emma Johnson,Data Analyst,80382
288,Olivia Brown,DevOps Engineer,75351
289,Olivia Lewis,DevOps Engineer,94512
290,David Johnson,Software Engineer,56550
291,Alice Walker,UX Designer,83376
292,Emma Brown,Data Analyst,90284
293,Michael Clark,AI Researcher,89580
294,Jane Taylor,Product Manager,72951
295,Charlie Smith,Data Analyst,79686
296,Jane Walker,System Administrator,97558
297,John Harris,AI Researcher,78053
298,John Taylor,UX Designer,79243
299,Jane Taylor,Network Engineer,62839
300,Michael Lewis,AI Researcher,56206
301,Charlie Walker,Product Manager,77891
302,Alice Lewis,Product Manager,66153
303,Olivia Smith,Database Administrator,95079
304,Jane Johnson,AI Researcher,69588
305,Sophia Anderson,DevOps Engineer,91408
306,Sophia Harris,Database Administrator,91023
307,Michael Walker,Product Manager,61930
308,Alice Smith,Product Manager,51951
309,Alice Martinez,DevOps Engineer,72917
310,Charlie Martinez,Data Analyst,57775
311,Charlie Lewis,AI Researcher,79439
312,Bob Johnson,AI Researcher,57375
313,John Martinez,Database Administrator,64073
314,John Martinez,System Administrator,94169
315,Emma Lewis,Product Manager,86048
316,Charlie Martinez,System Administrator,87043
317,Michael Brown,Data Analyst,93239
318,Michael Clark,Product Manager,93861
319,Emma Harris,AI Researcher,60114
320,Jane Anderson,Software Engineer,95110
321,John Lewis,DevOps Engineer,53607
322,Sophia Martinez,Database Administrator,67251
323,Sophia Anderson,Project Manager,94503
324,Michael Harris,Network Engineer,88765
325,Sophia Lewis,AI Researcher,81444
326,Bob Harris,Product Manager,90165
327,Alice Anderson,Software Engineer,89570
328,Bob Johnson,System Administrator,51493
329,David Taylor,AI Researcher,71823
330,Michael Clark,UX Designer,70496
331,John Walker,Network Engineer,96553
332,Bob Brown,AI Researcher,98484
333,Michael Martinez,Data Analyst,82884
334,Jane Taylor,System Administrator,70134
335,David Anderson,Database Administrator,59332
336,Olivia Anderson,Network Engineer,94947
337,Alice Clark,UX Designer,86331
338,David Lewis,Data Analyst,85425
339,David Walker,Database Administrator,91810
340,Alice Anderson,UX Designer,72455
341,Emma Martinez,Product Manager,94847
342,Michael Anderson,System Administrator,93849
343,Michael Smith,Project Manager,85923
344,Sophia Smith,Database Administrator,51379
345,David Anderson,Product Manager,70088
346,Alice Lewis,Database Administrator,68421
347,Jane Brown,UX Designer,99810
348,David Lewis,Database Administrator,71413
349,John Anderson,Network Engineer,61110
350,Alice Walker,Database Administrator,62243
351,Charlie Harris,Project Manager,53081
352,John Smith,UX Designer,55107
353,Bob Anderson,Project Manager,85598
354,Olivia Brown,AI Researcher,67655
355,Charlie Martinez,Software Engineer,93254
356,Jane Johnson,UX Designer,58145
357,Charlie Smith,Project Manager,92729
358,Bob Brown,Network Engineer,80878
359,Charlie Johnson,UX Designer,67867
360,Michael Harris,AI Researcher,73742
361,David Smith,AI Researcher,52002
362,John Brown,Software Engineer,81836
363,Jane Brown,Project Manager,73891
364,Olivia Harris,Product Manager,93137
365,David Martinez,Network Engineer,50479
366,Alice Taylor,DevOps Engineer,76907
367,Sophia Taylor,System Administrator,53272
368,John Johnson,System Administrator,69222
369,Alice Smith,Software Engineer,71240
370,Olivia Smith,Project Manager,88135
371,Bob Clark,AI Researcher,89300
372,Jane Smith,System Administrator,59120
373,David Lewis,Project Manager,59350
374,John Walker,Project Manager,97695
375,Sophia Anderson,System Administrator,89591
376,Michael Johnson,System Administrator,99115
377,Emma Smith,Software Engineer,90592
378,Charlie Smith,DevOps Engineer,50319
379,Bob Smith,AI Researcher,60894
380,Emma Brown,DevOps Engineer,88379
381,David Walker,System Administrator,93997
382,Bob Lewis,Network Engineer,84709
383,Jane Brown,Data Analyst,86510
384,Olivia Harris,Software Engineer,72665
385,Olivia Harris,UX Designer,52187
386,Sophia Lewis,Database Administrator,76270
387,John Taylor,Software Engineer,69127
388,Alice Anderson,AI Researcher,89864
389,Alice Brown,Product Manager,77626
390,John Johnson,UX Designer,53486
391,Olivia Martinez,Product Manager,71361
392,Bob Clark,Data Analyst,93615
393,Emma Lewis,DevOps Engineer,60307
394,Emma Johnson,System Administrator,62705
395,Sophia Harris,Database Administrator,65031
396,Alice Martinez,AI Researcher,60459
397,Jane Taylor,AI Researcher,92560
398,John Taylor,Software Engineer,61673
399,John Lewis,Project Manager,96491
400,Alice Walker,UX Designer,86855
401,Charlie Smith,Data Analyst,98437
402,Michael Johnson,Database Administrator,98585
403,Sophia Anderson,Data Analyst,76145
404,Charlie Martinez,UX Designer,73971
405,Michael Brown,Project Manager,54214
406,Sophia Anderson,System Administrator,77311
407,Charlie Johnson,Data Analyst,79078
408,Jane Brown,DevOps Engineer,57174
409,Olivia Anderson,Network Engineer,53624
410,David Johnson,DevOps Engineer,89427
411,Jane Martinez,Database Administrator,86485
412,David Smith,AI Researcher,89152
413,Michael Brown,Product Manager,93276
414,Emma Martinez,UX Designer,74736
415,Alice Smith,Software Engineer,96089
416,Michael Taylor,Network Engineer,55121
417,Bob Martinez,Software Engineer,95286
418,Emma Lewis,Network Engineer,50800
419,Michael Martinez,Project Manager,75995
420,Olivia Harris,Project Manager,76149
421,John Clark,UX Designer,67574
422,Sophia Clark,Product Manager,53994
423,John Martinez,Software Engineer,87279
424,Charlie Johnson,Project Manager,93558
425,Jane Johnson,Data Analyst,91516
426,Charlie Anderson,Data Analyst,93635
427,Sophia Lewis,System Administrator,52646
428,Michael Martinez,Product Manager,82905
429,Jane Clark,Data Analyst,87960
430,Michael Taylor,Software Engineer,58780
431,Michael Harris,System Administrator,92408
432,Jane Walker,Database Administrator,79451
433,Michael Smith,Network Engineer,98447
434,Bob Smith,Software Engineer,91496
435,Sophia Brown,DevOps Engineer,78922
436,Michael Anderson,UX Designer,99066
437,Jane Brown,AI Researcher,61090
438,Bob Harris,Project Manager,95803
439,David Clark,Database Administrator,51135
440,Sophia Smith,System Administrator,51034
441,Bob Brown,Product Manager,97608
442,Charlie Johnson,Network Engineer,83890
443,Alice Harris,DevOps Engineer,78129
444,David Martinez,Database Administrator,97048
445,Alice Brown,Product Manager,62501
446,Bob Walker,UX Designer,94547
447,Jane Walker,AI Researcher,66208
448,Michael Taylor,Network Engineer,91814
449,Charlie Smith,System Administrator,95839
450,Charlie Harris,Database Administrator,54530
451,Jane Brown,Data Analyst,81623
452,Jane Johnson,Product Manager,98507
453,David Lewis,Project Manager,85892
454,Alice Johnson,Data Analyst,95195
455,John Harris,UX Designer,92125
456,Bob Harris,DevOps Engineer,72046
457,Michael Lewis,Database Administrator,95302
458,David Harris,System Administrator,99131
459,Emma Smith,Data Analyst,84947
460,Charlie Clark,DevOps Engineer,52870
461,Sophia Smith,System Administrator,56407
462,David Harris,Database Administrator,56019
463,David Harris,Project Manager,67311
464,Charlie Brown,Database Administrator,70555
465,Jane Smith,DevOps Engineer,60948
466,Bob Lewis,UX Designer,99560
467,John Harris,Database Administrator,56473
468,Sophia Clark,Data Analyst,74978
469,David Smith,Network Engineer,64325
470,Emma Martinez,Network Engineer,94748
471,Sophia Smith,Network Engineer,78760
472,Michael Lewis,Data Analyst,63535
473,Emma Smith,UX Designer,85980
474,Michael Walker,Product Manager,56122
475,Bob Anderson,Data Analyst,86380
476,Michael Harris,UX Designer,79672
477,Michael Harris,Database Administrator,88330
478,Bob Walker,Project Manager,58691
479,John Martinez,AI Researcher,79482
480,Sophia Martinez,Data Analyst,76270
481,Jane Lewis,Database Administrator,69868
482,Michael Taylor,DevOps Engineer,85509
483,John Taylor,DevOps Engineer,54416
484,Emma Lewis,Network Engineer,84803
485,John Lewis,Network Engineer,56614
486,Olivia Harris,Software Engineer,63753
487,Michael Johnson,Network Engineer,57019
488,Jane Smith,Project Manager,76258
489,Bob Walker,Network Engineer,88574
490,John Clark,DevOps Engineer,67564
491,Emma Martinez,Network Engineer,77509
492,Sophia Taylor,UX Designer,94890
493,Olivia Martinez,Software Engineer,58052
494,Michael Taylor,DevOps Engineer,55199
495,Charlie Clark,Software Engineer,76880
496,Emma Lewis,Product Manager,66446
497,Jane Clark,Software Engineer,99414
498,David Brown,Data Analyst,85628
499,Michael Walker,System Administrator,95947
500,David Johnson,Product Manager,76485
501,John Taylor,Project Manager,78397
502,David Lewis,DevOps Engineer,75696
503,Alice Clark,Data Analyst,51428
504,Olivia Johnson,UX Designer,73367
505,John Johnson,Database Administrator,97426
506,Olivia Taylor,Database Administrator,59892
507,Charlie Harris,AI Researcher,54522
508,David Harris,Software Engineer,81603
509,Michael Brown,Product Manager,73763
510,Charlie Harris,Software Engineer,85334
511,Emma Clark,AI Researcher,90692
512,John Harris,UX Designer,98189
513,Michael Clark,DevOps Engineer,77304
514,Sophia Taylor,AI Researcher,74330
515,Emma Taylor,Network Engineer,81548
516,Sophia Walker,Project Manager,75648
517,Michael Harris,Product Manager,72625
518,Olivia Walker,Software Engineer,86598
519,Olivia Lewis,Database Administrator,56532
520,Charlie Anderson,Product Manager,64968
521,Sophia Martinez,Project Manager,60805
522,Michael Smith,AI Researcher,98946
523,David Harris,AI Researcher,57010
524,Michael Lewis,DevOps Engineer,70408
525,John Walker,System Administrator,61599
526,Alice Walker,Project Manager,69932
527,Sophia Brown,AI Researcher,95232
528,Emma Martinez,Software Engineer,66714
529,Sophia Martinez,Data Analyst,50635
530,Michael Johnson,Data Analyst,93991
531,Alice Brown,Data Analyst,93724
532,Jane Brown,DevOps Engineer,51051
533,Bob Taylor,System Administrator,84652
534,Michael Martinez,System Administrator,60749
535,Sophia Brown,DevOps Engineer,58334
536,Emma Clark,DevOps Engineer,71456
537,Emma Smith,AI Researcher,81216
538,Michael Martinez,UX Designer,59504
539,Jane Martinez,AI Researcher,79714
540,Emma Harris,AI Researcher,77976
541,Alice Martinez,UX Designer,81872
542,Bob Clark,Software Engineer,71934
543,Olivia Walker,Product Manager,85620
544,Charlie Martinez,Software Engineer,87724
545,Olivia Martinez,System Administrator,80815
546,John Taylor,AI Researcher,87727
547,Charlie Brown,Software Engineer,96392
548,Bob Martinez,DevOps Engineer,75680
549,Charlie Martinez,UX Designer,82389
550,Michael Clark,Database Administrator,50798
551,Sophia Anderson,Data Analyst,55415
552,Michael Johnson,AI Researcher,69125
553,David Anderson,Project Manager,51469
554,Alice Harris,UX Designer,80617
555,Charlie Anderson,Project Manager,72370
556,Michael Smith,DevOps Engineer,59273
557,Bob Walker,AI Researcher,99652
558,Charlie Anderson,DevOps Engineer,60622
559,Charlie Lewis,Project Manager,90044
560,Charlie Harris,Project Manager,52747
561,Bob Clark,Software Engineer,89371
562,Jane Brown,Project Manager,98161
563,Michael Taylor,Data Analyst,88658
564,Bob Martinez,System Administrator,57310
565,John Taylor,Project Manager,86638
566,Olivia Clark,AI Researcher,81041
567,Alice Clark,System Administrator,78622
568,Emma Clark,System Administrator,86648
569,Michael Brown,Database Administrator,97437
570,David Lewis,System Administrator,96184
571,David Harris,DevOps Engineer,53214
572,Michael Clark,UX Designer,53670
573,Bob Walker,System Administrator,65543
574,Olivia Harris,DevOps Engineer,61634
575,Sophia Lewis,UX Designer,89879
576,John Lewis,System Administrator,85368
577,Bob Clark,UX Designer,79048
578,Bob Taylor,Product Manager,92643
579,Jane Brown,AI Researcher,83864
580,David Taylor,Database Administrator,57150
581,Jane Smith,Project Manager,67394
582,Emma Walker,AI Researcher,88554
583,Charlie Walker,Database Administrator,86037
584,Alice Anderson,Data Analyst,58240
585,Emma Walker,UX Designer,99575
586,Jane Lewis,Database Administrator,97833
587,Jane Walker,Network Engineer,97774
588,Michael Harris,Product Manager,70315
589,Olivia Lewis,Database Administrator,58932
590,Bob Taylor,UX Designer,72947
591,John Harris,Software Engineer,83699
592,Charlie Harris,Data Analyst,72717
593,Emma Brown,Network Engineer,59265
594,Sophia Harris,Software Engineer,54463
595,Sophia Clark,Data Analyst,93008
596,Jane Walker,Software Engineer,50053
597,Emma Taylor,System Administrator,63135
598,Jane Anderson,System Administrator,80329
599,Michael Walker,Data Analyst,99517
600,Olivia Johnson,Data Analyst,68389
601,Sophia Lewis,DevOps Engineer,90927
602,David Johnson,System Administrator,76559
603,Emma Martinez,Data Analyst,59922
604,Olivia Brown,System Administrator,91789
605,Olivia Martinez,Software Engineer,51902
606,Bob Anderson,Data Analyst,63142
607,Olivia Anderson,System Administrator,74252
608,Michael Harris,Project Manager,76941
609,Bob Martinez,System Administrator,78260
610,Sophia Brown,Software Engineer,87728
611,Charlie Smith,AI Researcher,52048
612,Sophia Anderson,UX Designer,67008
613,Charlie Anderson,Software Engineer,60276
614,John Taylor,System Administrator,87771
615,Bob Anderson,Product Manager,88615
616,David Brown,Data Analyst,97470
617,Sophia Harris,DevOps Engineer,76899
618,David Brown,Software Engineer,96646
619,John Anderson,AI Researcher,75217
620,Jane Harris,DevOps Engineer,98433
621,John Walker,Software Engineer,54230
622,Emma Brown,Data Analyst,57741
623,Olivia Clark,Network Engineer,74914
624,Olivia Harris,Project Manager,61457
625,David Clark,Database Administrator,78196
626,John Brown,UX Designer,84717
627,Bob Brown,DevOps Engineer,88471
628,Michael Martinez,Project Manager,81508
629,David Anderson,UX Designer,60697
630,David Clark,Database Administrator,56971
631,Sophia Johnson,AI Researcher,90267
632,Jane Lewis,Database Administrator,77518
633,Sophia Taylor,Network Engineer,72211
634,Charlie Clark,Project Manager,98353
635,Charlie Brown,Network Engineer,80211
636,Alice Lewis,Project Manager,67948
637,Charlie Clark,AI Researcher,75557
638,David Taylor,Data Analyst,67117
639,Charlie Lewis,AI Researcher,94922
640,Jane Martinez,Database Administrator,63469
641,Michael Taylor,Project Manager,97655
642,Emma Brown,DevOps Engineer,63915
643,John Clark,Data Analyst,96839
644,Olivia Walker,DevOps Engineer,59585
645,Charlie Anderson,Software Engineer,81560
646,Bob Walker,Network Engineer,54958
647,Sophia Anderson,DevOps Engineer,53757
648,Alice Harris,AI Researcher,86099
649,Bob Anderson,Project Manager,91024
650,Charlie Taylor,UX Designer,66590
651,Emma Johnson,Software Engineer,86133
652,Michael Walker,Data Analyst,72378
653,Emma Taylor,UX Designer,50028
654,Olivia Anderson,Software Engineer,74583
655,Olivia Brown,Product Manager,84775
656,John Harris,AI Researcher,75460
657,Bob Clark,Software Engineer,56399
658,Emma Martinez,Software Engineer,98419
659,Sophia Clark,Network Engineer,94317
660,Bob Anderson,Network Engineer,73529
661,Charlie Martinez,Project Manager,93180
662,John Smith,DevOps Engineer,67519
663,John Smith,Network Engineer,64469
664,Bob Anderson,DevOps Engineer,50339
665,David Brown,Software Engineer,72837
666,Sophia Taylor,Software Engineer,79558
667,John Smith,Database Administrator,65057
668,Jane Harris,AI Researcher,51557
669,Sophia Taylor,Database Administrator,78124
670,Emma Lewis,System Administrator,62552
671,David Brown,Product Manager,86012
672,Bob Anderson,AI Researcher,58971
673,John Anderson,Database Administrator,78213
674,Olivia Smith,AI Researcher,70811
675,John Smith,AI Researcher,88668
676,Alice Clark,System Administrator,78078
677,Charlie Clark,Project Manager,67092
678,John Lewis,AI Researcher,57202
679,Olivia Lewis,DevOps Engineer,94091
680,Emma Walker,Project Manager,73931
681,Sophia Taylor,Network Engineer,87169
682,Sophia Johnson,System Administrator,94267
683,Charlie Johnson,UX Designer,56730
684,Emma Walker,AI Researcher,71141
685,Charlie Brown,AI Researcher,84440
686,Emma Smith,System Administrator,61678
687,Jane Brown,Database Administrator,84170
688,Charlie Harris,UX Designer,72047
689,Charlie Johnson,Data Analyst,73911
690,Michael Harris,System Administrator,84726
691,Jane Anderson,Data Analyst,63425
692,David Taylor,AI Researcher,90980
693,Emma Taylor,Project Manager,87777
694,John Smith,Network Engineer,68691
695,Alice Martinez,System Administrator,63312
696,Olivia Smith,System Administrator,61518
697,Emma Lewis,Network Engineer,63505
698,Charlie Anderson,DevOps Engineer,65529
699,Sophia Walker,Data Analyst,56484
700,Bob Clark,Database Administrator,81507
701,Olivia Lewis,AI Researcher,94969
702,Charlie Lewis,Product Manager,56660
703,Olivia Taylor,Software Engineer,84712
704,Bob Anderson,AI Researcher,53348
705,David Walker,Network Engineer,88031
706,David Lewis,DevOps Engineer,86572
707,Bob Martinez,DevOps Engineer,53444
708,Charlie Anderson,Network Engineer,65134
709,Olivia Brown,Project Manager,67572
710,Emma Clark,AI Researcher,97855
711,John Clark,DevOps Engineer,99595
712,Alice Lewis,UX Designer,81161
713,Michael Brown,UX Designer,60526
714,Bob Clark,AI Researcher,92528
715,Jane Smith,AI Researcher,76126
716,Emma Clark,UX Designer,81033
717,Emma Lewis,System Administrator,68740
718,Michael Walker,Network Engineer,74341
719,Sophia Brown,System Administrator,80529
720,Charlie Walker,Software Engineer,57161
721,Olivia Smith,AI Researcher,98695
722,Emma Smith,Project Manager,88144
723,Charlie Anderson,DevOps Engineer,81819
724,Alice Smith,Software Engineer,95312
725,Alice Harris,DevOps Engineer,65955
726,Alice Martinez,AI Researcher,98870
727,Emma Johnson,Data Analyst,64404
728,David Anderson,Data Analyst,62561
729,Jane Brown,Database Administrator,62906
730,John Anderson,Network Engineer,86062
731,Michael Johnson,UX Designer,68490
732,Charlie Brown,System Administrator,82550
733,David Anderson,Data Analyst,82640
734,Charlie Lewis,Data Analyst,50557
735,David Walker,Data Analyst,79621
736,Sophia Harris,DevOps Engineer,67158
737,Alice Taylor,DevOps Engineer,62551
738,Sophia Clark,Data Analyst,90099
739,Alice Lewis,AI Researcher,96487
740,Jane Walker,System Administrator,60637
741,Michael Anderson,AI Researcher,81794
742,Emma Johnson,Database Administrator,82919
743,Olivia Harris,AI Researcher,87138
744,David Harris,System Administrator,70576
745,David Harris,Network Engineer,70894
746,Jane Lewis,DevOps Engineer,98260
747,John Brown,Product Manager,64480
748,Bob Johnson,System Administrator,65570
749,Michael Lewis,Network Engineer,74105
750,Michael Martinez,System Administrator,88585
751,Sophia Clark,Database Administrator,58050
752,Jane Harris,UX Designer,92451
753,Charlie Walker,Data Analyst,51283
754,Charlie Brown,Network Engineer,74911
755,Michael Walker,DevOps Engineer,73996
756,Charlie Harris,Product Manager,83059
757,Alice Taylor,Product Manager,67388
758,Emma Anderson,Software Engineer,92173
759,John Lewis,Software Engineer,72009
760,Emma Taylor,Data Analyst,60998
761,Alice Walker,System Administrator,70957
762,David Johnson,UX Designer,93879
763,David Walker,DevOps Engineer,95880
764,David Smith,Project Manager,85189
765,Jane Walker,Project Manager,86997
766,John Taylor,Software Engineer,96348
767,John Clark,DevOps Engineer,57973
768,Bob Brown,Data Analyst,92407
769,Michael Lewis,Data Analyst,91301
770,Bob Brown,Network Engineer,75111
771,Jane Anderson,Data Analyst,61358
772,Michael Smith,System Administrator,77389
773,Charlie Harris,AI Researcher,59670
774,Alice Walker,Software Engineer,90931
775,Alice Martinez,AI Researcher,65115
776,Michael Lewis,DevOps Engineer,93021
777,Jane Brown,Network Engineer,60812
778,Michael Taylor,System Administrator,57368
779,John Anderson,AI Researcher,87632
780,Charlie Brown,Software Engineer,81861
781,Sophia Smith,System Administrator,90443
782,Bob Johnson,Database Administrator,52403
783,John Brown,Product Manager,92343
784,Charlie Harris,Database Administrator,61650
785,Michael Smith,DevOps Engineer,57805
786,Jane Clark,Project Manager,62180
787,Alice Harris,Product Manager,83866
788,Charlie Martinez,DevOps Engineer,92916
789,Jane Smith,Project Manager,68092
790,David Smith,Database Administrator,59950
791,Olivia Taylor,DevOps Engineer,59582
792,Emma Anderson,Project Manager,86768
793,Charlie Smith,Data Analyst,71829
794,Charlie Lewis,Data Analyst,81016
795,Bob Lewis,System Administrator,97507
796,John Harris,System Administrator,51357
797,Jane Brown,Project Manager,98557
798,Jane Anderson,DevOps Engineer,76307
799,Sophia Taylor,Database Administrator,53983
800,Alice Clark,UX Designer,93832
801,Emma Martinez,Product Manager,91825
802,Charlie Harris,Software Engineer,72340
803,John Brown,Network Engineer,88699
804,Michael Anderson,UX Designer,70995
805,Charlie Harris,Software Engineer,94778
806,John Anderson,Database Administrator,57944
807,Sophia Clark,Database Administrator,73677
808,Emma Martinez,AI Researcher,96800
809,Michael Lewis,Network Engineer,64396
810,Olivia Anderson,Data Analyst,57465
811,Sophia Harris,Project Manager,88032
812,John Smith,DevOps Engineer,65589
813,John Lewis,Database Administrator,50330
814,Emma Walker,Data Analyst,92850
815,Olivia Smith,Data Analyst,68554
816,Emma Anderson,AI Researcher,59070
817,Bob Lewis,System Administrator,51826
818,John Anderson,UX Designer,75103
819,Charlie Lewis,Software Engineer,76586
820,Michael Smith,Network Engineer,75619
821,Bob Smith,Data Analyst,79959
822,Alice Lewis,Network Engineer,73458
823,Jane Lewis,Product Manager,82104
824,Emma Harris,AI Researcher,58604
825,Bob Lewis,Data Analyst,98588
826,David Clark,Data Analyst,95207
827,Alice Johnson,Database Administrator,67904
828,Alice Johnson,Data Analyst,72209
829,John Johnson,Project Manager,64811
830,Bob Brown,Data Analyst,50668
831,John Smith,Network Engineer,92570
832,Charlie Taylor,Software Engineer,75284
833,David Smith,Project Manager,84814
834,John Clark,Data Analyst,50805
835,Emma Johnson,Data Analyst,71562
836,Alice Lewis,Project Manager,84151
837,Jane Lewis,AI Researcher,64582
838,David Walker,UX Designer,88116
839,Jane Brown,AI Researcher,99367
840,John Smith,Project Manager,51049
841,Alice Taylor,AI Researcher,71972
842,Jane Clark,Database Administrator,59348
843,Jane Smith,Software Engineer,71476
844,John Lewis,Software Engineer,63694
845,Michael Martinez,Network Engineer,82043
846,John Lewis,Project Manager,60332
847,David Brown,DevOps Engineer,90209
848,Michael Walker,Data Analyst,87376
849,Jane Clark,Data Analyst,73880
850,Michael Anderson,UX Designer,94616
851,Olivia Smith,Software Engineer,72989
852,Alice Smith,DevOps Engineer,56841
853,Jane Johnson,Data Analyst,56090
854,John Smith,Project Manager,58149
855,David Harris,Database Administrator,50012
856,Charlie Taylor,System Administrator,63221
857,John Smith,Project Manager,79228
858,Sophia Smith,AI Researcher,81860
859,Sophia Clark,Database Administrator,92615
860,Bob Anderson,Project Manager,97295
861,Michael Lewis,Project Manager,51381
862,Bob Harris,DevOps Engineer,92606
863,Olivia Taylor,Software Engineer,76094
864,Sophia Taylor,Network Engineer,68214
865,John Smith,Network Engineer,92452
866,Alice Anderson,System Administrator,80709
867,Charlie Lewis,Product Manager,54950
868,Michael Walker,Network Engineer,57221
869,John Taylor,Data Analyst,57879
870,Olivia Martinez,Data Analyst,57291
871,Sophia Walker,DevOps Engineer,87451
872,Charlie Martinez,Project Manager,99329
873,Charlie Johnson,Software Engineer,70308
874,Olivia Taylor,Product Manager,98289
875,Bob Walker,Database Administrator,53140
876,Sophia Harris,Product Manager,56562
877,David Smith,Network Engineer,70695
878,Alice Martinez,UX Designer,61288
879,Emma Walker,Product Manager,84543
880,Sophia Harris,Software Engineer,55374
881,David Lewis,Software Engineer,52400
882,Alice Smith,DevOps Engineer,83126
883,Emma Smith,UX Designer,60726
884,Olivia Brown,AI Researcher,60564
885,Olivia Brown,DevOps Engineer,68233
886,Jane Walker,Data Analyst,50756
887,Sophia Harris,Product Manager,78742
888,Jane Brown,UX Designer,53091
889,Alice Clark,Product Manager,58302
890,Sophia Smith,DevOps Engineer,56254
891,Olivia Taylor,DevOps Engineer,66333
892,Emma Smith,DevOps Engineer,69554
893,Sophia Lewis,AI Researcher,95033
894,David Brown,UX Designer,76720
895,Bob Taylor,Project Manager,76898
896,Emma Martinez,DevOps Engineer,75960
897,John Smith,DevOps Engineer,63536
898,Jane Clark,Database Administrator,97507
899,Bob Harris,Product Manager,50444
900,Charlie Lewis,Software Engineer,94630
901,Jane Harris,AI Researcher,80127
902,Emma Martinez,Software Engineer,73587
903,Charlie Walker,Software Engineer,62363
904,John Lewis,UX Designer,60899
905,Michael Taylor,Software Engineer,79353
906,Charlie Harris,Data Analyst,50415
907,David Taylor,Software Engineer,66420
908,Charlie Johnson,Data Analyst,50006
909,Charlie Harris,Network Engineer,92670
910,Olivia Walker,System Administrator,89675
911,Bob Lewis,Data Analyst,83434
912,Emma Smith,Project Manager,63000
913,Olivia Brown,DevOps Engineer,74162
914,Olivia Clark,AI Researcher,95092
915,John Martinez,AI Researcher,65897
916,Michael Johnson,AI Researcher,90574
917,Michael Johnson,AI Researcher,87712
918,Michael Taylor,Project Manager,69176
919,Emma Taylor,Software Engineer,94054
920,Michael Walker,DevOps Engineer,81439
921,Charlie Lewis,Network Engineer,70862
922,Michael Smith,Project Manager,64115
923,Olivia Smith,AI Researcher,70335
924,Sophia Brown,DevOps Engineer,54495
925,Alice Walker,Data Analyst,77624
926,Michael Smith,Product Manager,89619
927,John Brown,System Administrator,62432
928,Jane Martinez,Product Manager,97123
929,Emma Taylor,Network Engineer,56722
930,Michael Taylor,DevOps Engineer,83405
931,Emma Lewis,DevOps Engineer,57843
932,Bob Lewis,Software Engineer,81242
933,Michael Anderson,Project Manager,75074
934,Olivia Harris,Data Analyst,75172
935,Jane Martinez,Database Administrator,62128
936,Olivia Harris,Network Engineer,84314
937,John Martinez,Software Engineer,88967
938,Olivia Anderson,UX Designer,71197
939,Jane Lewis,Database Administrator,58955
940,John Martinez,System Administrator,88154
941,Bob Anderson,Data Analyst,86057
942,Charlie Anderson,Data Analyst,50349
943,Emma Anderson,DevOps Engineer,56639
944,Charlie Lewis,Network Engineer,93297
945,David Smith,Product Manager,68709
946,Charlie Harris,Software Engineer,71308
947,Jane Johnson,Product Manager,89783
948,Alice Anderson,Software Engineer,63134
949,John Walker,Project Manager,87266
950,Bob Johnson,System Administrator,60249
951,Alice Harris,Software Engineer,53670
952,Charlie Martinez,Data Analyst,72117
953,Michael Anderson,Software Engineer,69889
954,Alice Taylor,Software Engineer,88702
955,David Taylor,System Administrator,59212
956,David Walker,UX Designer,97283
957,Emma Clark,Database Administrator,84935
958,Michael Johnson,Software Engineer,52105
959,John Martinez,Project Manager,97095
960,Jane Lewis,Project Manager,66358
961,David Johnson,AI Researcher,99355
962,Jane Brown,UX Designer,77937
963,Alice Walker,System Administrator,98397
964,David Clark,UX Designer,52246
965,Emma Walker,UX Designer,67308
966,Sophia Walker,Network Engineer,83861
967,Sophia Clark,Project Manager,71600
968,Sophia Walker,Data Analyst,57998
969,Bob Lewis,System Administrator,86360
970,Sophia Anderson,UX Designer,80431
971,Charlie Johnson,AI Researcher,82874
972,Emma Walker,AI Researcher,95425
973,Jane Taylor,Project Manager,62983
974,John Walker,Software Engineer,62656
975,Michael Anderson,Software Engineer,61332
976,Olivia Clark,System Administrator,75303
977,Charlie Martinez,Product Manager,91593
978,Charlie Martinez,AI Researcher,58796
979,Charlie Walker,System Administrator,64181
980,Sophia Walker,Database Administrator,69882
981,John Lewis,UX Designer,94081
982,David Taylor,Data Analyst,62655
983,Charlie Brown,AI Researcher,80512
984,Sophia Smith,Data Analyst,76694
985,Olivia Smith,Data Analyst,97926
986,Michael Anderson,DevOps Engineer,57892
987,Charlie Walker,UX Designer,69708
988,Alice Smith,Network Engineer,89118
989,Emma Clark,Product Manager,65498
990,Emma Clark,Data Analyst,70462
991,Michael Lewis,Product Manager,60363
992,Emma Brown,Database Administrator,87060
993,Charlie Brown,Database Administrator,64899
994,Jane Walker,DevOps Engineer,94353
995,Alice Harris,DevOps Engineer,55036
996,Charlie Brown,Product Manager,78145
997,Emma Taylor,Database Administrator,93176
998,Bob Johnson,Data Analyst,97089
999,David Taylor,UX Designer,71997
1000,Michael Taylor,Database Administrator,95237
1001,Charlie Anderson,Project Manager,96320
1002,Bob Martinez,Product Manager,72821
1003,Jane Brown,Network Engineer,68719
1004,Sophia Taylor,Database Administrator,70823
1005,Olivia Brown,UX Designer,96350
1006,Michael Lewis,Data Analyst,58212
1007,Charlie Johnson,Network Engineer,91629
1008,Jane Johnson,Project Manager,53935
1009,John Anderson,Product Manager,92503
1010,Sophia Anderson,System Administrator,86480
1011,David Johnson,System Administrator,73045
1012,Olivia Taylor,System Administrator,60503
1013,Michael Brown,Database Administrator,73027
1014,Jane Smith,AI Researcher,80286
1015,Michael Johnson,Project Manager,71531
1016,Michael Brown,System Administrator,90840
1017,David Taylor,AI Researcher,88917
1018,Emma Harris,Data Analyst,51267
1019,John Clark,Product Manager,98152
1020,Jane Brown,DevOps Engineer,87127
1021,David Taylor,AI Researcher,95242
1022,Alice Smith,System Administrator,52834
1023,David Lewis,Network Engineer,68429
1024,Jane Martinez,Network Engineer,66340
1025,Alice Johnson,Software Engineer,50379
1026,Charlie Harris,System Administrator,58097
1027,David Harris,DevOps Engineer,59116
1028,Bob Martinez,Software Engineer,93931
1029,Bob Martinez,System Administrator,96825
1030,Emma Martinez,Database Administrator,63600
1031,Alice Brown,DevOps Engineer,55539
1032,Sophia Clark,Network Engineer,54055
1033,John Lewis,Project Manager,73755
1034,Emma Smith,System Administrator,52969
1035,Sophia Walker,System Administrator,56387
1036,Charlie Anderson,Database Administrator,98518
1037,John Lewis,Product Manager,56565
1038,Bob Lewis,AI Researcher,91486
1039,Olivia Harris,Software Engineer,52530
1040,Sophia Smith,UX Designer,87778
1041,Emma Walker,Database Administrator,55506
1042,Bob Smith,Database Administrator,75772
1043,Sophia Brown,Data Analyst,54311
1044,Sophia Anderson,Data Analyst,55621
1045,Sophia Lewis,Network Engineer,57589
1046,Emma Lewis,DevOps Engineer,85834
1047,Olivia Martinez,Product Manager,56543
1048,David Lewis,Project Manager,74208
1049,Bob Smith,Database Administrator,89841
1050,David Martinez,Data Analyst,88593
1051,Charlie Johnson,UX Designer,55792
1052,Charlie Harris,Project Manager,90042
1053,John Johnson,Software Engineer,77015
1054,Olivia Walker,Data Analyst,97713
1055,Charlie Clark,Data Analyst,85337
1056,Jane Harris,Network Engineer,81421
1057,John Harris,Data Analyst,94511
1058,Sophia Lewis,Database Administrator,73202
1059,Charlie Anderson,System Administrator,67841
1060,Olivia Clark,Data Analyst,65478
1061,Charlie Harris,Project Manager,89037
1062,David Harris,DevOps Engineer,99837
1063,Jane Harris,DevOps Engineer,87776
1064,Jane Smith,System Administrator,53606
1065,Michael Lewis,DevOps Engineer,75322
1066,Bob Taylor,System Administrator,55254
1067,Sophia Taylor,Software Engineer,50463
1068,Alice Brown,Product Manager,51427
1069,Olivia Taylor,Network Engineer,66883
1070,Charlie Anderson,Project Manager,52688
1071,David Smith,System Administrator,59453
1072,Alice Martinez,Project Manager,74757
1073,John Lewis,DevOps Engineer,82277
1074,David Smith,Software Engineer,53465
1075,Emma Lewis,Network Engineer,62238
1076,Olivia Martinez,Network Engineer,85281
1077,David Brown,AI Researcher,73804
1078,Sophia Lewis,Project Manager,59282
1079,Jane Martinez,Project Manager,53567
1080,David Brown,UX Designer,54023
1081,Alice Harris,Data Analyst,97441
1082,David Taylor,Database Administrator,86907
1083,Jane Walker,AI Researcher,59032
1084,Michael Martinez,UX Designer,85989
1085,Sophia Anderson,Product Manager,86631
1086,Jane Clark,Data Analyst,88223
1087,Alice Harris,Product Manager,66709
1088,Olivia Taylor,Project Manager,62310
1089,Sophia Clark,AI Researcher,92338
1090,Jane Taylor,DevOps Engineer,60762
1091,Michael Taylor,Project Manager,91706
1092,Olivia Taylor,Product Manager,78024
1093,Michael Walker,UX Designer,52561
1094,Charlie Clark,Product Manager,69114
1095,Jane Johnson,Database Administrator,90823
1096,Bob Clark,Software Engineer,99857
1097,Jane Clark,System Administrator,86861
1098,Olivia Walker,AI Researcher,78818
1099,Charlie Anderson,Project Manager,97653
1100,Alice Lewis,Network Engineer,51804
1101,Olivia Taylor,Network Engineer,56430
1102,Michael Martinez,Network Engineer,69053
1103,Jane Lewis,UX Designer,84266
1104,Bob Smith,Network Engineer,62736
1105,David Harris,Software Engineer,73035
1106,Jane Johnson,Project Manager,53009
1107,Bob Lewis,Database Administrator,54138
1108,Sophia Martinez,UX Designer,58831
1109,Jane Brown,Product Manager,71193
1110,Bob Brown,DevOps Engineer,57776
1111,Bob Martinez,AI Researcher,59052
1112,Olivia Smith,Project Manager,76361
1113,Bob Anderson,Software Engineer,72866
1114,Jane Taylor,UX Designer,67602
1115,Alice Anderson,System Administrator,66163
1116,Sophia Anderson,Software Engineer,50268
1117,Olivia Brown,UX Designer,63091
1118,Olivia Clark,Network Engineer,74803
1119,Michael Walker,DevOps Engineer,52291
1120,Sophia Johnson,System Administrator,82594
1121,Michael Clark,Data Analyst,98262
1122,Bob Harris,Software Engineer,84629
1123,David Lewis,Database Administrator,62624
1124,David Brown,Database Administrator,83950
1125,Alice Walker,Product Manager,91652
1126,Sophia Johnson,Software Engineer,88711
1127,Jane Smith,Network Engineer,92899
1128,Alice Taylor,Network Engineer,68262
1129,Emma Martinez,Network Engineer,56636
1130,Jane Brown,Product Manager,66750
1131,John Johnson,System Administrator,95617
1132,David Lewis,Database Administrator,96921
1133,Alice Martinez,Data Analyst,62047
1134,Emma Johnson,Software Engineer,71221
1135,Olivia Walker,UX Designer,95521
1136,Emma Clark,UX Designer,62393
1137,Alice Clark,DevOps Engineer,72574
1138,Bob Smith,Data Analyst,90197
1139,Alice Martinez,DevOps Engineer,95715
1140,John Martinez,Product Manager,90611
1141,Sophia Johnson,DevOps Engineer,68796
1142,Charlie Taylor,Project Manager,97126
1143,Emma Walker,Software Engineer,71820
1144,Alice Clark,UX Designer,81835
1145,Charlie Martinez,Database Administrator,53999
1146,Sophia Walker,DevOps Engineer,54213
1147,David Lewis,Project Manager,73399
1148,Alice Smith,Database Administrator,61745
1149,John Walker,DevOps Engineer,73230
1150,David Harris,Project Manager,56694
1151,Bob Johnson,System Administrator,56178
1152,Alice Anderson,Product Manager,51413
1153,Bob Walker,System Administrator,87181
1154,Jane Martinez,Project Manager,52683
1155,Jane Lewis,AI Researcher,79971
1156,Michael Smith,System Administrator,87773
1157,Olivia Walker,Data Analyst,59494
1158,Jane Walker,AI Researcher,86952
1159,Alice Anderson,UX Designer,83661
1160,Jane Martinez,Data Analyst,94566
1161,Emma Taylor,Project Manager,89059
1162,Emma Walker,Data Analyst,63174
1163,David Smith,DevOps Engineer,79706
1164,John Johnson,Project Manager,78950
1165,David Walker,Network Engineer,99917
1166,Jane Brown,System Administrator,59629
1167,John Lewis,UX Designer,63789
1168,Jane Taylor,UX Designer,79906
1169,Michael Taylor,Data Analyst,88405
1170,Alice Brown,Project Manager,51648
1171,Michael Harris,System Administrator,69892
1172,David Lewis,Database Administrator,66334
1173,John Johnson,Software Engineer,91909
1174,Sophia Taylor,Data Analyst,97269
1175,David Harris,Product Manager,73992
1176,John Martinez,UX Designer,53382
1177,Alice Brown,AI Researcher,79393
1178,Charlie Clark,Project Manager,51595
1179,Alice Clark,UX Designer,64411
1180,Olivia Anderson,Product Manager,54123
1181,Olivia Anderson,Data Analyst,89143
1182,John Clark,Project Manager,55320
1183,John Harris,AI Researcher,94253
1184,Alice Clark,Software Engineer,89157
1185,John Brown,Network Engineer,66822
1186,John Clark,System Administrator,70432
1187,David Walker,Data Analyst,69408
1188,Emma Clark,AI Researcher,97425
1189,John Anderson,System Administrator,54250
1190,Emma Harris,Project Manager,91694
1191,Bob Anderson,AI Researcher,76532
1192,Sophia Harris,Data Analyst,57469
1193,Emma Clark,Network Engineer,87233
1194,David Walker,Data Analyst,79629
1195,John Lewis,AI Researcher,91097
1196,Emma Walker,System Administrator,88556
1197,Emma Walker,Product Manager,89504
1198,Michael Walker,Software Engineer,83686
1199,Sophia Smith,Data Analyst,57698
1200,Bob Walker,AI Researcher,61239
1201,David Taylor,AI Researcher,86780
1202,Sophia Lewis,AI Researcher,61200
1203,David Johnson,Database Administrator,54255
1204,David Clark,System Administrator,53671
1205,Emma Clark,AI Researcher,80916
1206,Michael Walker,Database Administrator,73072
1207,Emma Johnson,DevOps Engineer,86330
1208,Michael Johnson,System Administrator,54744
1209,David Brown,Product Manager,65710
1210,Michael Harris,Software Engineer,99516
1211,John Brown,Data Analyst,56364
1212,Bob Johnson,Network Engineer,97443
1213,David Clark,AI Researcher,69121
1214,Michael Walker,AI Researcher,86478
1215,Bob Johnson,Database Administrator,70917
1216,Charlie Johnson,UX Designer,56635
1217,John Harris,Product Manager,92379
1218,Emma Smith,Software Engineer,88785
1219,Emma Taylor,Project Manager,60325
1220,Charlie Smith,Product Manager,77838
1221,John Martinez,Software Engineer,55787
1222,John Walker,Project Manager,65309
1223,Olivia Lewis,Product Manager,60541
1224,Sophia Johnson,System Administrator,54326
1225,David Smith,System Administrator,61784
1226,Michael Taylor,System Administrator,55653
1227,Jane Harris,Data Analyst,72823
1228,John Martinez,Database Administrator,97569
1229,Emma Harris,Software Engineer,84488
1230,Charlie Harris,Database Administrator,67466
1231,Bob Smith,Product Manager,56261
1232,Jane Harris,Project Manager,99228
1233,Michael Lewis,System Administrator,51538
1234,David Johnson,Network Engineer,59082
1235,John Taylor,Product Manager,98483
1236,Bob Anderson,DevOps Engineer,55838
1237,Michael Johnson,UX Designer,87322
1238,Michael Lewis,Network Engineer,85610
1239,Alice Taylor,DevOps Engineer,77064
1240,Alice Martinez,Network Engineer,65456
1241,Alice Anderson,System Administrator,88647
1242,Emma Martinez,Software Engineer,83234
1243,Bob Smith,System Administrator,68048
1244,Charlie Smith,Project Manager,80752
1245,Bob Smith,DevOps Engineer,50189
1246,Alice Taylor,Project Manager,83711
1247,Alice Lewis,Database Administrator,65830
1248,Michael Clark,DevOps Engineer,90076
1249,Jane Anderson,Project Manager,56738
1250,Alice Taylor,UX Designer,55339
1251,David Johnson,Network Engineer,72570
1252,Sophia Martinez,Software Engineer,92930
1253,John Martinez,DevOps Engineer,88007
1254,Alice Walker,DevOps Engineer,55967
1255,Jane Taylor,System Administrator,90558
1256,Emma Johnson,AI Researcher,67522
1257,Olivia Brown,Software Engineer,80393
1258,Jane Johnson,Network Engineer,53071
1259,Emma Taylor,Network Engineer,87915
1260,Bob Walker,Product Manager,81180
1261,John Clark,Database Administrator,87397
1262,Charlie Johnson,DevOps Engineer,88889
1263,Michael Johnson,Project Manager,50715
1264,Charlie Clark,Data Analyst,62760
1265,David Walker,System Administrator,52229
1266,Jane Taylor,Software Engineer,77606
1267,Sophia Brown,Software Engineer,92476
1268,Emma Clark,Network Engineer,94277
1269,John Brown,System Administrator,82592
1270,Michael Taylor,Data Analyst,67846
1271,Bob Johnson,Software Engineer,57934
1272,David Harris,AI Researcher,60027
1273,Olivia Johnson,Software Engineer,75477
1274,Charlie Johnson,Database Administrator,90587
1275,Sophia Harris,Software Engineer,56612
1276,David Brown,Database Administrator,97102
1277,Emma Harris,AI Researcher,51136
1278,Olivia Taylor,Data Analyst,98409
1279,Michael Brown,Database Administrator,74139
1280,David Johnson,System Administrator,80301
1281,Olivia Harris,AI Researcher,55122
1282,David Anderson,Product Manager,77268
1283,Jane Lewis,Data Analyst,84586
1284,Michael Lewis,Project Manager,77788
1285,Jane Taylor,Project Manager,79993
1286,Bob Harris,AI Researcher,51225
1287,Charlie Clark,Software Engineer,64724
1288,Sophia Walker,UX Designer,93660
1289,John Anderson,Project Manager,91734
1290,Sophia Smith,System Administrator,94479
1291,John Walker,Database Administrator,78226
1292,Alice Harris,System Administrator,69218
1293,Sophia Clark,Product Manager,89839
1294,Jane Taylor,DevOps Engineer,86801
1295,David Brown,Database Administrator,97554
1296,Olivia Clark,Network Engineer,85262
1297,Jane Taylor,Project Manager,90154
1298,Alice Harris,Product Manager,88950
1299,David Walker,Project Manager,53100
1300,Alice Taylor,Product Manager,90138
1301,Olivia Brown,UX Designer,76280
1302,Sophia Brown,Network Engineer,72424
1303,Charlie Lewis,System Administrator,93019
1304,Sophia Walker,System Administrator,87124
1305,John Brown,Project Manager,76683
1306,David Walker,Data Analyst,59770
1307,David Taylor,AI Researcher,67101
1308,Michael Harris,Project Manager,91323
1309,Bob Taylor,AI Researcher,65051
1310,John Taylor,System Administrator,95277
1311,Olivia Clark,Project Manager,89719
1312,David Smith,Database Administrator,79814
1313,Jane Johnson,Project Manager,53220
1314,John Harris,Product Manager,81900
1315,Olivia Walker,Network Engineer,51541
1316,Emma Brown,Product Manager,89952
1317,Alice Smith,AI Researcher,78332
1318,John Anderson,Software Engineer,79305
1319,Bob Walker,DevOps Engineer,83289
1320,Michael Anderson,Project Manager,91345
1321,Sophia Harris,Product Manager,65704
1322,Jane Brown,AI Researcher,51722
1323,Charlie Johnson,Project Manager,60475
1324,Emma Brown,Software Engineer,81139
1325,David Martinez,Project Manager,87142
1326,Alice Anderson,Project Manager,68066
1327,Emma Anderson,DevOps Engineer,61060
1328,Sophia Johnson,DevOps Engineer,68284
1329,Alice Walker,Database Administrator,75798
1330,Bob Taylor,Database Administrator,93643
1331,Emma Harris,Data Analyst,51617
1332,Charlie Smith,UX Designer,56272
1333,Jane Lewis,Product Manager,89968
1334,David Lewis,System Administrator,50843
1335,Bob Anderson,DevOps Engineer,85472
1336,John Martinez,AI Researcher,54557
1337,Alice Brown,System Administrator,61987
1338,Alice Brown,UX Designer,55030
1339,Emma Brown,AI Researcher,87790
1340,Emma Taylor,Software Engineer,98515
1341,Michael Johnson,AI Researcher,58859
1342,Bob Anderson,Software Engineer,52430
1343,Bob Smith,System Administrator,58197
1344,Sophia Harris,Database Administrator,81980
1345,John Harris,Data Analyst,86723
1346,Olivia Anderson,UX Designer,92410
1347,Emma Lewis,System Administrator,79273
1348,Charlie Anderson,AI Researcher,57201
1349,Charlie Martinez,Software Engineer,61756
1350,Charlie Anderson,DevOps Engineer,94082
1351,Jane Smith,Product Manager,81844
1352,Bob Walker,Product Manager,66166
1353,Alice Walker,AI Researcher,61562
1354,Emma Harris,Data Analyst,80889
1355,Jane Martinez,DevOps Engineer,53676
1356,Emma Brown,Product Manager,86606
1357,Emma Brown,Network Engineer,77886
1358,Michael Smith,Database Administrator,73947
1359,John Lewis,AI Researcher,62847
1360,David Smith,UX Designer,73482
1361,Sophia Clark,Database Administrator,87665
1362,Sophia Walker,System Administrator,68346
1363,David Anderson,DevOps Engineer,91117
1364,Alice Smith,Project Manager,72910
1365,Bob Smith,Database Administrator,69595
1366,Sophia Clark,AI Researcher,79152
1367,Sophia Harris,Product Manager,95656
1368,Bob Lewis,Software Engineer,95672
1369,Bob Smith,Network Engineer,57092
1370,Emma Anderson,UX Designer,95841
1371,Olivia Smith,AI Researcher,68316
1372,Sophia Lewis,Project Manager,51125
1373,Jane Walker,UX Designer,91453
1374,Bob Harris,System Administrator,84775
1375,Bob Walker,Data Analyst,88102
1376,Alice Harris,Software Engineer,83919
1377,Sophia Anderson,Product Manager,66655
1378,Sophia Martinez,AI Researcher,56992
1379,Bob Walker,DevOps Engineer,68011
1380,Emma Taylor,Project Manager,62536
1381,Charlie Johnson,Product Manager,81375
1382,John Taylor,Project Manager,91472
1383,John Johnson,System Administrator,84356
1384,Bob Smith,DevOps Engineer,81288
1385,Jane Taylor,Network Engineer,51860
1386,Sophia Johnson,Product Manager,64288
1387,John Harris,Data Analyst,87975
1388,Bob Brown,System Administrator,99777
1389,David Walker,UX Designer,50636
1390,John Brown,DevOps Engineer,90689
1391,Alice Lewis,DevOps Engineer,81385
1392,Michael Martinez,Product Manager,76206
1393,John Walker,AI Researcher,99711
1394,Charlie Walker,DevOps Engineer,50841
1395,John Taylor,Software Engineer,65352
1396,Bob Brown,Project Manager,76143
1397,Bob Clark,Database Administrator,59400
1398,Jane Anderson,Network Engineer,65025
1399,Charlie Smith,Network Engineer,77878
1400,Alice Martinez,Project Manager,70619
1401,Jane Taylor,AI Researcher,52510
1402,Bob Taylor,Project Manager,73291
1403,Alice Lewis,DevOps Engineer,87815
1404,Alice Harris,System Administrator,63944
1405,Olivia Walker,Network Engineer,81827
1406,Alice Walker,Project Manager,78991
1407,Charlie Clark,UX Designer,53881
1408,Bob Walker,AI Researcher,59879
1409,Olivia Clark,Software Engineer,56813
1410,Michael Clark,UX Designer,74561
1411,Sophia Clark,Software Engineer,64216
1412,Sophia Martinez,Project Manager,82665
1413,Jane Clark,Network Engineer,75308
1414,Michael Anderson,UX Designer,51408
1415,John Walker,AI Researcher,55006
1416,Charlie Martinez,Product Manager,92424
1417,Sophia Walker,Network Engineer,53379
1418,Jane Harris,Data Analyst,82636
1419,Emma Johnson,Network Engineer,50680
1420,John Walker,DevOps Engineer,77087
1421,Michael Taylor,DevOps Engineer,52077
1422,Bob Brown,Product Manager,84503
1423,Bob Smith,Network Engineer,75939
1424,Sophia Taylor,Network Engineer,76080
1425,John Brown,DevOps Engineer,95980
1426,Bob Lewis,AI Researcher,91312
1427,Emma Smith,Product Manager,64079
1428,Alice Walker,Network Engineer,92917
1429,John Lewis,Project Manager,60745
1430,John Martinez,AI Researcher,67653
1431,Olivia Johnson,UX Designer,98523
1432,Sophia Anderson,System Administrator,51349
1433,Olivia Harris,Data Analyst,99600
1434,John Brown,Network Engineer,79271
1435,Michael Johnson,Data Analyst,91655
1436,Sophia Anderson,Network Engineer,76076
1437,John Clark,Project Manager,92317
1438,Sophia Smith,Data Analyst,69220
1439,Olivia Lewis,Product Manager,51249
1440,Michael Lewis,UX Designer,83432
1441,Jane Clark,Database Administrator,63997
1442,Bob Johnson,Product Manager,83218
1443,Bob Johnson,Software Engineer,50818
1444,Olivia Smith,UX Designer,76487
1445,John Harris,Data Analyst,86825
1446,Emma Lewis,Software Engineer,91432
1447,John Clark,Database Administrator,51218
1448,Emma Johnson,AI Researcher,86332
1449,Olivia Taylor,DevOps Engineer,82466
1450,Michael Walker,UX Designer,57038
1451,Sophia Martinez,UX Designer,54401
1452,Alice Walker,UX Designer,59232
1453,David Harris,Product Manager,83050
1454,Charlie Lewis,Product Manager,58656
1455,Jane Clark,Database Administrator,76802
1456,Sophia Smith,Software Engineer,72687
1457,Charlie Brown,Network Engineer,92238
1458,Charlie Martinez,DevOps Engineer,96630
1459,Jane Harris,Software Engineer,81884
1460,Alice Anderson,Database Administrator,92306
1461,Alice Anderson,AI Researcher,50259
1462,Olivia Martinez,Project Manager,51324
1463,Alice Lewis,Database Administrator,63487
1464,Sophia Lewis,Product Manager,50793
1465,Olivia Harris,Software Engineer,60097
1466,Olivia Taylor,Software Engineer,82153
1467,Bob Brown,Database Administrator,68870
1468,David Martinez,DevOps Engineer,85929
1469,John Harris,Software Engineer,72327
1470,Charlie Smith,UX Designer,79047
1471,David Martinez,Database Administrator,83915
1472,John Walker,System Administrator,69448
1473,John Taylor,Data Analyst,71246
1474,Jane Johnson,System Administrator,98750
1475,Michael Harris,UX Designer,74646
1476,Bob Martinez,Network Engineer,60777
1477,Charlie Taylor,Software Engineer,63871
1478,Sophia Lewis,AI Researcher,73774
1479,Sophia Martinez,Data Analyst,56895
1480,Alice Clark,System Administrator,59990
1481,John Harris,System Administrator,63858
1482,Alice Smith,Database Administrator,93281
1483,Alice Anderson,Software Engineer,55183
1484,Charlie Walker,System Administrator,71260
1485,David Brown,Software Engineer,57384
1486,Michael Martinez,UX Designer,64048
1487,Sophia Smith,System Administrator,99934
1488,Sophia Lewis,Product Manager,63360
1489,Jane Johnson,AI Researcher,91305
1490,John Walker,UX Designer,68839
1491,Charlie Smith,AI Researcher,77020
1492,John Taylor,DevOps Engineer,70504
1493,Emma Johnson,Software Engineer,85170
1494,Sophia Lewis,Project Manager,58808
1495,David Anderson,DevOps Engineer,64216
1496,John Taylor,Software Engineer,67151
1497,John Smith,AI Researcher,70759
1498,David Harris,Product Manager,65276
1499,Charlie Taylor,UX Designer,70297
1500,Charlie Smith,Product Manager,58305
1501,Charlie Smith,Product Manager,50869
1502,Alice Brown,Software Engineer,84386
1503,Bob Smith,System Administrator,81716
1504,Bob Clark,Product Manager,68387
1505,Sophia Clark,Database Administrator,59471
1506,Bob Smith,Product Manager,99603
1507,Bob Clark,UX Designer,51762
1508,Emma Lewis,Data Analyst,80071
1509,Michael Taylor,AI Researcher,64411
1510,Sophia Lewis,Product Manager,88040
1511,John Harris,Product Manager,81955
1512,Olivia Smith,System Administrator,55585
1513,Sophia Lewis,Product Manager,58131
1514,Alice Lewis,DevOps Engineer,61005
1515,Bob Taylor,Project Manager,57837
1516,David Taylor,Software Engineer,95946
1517,Olivia Lewis,AI Researcher,79333
1518,Alice Clark,Software Engineer,93501
1519,Jane Brown,Data Analyst,59285
1520,Michael Harris,System Administrator,81656
1521,Bob Harris,Network Engineer,60493
1522,John Johnson,UX Designer,62240
1523,Sophia Anderson,UX Designer,54645
1524,Jane Harris,AI Researcher,57911
1525,Charlie Smith,DevOps Engineer,93533
1526,Michael Walker,Project Manager,92842
1527,Sophia Harris,Database Administrator,58634
1528,Bob Brown,DevOps Engineer,85169
1529,Michael Martinez,DevOps Engineer,74285
1530,Charlie Brown,AI Researcher,84035
1531,Michael Lewis,Software Engineer,67406
1532,David Harris,AI Researcher,62875
1533,David Clark,System Administrator,95399
1534,Olivia Martinez,Network Engineer,55460
1535,Charlie Lewis,Product Manager,87358
1536,Alice Lewis,Project Manager,95478
1537,Bob Martinez,Network Engineer,62793
1538,Olivia Lewis,System Administrator,96777
1539,Bob Clark,AI Researcher,57701
1540,David Walker,AI Researcher,91648
1541,David Walker,Network Engineer,83857
1542,Emma Harris,Network Engineer,51295
1543,Bob Harris,DevOps Engineer,89764
1544,Michael Brown,Database Administrator,67599
1545,Jane Anderson,Product Manager,67026
1546,Olivia Walker,UX Designer,50801
1547,Sophia Lewis,Database Administrator,96877
1548,Charlie Lewis,AI Researcher,90178
1549,Alice Anderson,System Administrator,71007
1550,Sophia Lewis,DevOps Engineer,60942
1551,Michael Anderson,Data Analyst,77947
1552,Alice Brown,Data Analyst,63746
1553,Bob Harris,System Administrator,99739
1554,Jane Anderson,Database Administrator,93972
1555,Olivia Clark,System Administrator,69850
1556,David Harris,Data Analyst,89007
1557,Bob Martinez,Network Engineer,88875
1558,Alice Brown,System Administrator,76714
1559,Emma Johnson,UX Designer,95082
1560,Charlie Walker,Data Analyst,61130
1561,Charlie Lewis,Software Engineer,83962
1562,David Harris,Database Administrator,63657
1563,John Lewis,Database Administrator,94841
1564,Michael Harris,Product Manager,81272
1565,Emma Harris,Database Administrator,70641
1566,Emma Smith,Product Manager,88297
1567,David Taylor,Software Engineer,87343
1568,Olivia Johnson,AI Researcher,97106
1569,Olivia Harris,Data Analyst,55274
1570,Charlie Brown,Data Analyst,50198
1571,Bob Martinez,System Administrator,95596
1572,Sophia Walker,System Administrator,76113
1573,John Clark,DevOps Engineer,95304
1574,Olivia Clark,Network Engineer,72147
1575,Alice Lewis,Network Engineer,93172
1576,Emma Johnson,Software Engineer,94086
1577,Jane Taylor,Product Manager,95780
1578,Charlie Clark,Data Analyst,71985
1579,Olivia Smith,System Administrator,69755
1580,Emma Brown,UX Designer,60647
1581,Charlie Brown,Product Manager,68411
1582,Emma Clark,Data Analyst,67787
1583,Sophia Taylor,Database Administrator,81869
1584,Sophia Smith,System Administrator,86902
1585,Olivia Lewis,Project Manager,87638
1586,Emma Clark,DevOps Engineer,66201
1587,Olivia Taylor,Product Manager,70198
1588,Jane Walker,Network Engineer,78046
1589,David Martinez,Data Analyst,60420
1590,Emma Brown,AI Researcher,52047
1591,Charlie Johnson,Database Administrator,71150
1592,John Walker,DevOps Engineer,61337
1593,Bob Brown,AI Researcher,92493
1594,Alice Clark,System Administrator,56295
1595,Emma Martinez,Data Analyst,53444
1596,Michael Johnson,Product Manager,54864
1597,David Taylor,System Administrator,66034
1598,Bob Johnson,Project Manager,59499
1599,Michael Lewis,Project Manager,54507
1600,Olivia Smith,DevOps Engineer,79998
1601,Michael Johnson,Software Engineer,50451
1602,Michael Brown,Product Manager,85120
1603,Charlie Smith,DevOps Engineer,88722
1604,Bob Martinez,Network Engineer,50289
1605,Emma Taylor,AI Researcher,64165
1606,Bob Brown,AI Researcher,54330
1607,Michael Taylor,Network Engineer,94743
1608,John Lewis,DevOps Engineer,99565
1609,Emma Harris,AI Researcher,54968
1610,Alice Martinez,UX Designer,59687
1611,John Smith,System Administrator,89893
1612,Michael Lewis,UX Designer,61631
1613,David Clark,System Administrator,61673
1614,Emma Lewis,UX Designer,82127
1615,Sophia Brown,Software Engineer,51706
1616,John Martinez,Product Manager,54475
1617,Alice Johnson,Network Engineer,80979
1618,Alice Clark,Product Manager,98803
1619,Alice Taylor,UX Designer,76658
1620,Jane Johnson,AI Researcher,66838
1621,David Smith,AI Researcher,59829
1622,Charlie Clark,System Administrator,63788
1623,John Lewis,Project Manager,61114
1624,Emma Taylor,Project Manager,59893
1625,Alice Clark,Product Manager,99432
1626,Charlie Anderson,System Administrator,79504
1627,Alice Martinez,AI Researcher,56301
1628,Olivia Brown,Network Engineer,51155
1629,John Harris,Product Manager,69660
1630,Bob Smith,System Administrator,98439
1631,Jane Walker,Project Manager,78957
1632,Emma Brown,UX Designer,55503
1633,David Clark,Product Manager,78772
1634,Charlie Martinez,Network Engineer,93385
1635,Bob Taylor,Data Analyst,83524
1636,Bob Smith,Project Manager,99896
1637,Michael Anderson,AI Researcher,84908
1638,Olivia Smith,AI Researcher,85195
1639,Charlie Smith,System Administrator,51394
1640,Bob Anderson,DevOps Engineer,66297
1641,Jane Johnson,Project Manager,91436
1642,Emma Brown,Network Engineer,72636
1643,Bob Martinez,AI Researcher,57121
1644,Bob Harris,Database Administrator,74173
1645,John Anderson,Data Analyst,59685
1646,Sophia Walker,AI Researcher,73711
1647,Michael Harris,Product Manager,85149
1648,Michael Harris,UX Designer,87886
1649,Michael Harris,Project Manager,92179
1650,Charlie Walker,AI Researcher,92245
1651,Charlie Taylor,Database Administrator,79637
1652,Emma Johnson,AI Researcher,91133
1653,Bob Martinez,System Administrator,56534
1654,Charlie Brown,AI Researcher,52181
1655,Charlie Martinez,UX Designer,65467
1656,Bob Brown,Project Manager,95791
1657,Sophia Clark,AI Researcher,97921
1658,Bob Brown,Project Manager,73328
1659,David Taylor,Project Manager,93369
1660,Emma Anderson,Data Analyst,83651
1661,John Brown,AI Researcher,61976
1662,John Lewis,AI Researcher,85039
1663,Sophia Martinez,DevOps Engineer,73398
1664,Bob Martinez,Project Manager,72281
1665,David Lewis,Database Administrator,61532
1666,Bob Martinez,Product Manager,96332
1667,Bob Martinez,System Administrator,73556
1668,Emma Anderson,Database Administrator,92432
1669,Olivia Johnson,Database Administrator,52686
1670,Charlie Smith,DevOps Engineer,74184
1671,Olivia Walker,Network Engineer,92533
1672,Michael Smith,Network Engineer,88579
1673,Olivia Johnson,DevOps Engineer,84331
1674,Bob Taylor,AI Researcher,59540
1675,Jane Martinez,DevOps Engineer,82807
1676,John Martinez,Product Manager,63167
1677,David Brown,UX Designer,89635
1678,David Johnson,DevOps Engineer,65228
1679,Sophia Smith,UX Designer,52253
1680,Michael Smith,Software Engineer,80202
1681,Emma Clark,Database Administrator,53916
1682,Bob Lewis,Network Engineer,88175
1683,Alice Lewis,Data Analyst,57114
1684,Bob Brown,AI Researcher,72601
1685,Michael Lewis,System Administrator,68669
1686,Olivia Smith,Software Engineer,84267
1687,Olivia Anderson,UX Designer,94156
1688,Olivia Lewis,UX Designer,89296
1689,David Walker,System Administrator,74222
1690,Jane Taylor,DevOps Engineer,85291
1691,Olivia Harris,AI Researcher,53109
1692,Jane Brown,Project Manager,87558
1693,Bob Johnson,Software Engineer,86259
1694,David Clark,Data Analyst,91755
1695,Alice Brown,Data Analyst,54073
1696,Jane Harris,Product Manager,88484
1697,David Johnson,Software Engineer,54603
1698,Michael Martinez,System Administrator,64663
1699,Bob Clark,Project Manager,89710
1700,Charlie Taylor,Product Manager,69164
1701,John Walker,Product Manager,87274
1702,Olivia Martinez,AI Researcher,78523
1703,Charlie Harris,Software Engineer,50978
1704,Michael Taylor,Database Administrator,74014
1705,Charlie Brown,DevOps Engineer,94638
1706,John Smith,AI Researcher,69678
1707,Olivia Taylor,Software Engineer,50994
1708,Michael Clark,Network Engineer,53048
1709,Alice Smith,UX Designer,83738
1710,Bob Taylor,Database Administrator,85898
1711,Emma Walker,Software Engineer,91483
1712,Emma Smith,Product Manager,84631
1713,Alice Harris,Project Manager,90768
1714,Sophia Martinez,UX Designer,57901
1715,John Brown,System Administrator,79981
1716,Bob Taylor,Product Manager,68926
1717,John Anderson,Project Manager,77706
1718,Charlie Lewis,DevOps Engineer,67952
1719,Bob Walker,Data Analyst,88214
1720,Bob Brown,Product Manager,52528
1721,Emma Lewis,Product Manager,81654
1722,David Walker,Product Manager,53069
1723,Michael Walker,AI Researcher,55732
1724,Jane Clark,Product Manager,67557
1725,Sophia Johnson,Network Engineer,92323
1726,Charlie Martinez,Project Manager,55761
1727,Charlie Taylor,Network Engineer,83299
1728,David Anderson,DevOps Engineer,91641
1729,Jane Smith,DevOps Engineer,68873
1730,Olivia Clark,Product Manager,56940
1731,Michael Anderson,Software Engineer,64855
1732,Emma Harris,AI Researcher,58010
1733,Michael Anderson,AI Researcher,91900
1734,Michael Brown,AI Researcher,91704
1735,Michael Lewis,System Administrator,83412
1736,Alice Lewis,DevOps Engineer,56411
1737,John Taylor,UX Designer,70514
1738,Michael Lewis,System Administrator,56475
1739,Michael Walker,Project Manager,99336
1740,Michael Taylor,Product Manager,97673
1741,Emma Martinez,UX Designer,97374
1742,Charlie Smith,DevOps Engineer,59949
1743,Charlie Brown,Data Analyst,99938
1744,Alice Walker,Data Analyst,52996
1745,Olivia Anderson,Software Engineer,93139
1746,Alice Taylor,Project Manager,74583
1747,Jane Harris,Data Analyst,92969
1748,Bob Brown,Data Analyst,59980
1749,John Johnson,AI Researcher,87292
1750,Michael Smith,Data Analyst,92805
1751,David Martinez,Software Engineer,93698
1752,Bob Anderson,Software Engineer,52351
1753,Jane Walker,AI Researcher,71524
1754,Bob Taylor,Project Manager,76686
1755,Bob Walker,AI Researcher,65518
1756,Emma Harris,Project Manager,64201
1757,Jane Clark,Database Administrator,60471
1758,John Taylor,AI Researcher,98839
1759,Michael Smith,Project Manager,91093
1760,David Lewis,AI Researcher,87143
1761,Olivia Brown,Software Engineer,63975
1762,Bob Brown,DevOps Engineer,95262
1763,Olivia Anderson,DevOps Engineer,83370
1764,Jane Johnson,DevOps Engineer,65522
1765,Alice Brown,System Administrator,80685
1766,Olivia Harris,Data Analyst,72664
1767,Alice Walker,Product Manager,76897
1768,Emma Brown,Software Engineer,97059
1769,Alice Harris,Product Manager,74728
1770,Alice Johnson,Project Manager,97395
1771,Alice Anderson,Software Engineer,65127
1772,Sophia Johnson,Project Manager,56001
1773,Michael Harris,Product Manager,55121
1774,Jane Lewis,System Administrator,76508
1775,John Smith,Data Analyst,70089
1776,Olivia Lewis,Software Engineer,92829
1777,Emma Walker,AI Researcher,57501
1778,Bob Martinez,Software Engineer,68004
1779,Sophia Taylor,Network Engineer,79286
1780,John Taylor,UX Designer,66516
1781,John Walker,System Administrator,91378
1782,Sophia Taylor,DevOps Engineer,53435
1783,David Clark,System Administrator,92620
1784,Michael Johnson,Network Engineer,52351
1785,David Clark,Product Manager,79863
1786,Jane Clark,System Administrator,60489
1787,David Taylor,Software Engineer,74059
1788,Olivia Anderson,System Administrator,64482
1789,Michael Martinez,Product Manager,78919
1790,Sophia Harris,Product Manager,75154
1791,Jane Smith,Network Engineer,71214
1792,Charlie Smith,Project Manager,83230
1793,John Smith,System Administrator,72228
1794,Michael Harris,DevOps Engineer,81650
1795,Sophia Clark,Software Engineer,67876
1796,Alice Harris,DevOps Engineer,80472
1797,Bob Smith,AI Researcher,56072
1798,Olivia Lewis,DevOps Engineer,80778
1799,Bob Johnson,System Administrator,56528
1800,John Harris,System Administrator,51112
1801,Emma Brown,Product Manager,84182
1802,David Harris,Data Analyst,60319
1803,Michael Harris,Data Analyst,75540
1804,Emma Harris,Database Administrator,80586
1805,Bob Harris,AI Researcher,59594
1806,Sophia Anderson,Database Administrator,74578
1807,David Brown,Product Manager,95120
1808,Emma Harris,DevOps Engineer,83745
1809,Charlie Taylor,Project Manager,51027
1810,Michael Smith,Software Engineer,65369
1811,Olivia Harris,Project Manager,50852
1812,Alice Taylor,Data Analyst,64246
1813,David Johnson,Software Engineer,79559
1814,Emma Martinez,UX Designer,93777
1815,John Harris,Database Administrator,58281
1816,Jane Taylor,UX Designer,79225
1817,Jane Clark,Project Manager,73458
1818,John Johnson,System Administrator,66740
1819,Sophia Smith,Data Analyst,90492
1820,Charlie Lewis,Network Engineer,96133
1821,Sophia Johnson,Database Administrator,84034
1822,Charlie Taylor,Software Engineer,78347
1823,Michael Taylor,UX Designer,77199
1824,John Taylor,Software Engineer,51569
1825,Jane Walker,Product Manager,76067
1826,David Lewis,Network Engineer,90035
1827,Olivia Brown,DevOps Engineer,97377
1828,David Lewis,UX Designer,93734
1829,Alice Walker,Project Manager,54867
1830,Emma Walker,Data Analyst,92241
1831,John Walker,UX Designer,82652
1832,Bob Walker,Network Engineer,83981
1833,John Johnson,Product Manager,85959
1834,Michael Brown,UX Designer,73433
1835,Charlie Taylor,System Administrator,80861
1836,John Anderson,Database Administrator,83954
1837,Sophia Walker,Database Administrator,68871
1838,Jane Smith,Database Administrator,90831
1839,Bob Johnson,System Administrator,90548
1840,Charlie Smith,Product Manager,97336
1841,Bob Martinez,System Administrator,51823
1842,David Johnson,Data Analyst,83282
1843,David Martinez,AI Researcher,53633
1844,Jane Smith,UX Designer,50229
1845,Olivia Walker,System Administrator,77306
1846,David Walker,Project Manager,64178
1847,Alice Lewis,Data Analyst,82712
1848,Olivia Anderson,Software Engineer,67063
1849,Olivia Anderson,Database Administrator,77296
1850,Charlie Brown,AI Researcher,85496
1851,Bob Walker,Database Administrator,96835
1852,John Taylor,Project Manager,56795
1853,Olivia Harris,Data Analyst,74964
1854,John Taylor,System Administrator,57912
1855,Emma Lewis,Software Engineer,53287
1856,Charlie Clark,AI Researcher,62244
1857,Jane Martinez,System Administrator,57576
1858,Sophia Harris,Data Analyst,79138
1859,Emma Anderson,Data Analyst,93982
1860,Alice Anderson,AI Researcher,64671
1861,John Brown,Database Administrator,88465
1862,Emma Anderson,UX Designer,82746
1863,Charlie Harris,Product Manager,80608
1864,Sophia Smith,System Administrator,50508
1865,Olivia Lewis,Data Analyst,64051
1866,Charlie Lewis,Database Administrator,88113
1867,Olivia Brown,Data Analyst,54021
1868,John Anderson,Data Analyst,58491
1869,David Clark,AI Researcher,51833
1870,Charlie Johnson,DevOps Engineer,88783
1871,David Lewis,System Administrator,86772
1872,Emma Clark,Project Manager,91450
1873,Michael Anderson,System Administrator,94963
1874,Jane Johnson,AI Researcher,62729
1875,John Martinez,Software Engineer,63675
1876,John Smith,Database Administrator,96454
1877,Sophia Taylor,Software Engineer,51299
1878,David Clark,Project Manager,81978
1879,Alice Clark,DevOps Engineer,76196
1880,Charlie Clark,DevOps Engineer,90035
1881,Alice Martinez,Software Engineer,55482
1882,Emma Taylor,AI Researcher,82394
1883,Charlie Johnson,System Administrator,97518
1884,Michael Anderson,AI Researcher,52519
1885,Jane Anderson,DevOps Engineer,81782
1886,Charlie Johnson,Software Engineer,89090
1887,John Taylor,DevOps Engineer,99066
1888,Alice Martinez,Data Analyst,81539
1889,Michael Martinez,Data Analyst,85227
1890,Jane Clark,AI Researcher,71660
1891,David Harris,Project Manager,59656
1892,Alice Walker,System Administrator,50320
1893,Charlie Harris,Product Manager,79588
1894,Emma Harris,Data Analyst,58976
1895,John Clark,Data Analyst,62363
1896,Alice Harris,AI Researcher,61359
1897,Michael Clark,Software Engineer,89593
1898,Alice Lewis,DevOps Engineer,52302
1899,Alice Clark,Database Administrator,90134
1900,Bob Anderson,System Administrator,61428
1901,Jane Johnson,Project Manager,50496
1902,Olivia Harris,Data Analyst,84486
1903,Sophia Harris,UX Designer,91399
1904,Olivia Johnson,DevOps Engineer,70774
1905,David Taylor,System Administrator,99924
1906,Olivia Johnson,AI Researcher,98269
1907,Michael Harris,Project Manager,90136
1908,Sophia Harris,Project Manager,51124
1909,Olivia Brown,Product Manager,77564
1910,Olivia Brown,Data Analyst,75796
1911,Bob Harris,UX Designer,72615
1912,David Anderson,Product Manager,84573
1913,Michael Walker,System Administrator,94489
1914,John Martinez,Project Manager,83638
1915,Alice Walker,Product Manager,56117
1916,Olivia Smith,System Administrator,60637
1917,Jane Walker,AI Researcher,65009
1918,John Anderson,System Administrator,89239
1919,Sophia Walker,UX Designer,96896
1920,Alice Brown,AI Researcher,60419
1921,Charlie Clark,DevOps Engineer,59911
1922,Sophia Martinez,Data Analyst,92760
1923,Jane Brown,Project Manager,57138
1924,Bob Clark,UX Designer,90374
1925,Olivia Harris,AI Researcher,67623
1926,Bob Anderson,Software Engineer,91285
1927,Jane Anderson,Software Engineer,63246
1928,Sophia Smith,Product Manager,90104
1929,John Clark,Network Engineer,85499
1930,Jane Clark,Data Analyst,92009
1931,Michael Smith,DevOps Engineer,89727
1932,Alice Walker,Software Engineer,94021
1933,Michael Taylor,AI Researcher,81850
1934,Alice Lewis,System Administrator,94312
1935,Charlie Smith,Database Administrator,63180
1936,Charlie Anderson,Database Administrator,62527
1937,Jane Johnson,Network Engineer,70118
1938,Michael Harris,Database Administrator,95109
1939,Emma Martinez,Network Engineer,86426
1940,Michael Martinez,Project Manager,86444
1941,John Harris,Software Engineer,59604
1942,Charlie Anderson,Network Engineer,64717
1943,Emma Martinez,Software Engineer,66178
1944,Emma Clark,Data Analyst,91355
1945,John Taylor,AI Researcher,93382
1946,David Johnson,Network Engineer,77277
1947,Michael Walker,System Administrator,91397
1948,Bob Brown,AI Researcher,84553
1949,Michael Harris,Network Engineer,98858
1950,Jane Martinez,Software Engineer,93533
1951,John Harris,AI Researcher,61452
1952,Jane Johnson,AI Researcher,82320
1953,Charlie Brown,System Administrator,73776
1954,Emma Brown,Software Engineer,77142
1955,Jane Harris,AI Researcher,61790
1956,David Clark,Database Administrator,86366
1957,Emma Martinez,Database Administrator,58150
1958,Charlie Johnson,Data Analyst,67282
1959,Emma Anderson,Project Manager,78680
1960,Jane Harris,Data Analyst,52402
1961,Emma Smith,Project Manager,94597
1962,Michael Martinez,Database Administrator,93976
1963,Michael Anderson,Product Manager,71074
1964,Emma Martinez,Product Manager,77239
1965,Olivia Taylor,System Administrator,50183
1966,Olivia Taylor,System Administrator,92030
1967,Olivia Walker,Network Engineer,61545
1968,Alice Clark,System Administrator,54932
1969,Charlie Martinez,System Administrator,66834
1970,Sophia Martinez,Software Engineer,94797
1971,Michael Anderson,System Administrator,62535
1972,Alice Smith,Database Administrator,83597
1973,John Smith,System Administrator,74438
1974,Charlie Brown,System Administrator,74673
1975,Bob Brown,System Administrator,83056
1976,John Taylor,Product Manager,90291
1977,Olivia Harris,Software Engineer,59858
1978,David Anderson,DevOps Engineer,66798
1979,Jane Taylor,Data Analyst,58230
1980,Bob Taylor,Project Manager,94522
1981,Emma Walker,AI Researcher,64958
1982,David Smith,Network Engineer,74839
1983,David Clark,UX Designer,76455
1984,Bob Brown,AI Researcher,88830
1985,Jane Clark,AI Researcher,69053
1986,Alice Clark,System Administrator,54042
1987,Emma Clark,Product Manager,96019
1988,Bob Walker,Network Engineer,58756
1989,Emma Harris,AI Researcher,91084
1990,Charlie Anderson,DevOps Engineer,80320
1991,Charlie Johnson,Network Engineer,82316
1992,Olivia Harris,Software Engineer,72385
1993,Bob Martinez,AI Researcher,79161
1994,John Johnson,Database Administrator,59274
1995,Bob Clark,Software Engineer,53440
1996,Charlie Clark,Network Engineer,80951
1997,Jane Brown,System Administrator,89632
1998,Bob Brown,DevOps Engineer,60098
1999,David Smith,DevOps Engineer,51939
2000,John Martinez,DevOps Engineer,82212
2001,Olivia Martinez,System Administrator,99463
2002,David Walker,System Administrator,76500
2003,Bob Brown,Product Manager,99675
2004,Michael Anderson,Network Engineer,71239
2005,Emma Harris,AI Researcher,62829
2006,John Harris,AI Researcher,67628
2007,David Anderson,Data Analyst,64615
2008,Michael Smith,DevOps Engineer,89008
2009,Charlie Martinez,UX Designer,87679
2010,Jane Harris,DevOps Engineer,50304
2011,Alice Lewis,System Administrator,80848
2012,Olivia Harris,Database Administrator,78943
2013,Charlie Harris,Database Administrator,63500
2014,Bob Taylor,UX Designer,50802
2015,Bob Anderson,Database Administrator,90703
2016,John Anderson,DevOps Engineer,68174
2017,Charlie Taylor,System Administrator,80604
2018,Charlie Lewis,AI Researcher,98511
2019,Olivia Brown,AI Researcher,90417
2020,Alice Smith,AI Researcher,85412
2021,Charlie Anderson,Project Manager,95999
2022,John Anderson,Data Analyst,90070
2023,Emma Anderson,Database Administrator,62771
2024,John Johnson,Product Manager,89746
2025,John Smith,DevOps Engineer,76247
2026,Alice Brown,Software Engineer,63885
2027,Sophia Smith,Software Engineer,56602
2028,David Anderson,Data Analyst,81004
2029,David Clark,Network Engineer,67198
2030,Jane Taylor,Database Administrator,80445
2031,Charlie Harris,DevOps Engineer,86752
2032,Olivia Johnson,UX Designer,57264
2033,John Brown,DevOps Engineer,62236
2034,Jane Johnson,UX Designer,69896
2035,Sophia Walker,System Administrator,77706
2036,Sophia Lewis,Software Engineer,63975
2037,Michael Johnson,Database Administrator,93927
2038,John Martinez,AI Researcher,57962
2039,Emma Harris,UX Designer,66956
2040,Jane Johnson,Project Manager,89233
2041,Sophia Anderson,Network Engineer,56205
2042,Jane Martinez,System Administrator,90401
2043,Jane Smith,DevOps Engineer,83764
2044,Charlie Lewis,Data Analyst,79336
2045,Jane Brown,Project Manager,94165
2046,Olivia Martinez,Database Administrator,90929
2047,John Anderson,UX Designer,76914
2048,David Walker,UX Designer,75096
2049,Michael Taylor,UX Designer,61040
2050,Sophia Taylor,Database Administrator,57092
2051,Olivia Smith,System Administrator,64698
2052,Jane Johnson,System Administrator,95901
2053,Jane Lewis,Network Engineer,60272
2054,Charlie Smith,System Administrator,85417
2055,Sophia Smith,Data Analyst,73161
2056,Sophia Harris,System Administrator,88914
2057,Charlie Anderson,Software Engineer,84429
2058,Alice Walker,Database Administrator,52986
2059,Charlie Martinez,AI Researcher,68994
2060,John Walker,Network Engineer,66310
2061,Michael Walker,AI Researcher,65995
2062,Alice Clark,UX Designer,98554
2063,David Smith,UX Designer,60654
2064,Alice Johnson,DevOps Engineer,93853
2065,John Brown,Network Engineer,70963
2066,Alice Harris,Database Administrator,65751
2067,David Anderson,DevOps Engineer,56074
2068,Bob Anderson,Software Engineer,88049
2069,Olivia Johnson,Database Administrator,83395
2070,Olivia Taylor,DevOps Engineer,78860
2071,Jane Taylor,Product Manager,97643
2072,Jane Harris,System Administrator,65975
2073,Sophia Clark,Network Engineer,85730
2074,Michael Smith,UX Designer,86380
2075,David Clark,Software Engineer,87812
2076,John Lewis,System Administrator,91627
2077,Charlie Clark,Project Manager,83555
2078,Emma Harris,UX Designer,73676
2079,David Martinez,Network Engineer,99851
2080,Emma Brown,System Administrator,62350
2081,Alice Harris,Database Administrator,51170
2082,Charlie Clark,System Administrator,64220
2083,Sophia Lewis,System Administrator,64428
2084,John Clark,Network Engineer,63462
2085,Emma Walker,Database Administrator,87916
2086,Alice Taylor,Database Administrator,63638
2087,Michael Lewis,UX Designer,95734
2088,David Lewis,Product Manager,74751
2089,Michael Johnson,Product Manager,85430
2090,Alice Brown,Database Administrator,92231
2091,Olivia Clark,System Administrator,93733
2092,Charlie Smith,Data Analyst,86633
2093,Emma Taylor,System Administrator,84778
2094,David Walker,Network Engineer,86348
2095,John Taylor,Network Engineer,65940
2096,John Walker,Data Analyst,76489
2097,Michael Lewis,Product Manager,62556
2098,John Johnson,Project Manager,54403
2099,Bob Brown,Network Engineer,97748
2100,Michael Johnson,AI Researcher,51224
2101,Sophia Martinez,Network Engineer,52247
2102,Emma Taylor,Network Engineer,52187
2103,Emma Lewis,Software Engineer,74539
2104,Olivia Lewis,Product Manager,93216
2105,Emma Taylor,Data Analyst,55613
2106,Sophia Taylor,Database Administrator,97604
2107,John Brown,Database Administrator,78278
2108,Charlie Taylor,UX Designer,69736
2109,Charlie Martinez,Software Engineer,71936
2110,Michael Harris,Database Administrator,84230
2111,Bob Brown,AI Researcher,62360
2112,John Anderson,Data Analyst,85476
2113,Olivia Lewis,DevOps Engineer,51628
2114,Sophia Lewis,DevOps Engineer,93489
2115,Michael Clark,Product Manager,69860
2116,Olivia Clark,AI Researcher,99303
2117,John Anderson,DevOps Engineer,77005
2118,Jane Anderson,Product Manager,59588
2119,Michael Johnson,Database Administrator,82102
2120,David Martinez,System Administrator,79630
2121,Olivia Lewis,Software Engineer,77355
2122,Jane Brown,Database Administrator,71338
2123,Emma Walker,AI Researcher,85360
2124,Charlie Anderson,System Administrator,50369
2125,John Harris,Data Analyst,83980
2126,David Harris,Network Engineer,71374
2127,Michael Walker,Database Administrator,64146
2128,Sophia Harris,Database Administrator,67516
2129,Jane Taylor,Project Manager,91078
2130,Jane Walker,Project Manager,88655
2131,Alice Smith,Database Administrator,55951
2132,Olivia Martinez,Software Engineer,59167
2133,Olivia Johnson,System Administrator,63585
2134,Michael Harris,Network Engineer,64184
2135,John Smith,Database Administrator,81144
2136,Bob Brown,Network Engineer,63787
2137,Bob Johnson,Project Manager,72420
2138,Olivia Lewis,AI Researcher,65693
2139,David Smith,DevOps Engineer,50939
2140,John Harris,UX Designer,95459
2141,Alice Martinez,Software Engineer,81365
2142,Charlie Anderson,Software Engineer,93692
2143,Sophia Martinez,UX Designer,73510
2144,Olivia Smith,Project Manager,74989
2145,Michael Lewis,Product Manager,87510
2146,Alice Walker,Product Manager,89150
2147,Sophia Anderson,Project Manager,69870
2148,Jane Anderson,Project Manager,50376
2149,Michael Harris,Product Manager,93624
2150,Sophia Anderson,Product Manager,62084
2151,David Anderson,DevOps Engineer,67883
2152,John Johnson,System Administrator,74015
2153,Bob Taylor,Network Engineer,92835
2154,Charlie Taylor,DevOps Engineer,55372
2155,Jane Harris,AI Researcher,71471
2156,Olivia Johnson,Network Engineer,81636
2157,Charlie Clark,Project Manager,75943
2158,Sophia Harris,DevOps Engineer,65987
2159,Emma Brown,AI Researcher,72798
2160,Sophia Clark,DevOps Engineer,86294
2161,David Harris,DevOps Engineer,73763
2162,John Walker,Network Engineer,66449
2163,John Anderson,AI Researcher,77196
2164,Alice Johnson,System Administrator,59740
2165,Jane Smith,AI Researcher,68628
2166,Jane Martinez,Product Manager,85340
2167,Jane Clark,DevOps Engineer,66125
2168,Michael Taylor,DevOps Engineer,92962
2169,Charlie Lewis,Data Analyst,56648
2170,Michael Harris,Software Engineer,65807
2171,Bob Brown,Project Manager,70898
2172,Olivia Brown,Network Engineer,54152
2173,John Clark,UX Designer,61729
2174,Charlie Martinez,Product Manager,62667
2175,Alice Martinez,Database Administrator,76017
2176,John Smith,UX Designer,65566
2177,Alice Brown,Data Analyst,80001
2178,Alice Lewis,Software Engineer,89487
2179,David Lewis,AI Researcher,83591
2180,Charlie Lewis,DevOps Engineer,69267
2181,Bob Lewis,Product Manager,65586
2182,Emma Walker,System Administrator,89591
2183,Jane Martinez,Project Manager,53629
2184,David Walker,Product Manager,51453
2185,Michael Clark,Database Administrator,98550
2186,John Brown,System Administrator,79033
2187,Bob Brown,Product Manager,85952
2188,John Lewis,System Administrator,77350
2189,Olivia Walker,Software Engineer,89555
2190,John Anderson,System Administrator,61634
2191,Jane Martinez,Network Engineer,80041
2192,Bob Walker,Network Engineer,53482
2193,Olivia Harris,UX Designer,81265
2194,David Taylor,Product Manager,75159
2195,Michael Taylor,Data Analyst,71717
2196,Bob Anderson,Network Engineer,97774
2197,Michael Walker,Product Manager,87649
2198,Olivia Brown,Database Administrator,83288
2199,Michael Lewis,Software Engineer,80052
2200,Emma Taylor,Product Manager,51131
2201,Olivia Johnson,Data Analyst,79471
2202,Jane Anderson,Project Manager,82328
2203,Olivia Taylor,DevOps Engineer,90707
2204,Jane Brown,Data Analyst,63918
2205,Michael Johnson,System Administrator,99578
2206,Olivia Brown,Product Manager,83244
2207,Jane Brown,Network Engineer,73687
2208,Michael Taylor,AI Researcher,93826
2209,Alice Martinez,Project Manager,88922
2210,Olivia Brown,UX Designer,61805
2211,David Smith,Software Engineer,65744
2212,Charlie Lewis,Network Engineer,99177
2213,Michael Johnson,AI Researcher,52884
2214,David Walker,DevOps Engineer,91500
2215,Bob Taylor,Product Manager,69463
2216,Alice Lewis,Data Analyst,94957
2217,Sophia Smith,Project Manager,81967
2218,John Anderson,System Administrator,66533
2219,Bob Anderson,Software Engineer,87115
2220,Charlie Walker,Project Manager,55018
2221,Michael Anderson,UX Designer,88384
2222,Olivia Brown,DevOps Engineer,58041
2223,Jane Taylor,Database Administrator,94173
2224,Emma Taylor,Software Engineer,70230
2225,Jane Smith,Network Engineer,65075
2226,John Martinez,UX Designer,80068
2227,Michael Johnson,Product Manager,66511
2228,Jane Taylor,Software Engineer,74459
2229,Michael Martinez,Database Administrator,93212
2230,Bob Lewis,System Administrator,96180
2231,David Martinez,Project Manager,71434
2232,John Martinez,Software Engineer,67396
2233,David Taylor,System Administrator,52962
2234,John Taylor,Software Engineer,88047
2235,Jane Harris,UX Designer,55716
2236,Sophia Taylor,Database Administrator,91989
2237,David Anderson,System Administrator,86256
2238,David Anderson,Data Analyst,73277
2239,Bob Johnson,AI Researcher,90245
2240,Charlie Taylor,Software Engineer,86811
2241,Sophia Smith,Product Manager,84355
2242,Sophia Clark,Project Manager,78116
2243,Bob Taylor,AI Researcher,52681
2244,Michael Anderson,Data Analyst,81008
2245,Michael Anderson,DevOps Engineer,91411
2246,David Walker,Project Manager,51721
2247,Michael Anderson,Project Manager,93211
2248,Sophia Walker,Product Manager,68983
2249,Charlie Martinez,Project Manager,88079
2250,Sophia Harris,Database Administrator,75888
2251,Emma Lewis,DevOps Engineer,57228
2252,Emma Taylor,Software Engineer,72618
2253,Alice Harris,Product Manager,88814
2254,Sophia Johnson,Data Analyst,60993
2255,Bob Taylor,System Administrator,61780
2256,Bob Harris,System Administrator,97352
2257,John Martinez,Network Engineer,81476
2258,John Anderson,Network Engineer,81458
2259,David Walker,Data Analyst,69963
2260,Sophia Walker,AI Researcher,52129
2261,Charlie Lewis,Network Engineer,81801
2262,Sophia Clark,UX Designer,54878
2263,Bob Clark,Database Administrator,58348
2264,Alice Taylor,AI Researcher,86647
2265,Charlie Martinez,Software Engineer,94738
2266,Michael Smith,Project Manager,79148
2267,Sophia Harris,Product Manager,53601
2268,Sophia Harris,Data Analyst,93208
2269,Jane Lewis,Database Administrator,82542
2270,Jane Anderson,Product Manager,55580
2271,Olivia Harris,AI Researcher,83970
2272,Charlie Clark,Database Administrator,96981
2273,Emma Lewis,Project Manager,61281
2274,Bob Smith,Product Manager,57117
2275,Sophia Brown,Network Engineer,84009
2276,Bob Taylor,Data Analyst,54645
2277,Alice Harris,Product Manager,66900
2278,David Smith,Network Engineer,58566
2279,Olivia Taylor,System Administrator,59237
2280,Olivia Walker,Software Engineer,82325
2281,Jane Walker,Software Engineer,96833
2282,Sophia Lewis,DevOps Engineer,81599
2283,Bob Walker,DevOps Engineer,98557
2284,Bob Brown,Data Analyst,50784
2285,Bob Smith,Software Engineer,87476
2286,David Smith,Network Engineer,80122
2287,David Brown,Data Analyst,63772
2288,Charlie Johnson,DevOps Engineer,58916
2289,Emma Anderson,Network Engineer,53855
2290,Michael Clark,DevOps Engineer,53092
2291,John Martinez,UX Designer,80686
2292,Alice Walker,Database Administrator,95047
2293,Michael Walker,Software Engineer,97759
2294,David Anderson,Data Analyst,93537
2295,Emma Walker,DevOps Engineer,89584
2296,Bob Anderson,Product Manager,61547
2297,Emma Anderson,Software Engineer,86786
2298,Olivia Brown,System Administrator,54393
2299,Emma Harris,Project Manager,60396
2300,Emma Lewis,DevOps Engineer,57818
2301,Charlie Johnson,Data Analyst,80978
2302,Bob Clark,UX Designer,65000
2303,David Lewis,AI Researcher,97237
2304,Jane Johnson,Project Manager,90689
2305,Sophia Walker,DevOps Engineer,89113
2306,David Johnson,Network Engineer,86383
2307,Charlie Brown,Network Engineer,67228
2308,Alice Brown,AI Researcher,71846
2309,Bob Lewis,Product Manager,83062
2310,John Martinez,UX Designer,61827
2311,David Martinez,System Administrator,54483
2312,David Taylor,DevOps Engineer,67293
2313,Jane Martinez,Database Administrator,81968
2314,Alice Smith,UX Designer,96835
2315,Jane Smith,Database Administrator,60789
2316,Michael Johnson,DevOps Engineer,55490
2317,David Anderson,DevOps Engineer,79382
2318,Alice Smith,Network Engineer,54588
2319,Michael Johnson,AI Researcher,74214
2320,Jane Johnson,System Administrator,74934
2321,Olivia Martinez,UX Designer,87359
2322,Sophia Martinez,Product Manager,99300
2323,Alice Harris,AI Researcher,83556
2324,Jane Martinez,System Administrator,52083
2325,Olivia Smith,System Administrator,64218
2326,Charlie Clark,Product Manager,97384
2327,Sophia Brown,Software Engineer,79064
2328,John Brown,Product Manager,65424
2329,John Johnson,Project Manager,93605
2330,Michael Walker,Database Administrator,81509
2331,Charlie Smith,DevOps Engineer,99331
2332,Alice Anderson,System Administrator,65048
2333,David Harris,Project Manager,57707
2334,Alice Harris,Data Analyst,64808
2335,Sophia Lewis,Project Manager,74637
2336,David Lewis,Product Manager,77369
2337,Michael Anderson,AI Researcher,67030
2338,Jane Johnson,Network Engineer,55042
2339,David Brown,Product Manager,73774
2340,Sophia Brown,Database Administrator,66121
2341,John Brown,DevOps Engineer,79711
2342,Jane Clark,DevOps Engineer,70564
2343,David Taylor,Product Manager,95897
2344,Charlie Anderson,AI Researcher,68198
2345,Jane Walker,Network Engineer,75650
2346,Jane Walker,System Administrator,74718
2347,John Anderson,Data Analyst,99880
2348,John Lewis,AI Researcher,73734
2349,Sophia Brown,Network Engineer,53963
2350,Bob Clark,Project Manager,91570
2351,David Martinez,Software Engineer,56365
2352,Jane Taylor,Data Analyst,52135
2353,John Taylor,AI Researcher,96311
2354,Charlie Johnson,UX Designer,80658
2355,David Smith,UX Designer,67844
2356,Jane Harris,Software Engineer,82407
2357,David Lewis,UX Designer,97739
2358,David Johnson,AI Researcher,87709
2359,Bob Walker,Network Engineer,98392
2360,Emma Harris,Network Engineer,71447
2361,Alice Johnson,Network Engineer,76835
2362,Bob Martinez,UX Designer,57762
2363,Bob Smith,AI Researcher,86865
2364,Michael Taylor,AI Researcher,97190
2365,Sophia Taylor,Product Manager,94109
2366,Emma Walker,Product Manager,66582
2367,John Martinez,Project Manager,68325
2368,Sophia Brown,Network Engineer,85222
2369,Emma Clark,UX Designer,54914
2370,John Harris,AI Researcher,57368
2371,Olivia Johnson,System Administrator,51335
2372,Jane Brown,Project Manager,91217
2373,Emma Brown,Project Manager,69511
2374,Charlie Clark,Product Manager,88094
2375,Olivia Clark,UX Designer,89265
2376,John Taylor,Data Analyst,67039
2377,Michael Brown,Software Engineer,71501
2378,Olivia Clark,Database Administrator,52613
2379,Charlie Johnson,UX Designer,83376
2380,Emma Anderson,Data Analyst,79925
2381,Olivia Johnson,Product Manager,63204
2382,David Brown,AI Researcher,95442
2383,Sophia Johnson,Project Manager,80807
2384,David Brown,DevOps Engineer,88761
2385,Jane Harris,Network Engineer,72356
2386,Charlie Lewis,System Administrator,65279
2387,Alice Lewis,Project Manager,76749
2388,Emma Anderson,Database Administrator,71866
2389,Jane Taylor,UX Designer,85741
2390,Olivia Lewis,UX Designer,51048
2391,Sophia Johnson,Data Analyst,85677
2392,Bob Brown,System Administrator,50412
2393,Olivia Walker,AI Researcher,66894
2394,Jane Johnson,Data Analyst,72854
2395,Emma Walker,Software Engineer,82221
2396,Michael Johnson,System Administrator,52485
2397,David Lewis,System Administrator,82128
2398,John Anderson,AI Researcher,65191
2399,Emma Johnson,Database Administrator,96849
2400,Jane Harris,AI Researcher,58996
2401,Michael Clark,Data Analyst,56583
2402,Alice Walker,AI Researcher,62660
2403,David Clark,System Administrator,75707
2404,John Taylor,System Administrator,65405
2405,Emma Martinez,UX Designer,56098
2406,Jane Clark,DevOps Engineer,63266
2407,Bob Clark,Project Manager,65953
2408,Jane Taylor,Data Analyst,62683
2409,Olivia Brown,Product Manager,95044
2410,Jane Anderson,Project Manager,53403
2411,Emma Smith,UX Designer,99260
2412,Olivia Martinez,Software Engineer,83666
2413,Jane Lewis,Database Administrator,89772
2414,Sophia Taylor,Software Engineer,62060
2415,John Lewis,Software Engineer,93584
2416,Michael Brown,Database Administrator,96739
2417,John Clark,AI Researcher,61894
2418,John Taylor,AI Researcher,82397
2419,Jane Martinez,DevOps Engineer,81336
2420,Olivia Brown,AI Researcher,62175
2421,Bob Anderson,UX Designer,67439
2422,Michael Johnson,Software Engineer,77666
2423,David Harris,DevOps Engineer,95074
2424,Michael Taylor,System Administrator,68530
2425,David Anderson,System Administrator,77611
2426,Emma Martinez,Software Engineer,78801
2427,Emma Brown,Network Engineer,92719
2428,David Anderson,Network Engineer,61519
2429,Olivia Harris,Network Engineer,73815
2430,Emma Smith,Data Analyst,67977
2431,Bob Martinez,Software Engineer,63279
2432,Michael Clark,DevOps Engineer,57774
2433,Jane Clark,Project Manager,60023
2434,Bob Harris,Data Analyst,90928
2435,Charlie Brown,AI Researcher,94509
2436,Sophia Martinez,Data Analyst,72762
2437,Olivia Smith,Data Analyst,61522
2438,Jane Walker,AI Researcher,56853
2439,John Smith,UX Designer,51038
2440,Alice Martinez,Database Administrator,77954
2441,Olivia Anderson,Database Administrator,97421
2442,Emma Johnson,AI Researcher,79781
2443,John Martinez,Database Administrator,64773
2444,Michael Smith,System Administrator,90334
2445,Michael Anderson,Product Manager,61658
2446,John Taylor,Network Engineer,98654
2447,Bob Walker,Database Administrator,93633
2448,Sophia Johnson,System Administrator,71575
2449,Alice Martinez,Project Manager,74908
2450,Olivia Clark,System Administrator,92246
2451,Bob Harris,Network Engineer,80070
2452,John Johnson,Data Analyst,67297
2453,Charlie Taylor,System Administrator,67078
2454,Jane Lewis,AI Researcher,96538
2455,Charlie Brown,Network Engineer,70714
2456,David Brown,Network Engineer,53808
2457,Bob Clark,AI Researcher,74359
2458,Sophia Clark,Project Manager,69115
2459,John Lewis,Project Manager,91913
2460,Bob Johnson,Data Analyst,60588
2461,Jane Martinez,Data Analyst,86657
2462,Olivia Johnson,AI Researcher,61147
2463,Alice Clark,Database Administrator,51253
2464,Alice Brown,Software Engineer,62058
2465,Sophia Smith,UX Designer,64825
2466,Michael Anderson,Project Manager,51377
2467,Olivia Clark,Database Administrator,56930
2468,Jane Taylor,Software Engineer,57457
2469,Charlie Smith,DevOps Engineer,53679
2470,John Brown,Project Manager,76536
2471,Sophia Brown,UX Designer,77944
2472,Michael Brown,Project Manager,85314
2473,Sophia Harris,Software Engineer,97946
2474,David Walker,AI Researcher,93428
2475,Charlie Johnson,Product Manager,59664
2476,Michael Clark,Product Manager,82573
2477,David Anderson,Product Manager,95906
2478,Olivia Martinez,Product Manager,80899
2479,Michael Johnson,Product Manager,78820
2480,Jane Brown,Database Administrator,68039
2481,Sophia Clark,Data Analyst,99606
2482,Sophia Smith,Product Manager,93147
2483,John Martinez,AI Researcher,57645
2484,John Smith,Network Engineer,61926
2485,Alice Martinez,Project Manager,74863
2486,Alice Brown,Project Manager,54542
2487,Alice Brown,DevOps Engineer,86944
2488,Bob Harris,UX Designer,93836
2489,John Martinez,AI Researcher,51493
2490,Michael Lewis,Product Manager,63794
2491,Emma Martinez,Database Administrator,78421
2492,Olivia Walker,System Administrator,73199
2493,Michael Johnson,UX Designer,62413
2494,Jane Taylor,UX Designer,88947
2495,Charlie Harris,Network Engineer,52403
2496,Michael Walker,Network Engineer,62250
2497,John Harris,Software Engineer,68920
2498,Sophia Taylor,UX Designer,90194
2499,Sophia Martinez,Project Manager,79560
2500,Olivia Johnson,AI Researcher,52935
2501,Michael Walker,AI Researcher,73745
2502,Emma Johnson,UX Designer,87483
2503,Sophia Clark,Software Engineer,60069
2504,John Walker,Software Engineer,67449
2505,Michael Taylor,DevOps Engineer,65026
2506,Olivia Taylor,System Administrator,90705
2507,David Johnson,Project Manager,88511
2508,Alice Walker,Network Engineer,75072
2509,David Martinez,Software Engineer,69047
2510,David Brown,Database Administrator,69310
2511,Charlie Taylor,Data Analyst,95476
2512,David Taylor,Database Administrator,51439
2513,Charlie Lewis,UX Designer,51948
2514,Charlie Brown,AI Researcher,78594
2515,Bob Taylor,Product Manager,68229
2516,Michael Harris,Database Administrator,88577
2517,Alice Harris,Network Engineer,52299
2518,John Johnson,Product Manager,64235
2519,Alice Brown,Data Analyst,94354
2520,David Johnson,Data Analyst,64966
2521,Bob Taylor,Network Engineer,50484
2522,Alice Martinez,Network Engineer,75708
2523,Olivia Taylor,DevOps Engineer,81265
2524,Sophia Johnson,Data Analyst,79945
2525,Michael Taylor,Project Manager,63150
2526,David Taylor,Software Engineer,97954
2527,Michael Anderson,DevOps Engineer,56587
2528,Sophia Martinez,Data Analyst,75041
2529,Sophia Martinez,Data Analyst,96012
2530,Alice Brown,Data Analyst,97627
2531,Bob Clark,System Administrator,57520
2532,Alice Harris,Product Manager,79699
2533,Alice Walker,System Administrator,82213
2534,Michael Martinez,Network Engineer,88037
2535,Sophia Anderson,Database Administrator,96130
2536,Bob Brown,DevOps Engineer,52253
2537,Olivia Walker,Product Manager,52900
2538,Jane Taylor,Software Engineer,72531
2539,Michael Harris,UX Designer,76756
2540,Jane Lewis,System Administrator,55349
2541,Charlie Lewis,Database Administrator,88740
2542,Jane Smith,Network Engineer,88423
2543,Charlie Smith,Data Analyst,84426
2544,Emma Lewis,Network Engineer,69819
2545,Bob Martinez,Database Administrator,93790
2546,Jane Lewis,Database Administrator,85039
2547,Michael Smith,Software Engineer,88486
2548,Jane Anderson,Software Engineer,73964
2549,Jane Harris,Database Administrator,50323
2550,John Harris,DevOps Engineer,79545
2551,Charlie Smith,Network Engineer,69316
2552,Emma Harris,Data Analyst,76606
2553,John Smith,DevOps Engineer,96650
2554,Emma Taylor,AI Researcher,61871
2555,Jane Johnson,UX Designer,68702
2556,Alice Anderson,Network Engineer,56993
2557,Sophia Taylor,Database Administrator,61473
2558,Alice Harris,DevOps Engineer,69756
2559,Jane Anderson,Network Engineer,85136
2560,Emma Anderson,Data Analyst,81893
2561,Bob Brown,UX Designer,63709
2562,Charlie Johnson,AI Researcher,65073
2563,Emma Walker,Data Analyst,54705
2564,David Johnson,Project Manager,70997
2565,David Johnson,UX Designer,89822
2566,Sophia Johnson,Software Engineer,98201
2567,Charlie Harris,Software Engineer,88289
2568,Emma Johnson,Product Manager,51313
2569,Sophia Taylor,Data Analyst,97676
2570,Alice Brown,System Administrator,51467
2571,Michael Lewis,Product Manager,85354
2572,Charlie Martinez,DevOps Engineer,66441
2573,Alice Lewis,Network Engineer,71198
2574,Emma Lewis,Product Manager,93176
2575,David Martinez,DevOps Engineer,67731
2576,Olivia Lewis,DevOps Engineer,55231
2577,Jane Harris,Network Engineer,97507
2578,John Clark,Data Analyst,58273
2579,Alice Martinez,Software Engineer,60117
2580,Alice Brown,UX Designer,58191
2581,John Harris,Network Engineer,86739
2582,Jane Lewis,AI Researcher,65644
2583,Jane Taylor,Project Manager,87920
2584,Emma Clark,Software Engineer,91094
2585,Charlie Johnson,Project Manager,57990
2586,Jane Martinez,System Administrator,89840
2587,Bob Harris,Project Manager,57057
2588,Emma Walker,Database Administrator,92468
2589,John Johnson,Network Engineer,55166
2590,Bob Martinez,Network Engineer,52442
2591,John Smith,Data Analyst,71772
2592,David Taylor,DevOps Engineer,95424
2593,Jane Taylor,Project Manager,79568
2594,Bob Walker,Data Analyst,64264
2595,Michael Martinez,DevOps Engineer,71909
2596,John Martinez,Software Engineer,83407
2597,Michael Smith,Product Manager,81498
2598,Michael Harris,Project Manager,57420
2599,Olivia Harris,DevOps Engineer,97495
2600,Charlie Taylor,System Administrator,57694
2601,Michael Clark,Network Engineer,66856
2602,Jane Harris,Database Administrator,77410
2603,Michael Harris,Database Administrator,91689
2604,Emma Smith,Project Manager,60483
2605,Michael Clark,Project Manager,65131
2606,Sophia Brown,Data Analyst,66699
2607,David Clark,AI Researcher,70317
2608,David Harris,Network Engineer,62227
2609,John Clark,Project Manager,86237
2610,Bob Brown,Project Manager,73312
2611,David Harris,Software Engineer,70796
2612,Emma Martinez,AI Researcher,61131
2613,Jane Brown,System Administrator,64351
2614,Sophia Anderson,AI Researcher,83949
2615,David Harris,Project Manager,97603
2616,Charlie Walker,UX Designer,62186
2617,David Martinez,Network Engineer,59827
2618,Sophia Lewis,UX Designer,91292
2619,John Clark,DevOps Engineer,93962
2620,Emma Martinez,Data Analyst,52836
2621,John Brown,Database Administrator,76018
2622,Michael Taylor,Software Engineer,61879
2623,Charlie Johnson,DevOps Engineer,58655
2624,Jane Clark,Data Analyst,97890
2625,John Lewis,Project Manager,72014
2626,Jane Clark,Product Manager,91548
2627,Jane Harris,Product Manager,52166
2628,Michael Clark,AI Researcher,59719
2629,Emma Martinez,UX Designer,56583
2630,Michael Walker,UX Designer,68872
2631,Jane Brown,UX Designer,65108
2632,Michael Smith,UX Designer,53017
2633,Charlie Smith,Network Engineer,55384
2634,David Smith,Database Administrator,76063
2635,Jane Smith,System Administrator,76318
2636,Charlie Lewis,DevOps Engineer,59293
2637,Charlie Martinez,Product Manager,54770
2638,Bob Martinez,System Administrator,86697
2639,Bob Martinez,AI Researcher,81109
2640,Olivia Johnson,AI Researcher,90042
2641,Charlie Walker,Data Analyst,79910
2642,David Anderson,Software Engineer,60080
2643,John Lewis,Product Manager,68802
2644,David Walker,Software Engineer,61611
2645,Sophia Smith,Product Manager,57697
2646,Bob Smith,Data Analyst,52687
2647,David Harris,Project Manager,81786
2648,Charlie Lewis,System Administrator,79347
2649,Charlie Taylor,UX Designer,75030
2650,Bob Lewis,Data Analyst,76106
2651,Sophia Walker,Project Manager,70683
2652,Charlie Martinez,UX Designer,93491
2653,Emma Smith,Database Administrator,57965
2654,John Johnson,UX Designer,79503
2655,Charlie Johnson,Product Manager,64513
2656,Emma Walker,Product Manager,57574
2657,Jane Brown,DevOps Engineer,82889
2658,Bob Harris,Network Engineer,59872
2659,Charlie Martinez,Network Engineer,89583
2660,Olivia Harris,Database Administrator,61622
2661,Alice Clark,UX Designer,84172
2662,Charlie Taylor,Database Administrator,72839
2663,Jane Anderson,Project Manager,86845
2664,Jane Lewis,Data Analyst,55255
2665,Charlie Brown,UX Designer,63070
2666,Jane Martinez,Project Manager,78129
2667,Olivia Taylor,DevOps Engineer,59706
2668,David Martinez,DevOps Engineer,98661
2669,Emma Martinez,System Administrator,52411
2670,David Anderson,AI Researcher,86030
2671,Bob Harris,AI Researcher,96769
2672,Emma Harris,Project Manager,65276
2673,Alice Anderson,Product Manager,94784
2674,Olivia Smith,Project Manager,51198
2675,Sophia Clark,System Administrator,53251
2676,Alice Johnson,Project Manager,91703
2677,Alice Martinez,DevOps Engineer,99790
2678,David Clark,Database Administrator,91197
2679,Charlie Walker,Software Engineer,87313
2680,David Lewis,UX Designer,96926
2681,Emma Lewis,UX Designer,92158
2682,Jane Taylor,Network Engineer,63856
2683,Charlie Clark,System Administrator,77464
2684,Sophia Lewis,Network Engineer,53035
2685,Olivia Walker,Product Manager,92420
2686,Bob Johnson,Data Analyst,87297
2687,Michael Walker,Network Engineer,62073
2688,David Martinez,Data Analyst,57967
2689,Sophia Brown,System Administrator,89078
2690,David Brown,Software Engineer,70974
2691,John Martinez,Project Manager,97471
2692,Emma Anderson,Network Engineer,63985
2693,Bob Clark,Database Administrator,52647
2694,John Martinez,Software Engineer,68904
2695,Michael Walker,Data Analyst,80907
2696,Charlie Harris,Database Administrator,85106
2697,Michael Harris,System Administrator,94128
2698,Alice Lewis,System Administrator,63595
2699,John Harris,System Administrator,79657
2700,Alice Lewis,Data Analyst,70325
2701,Bob Johnson,Network Engineer,79345
2702,Alice Harris,DevOps Engineer,97002
2703,Michael Johnson,Database Administrator,95627
2704,Charlie Smith,AI Researcher,67582
2705,John Lewis,Database Administrator,67378
2706,Charlie Taylor,Project Manager,79763
2707,Olivia Smith,Database Administrator,70136
2708,Olivia Harris,Product Manager,97295
2709,Sophia Martinez,Data Analyst,63039
2710,Michael Johnson,DevOps Engineer,58403
2711,Jane Clark,UX Designer,73976
2712,Alice Anderson,Project Manager,81943
2713,Alice Martinez,UX Designer,98689
2714,Alice Brown,Network Engineer,85087
2715,Bob Lewis,Software Engineer,58855
2716,Sophia Walker,System Administrator,82469
2717,Alice Anderson,Project Manager,59208
2718,Alice Martinez,AI Researcher,87680
2719,Michael Johnson,AI Researcher,92705
2720,Michael Brown,AI Researcher,64152
2721,David Taylor,Software Engineer,57845
2722,Bob Lewis,UX Designer,57359
2723,Charlie Walker,Project Manager,63683
2724,Michael Smith,System Administrator,52642
2725,Michael Lewis,AI Researcher,75012
2726,Emma Smith,AI Researcher,76531
2727,Bob Martinez,Data Analyst,87515
2728,Sophia Taylor,DevOps Engineer,95185
2729,Alice Anderson,System Administrator,71808
2730,Sophia Johnson,Database Administrator,90914
2731,Sophia Harris,Project Manager,90848
2732,Michael Johnson,Database Administrator,84866
2733,Charlie Taylor,Product Manager,71191
2734,Olivia Taylor,AI Researcher,89844
2735,David Johnson,Network Engineer,74418
2736,Olivia Brown,Data Analyst,96046
2737,Emma Anderson,Software Engineer,85411
2738,David Anderson,UX Designer,95736
2739,Michael Brown,Network Engineer,71154
2740,Sophia Johnson,Data Analyst,95189
2741,John Clark,DevOps Engineer,92498
2742,David Clark,Product Manager,72703
2743,Emma Martinez,DevOps Engineer,51257
2744,John Harris,Database Administrator,52575
2745,Alice Johnson,UX Designer,93356
2746,Emma Johnson,Product Manager,57002
2747,David Martinez,Product Manager,66745
2748,Jane Clark,UX Designer,61571
2749,Bob Martinez,Product Manager,69103
2750,Bob Brown,Product Manager,88493
2751,Jane Anderson,System Administrator,50841
2752,John Smith,AI Researcher,70591
2753,John Walker,UX Designer,96368
2754,John Anderson,Software Engineer,98687
2755,Olivia Anderson,UX Designer,90850
2756,Michael Harris,DevOps Engineer,62883
2757,Charlie Martinez,UX Designer,88424
2758,David Taylor,AI Researcher,79350
2759,Olivia Smith,System Administrator,83544
2760,Emma Anderson,UX Designer,86405
2761,Sophia Taylor,Software Engineer,87936
2762,Sophia Johnson,System Administrator,66886
2763,Alice Taylor,Project Manager,57367
2764,John Taylor,Database Administrator,91582
2765,Michael Lewis,Network Engineer,86733
2766,Olivia Brown,Network Engineer,70501
2767,Bob Clark,Network Engineer,69915
2768,Emma Walker,Network Engineer,79775
2769,Sophia Martinez,Software Engineer,93129
2770,Jane Anderson,Project Manager,76522
2771,Jane Smith,System Administrator,87648
2772,Olivia Clark,DevOps Engineer,58079
2773,Michael Clark,Database Administrator,64690
2774,Jane Taylor,Software Engineer,56252
2775,John Taylor,Software Engineer,74360
2776,Jane Anderson,Database Administrator,81745
2777,Olivia Martinez,Product Manager,50783
2778,Michael Brown,Network Engineer,71951
2779,Charlie Harris,Product Manager,62202
2780,Sophia Martinez,System Administrator,59482
2781,David Brown,Network Engineer,57559
2782,Jane Brown,AI Researcher,63577
2783,Jane Lewis,Software Engineer,73026
2784,Jane Brown,DevOps Engineer,67508
2785,Olivia Walker,Database Administrator,66371
2786,Charlie Johnson,Software Engineer,97457
2787,Alice Clark,Software Engineer,51707
2788,Charlie Martinez,System Administrator,95828
2789,John Martinez,Network Engineer,50232
2790,David Johnson,Database Administrator,57836
2791,Olivia Martinez,Network Engineer,72758
2792,Charlie Lewis,UX Designer,96461
2793,Charlie Martinez,AI Researcher,98944
2794,Jane Lewis,Product Manager,78152
2795,Sophia Lewis,Data Analyst,77845
2796,Bob Lewis,System Administrator,85579
2797,Sophia Clark,System Administrator,53953
2798,Sophia Walker,Database Administrator,59807
2799,Charlie Smith,Software Engineer,51463
2800,Emma Anderson,Database Administrator,90781
2801,Sophia Lewis,Software Engineer,50145
2802,Sophia Lewis,Network Engineer,89861
2803,Michael Brown,Data Analyst,92935
2804,Emma Taylor,Network Engineer,75136
2805,Olivia Smith,Database Administrator,77849
2806,Emma Anderson,Network Engineer,82749
2807,Sophia Martinez,System Administrator,53044
2808,Alice Johnson,AI Researcher,79793
2809,Olivia Anderson,Software Engineer,98921
2810,Michael Harris,Data Analyst,54507
2811,John Clark,System Administrator,65004
2812,Emma Harris,DevOps Engineer,97595
2813,Charlie Brown,UX Designer,86545
2814,Charlie Walker,Product Manager,97063
2815,Emma Anderson,AI Researcher,72342
2816,Charlie Brown,System Administrator,79373
2817,Olivia Martinez,Project Manager,83666
2818,Sophia Johnson,Project Manager,67492
2819,John Walker,Project Manager,97939
2820,Charlie Brown,UX Designer,97616
2821,Olivia Johnson,Data Analyst,56110
2822,Charlie Martinez,Network Engineer,70805
2823,Emma Clark,Product Manager,91147
2824,Sophia Lewis,Network Engineer,66216
2825,John Martinez,AI Researcher,66102
2826,Michael Clark,System Administrator,95968
2827,Jane Martinez,DevOps Engineer,65189
2828,Emma Clark,Software Engineer,96254
2829,Charlie Walker,System Administrator,69569
2830,Michael Clark,Data Analyst,56384
2831,Bob Walker,System Administrator,92615
2832,Michael Lewis,Database Administrator,76661
2833,Jane Smith,UX Designer,77474
2834,Charlie Walker,Product Manager,76504
2835,John Johnson,UX Designer,85547
2836,Jane Johnson,Software Engineer,77692
2837,Michael Smith,Data Analyst,85145
2838,Alice Smith,UX Designer,78715
2839,John Smith,Data Analyst,69759
2840,Jane Taylor,Project Manager,98075
2841,Jane Taylor,Network Engineer,99969
2842,David Brown,System Administrator,77858
2843,Emma Clark,Network Engineer,93872
2844,Charlie Taylor,DevOps Engineer,60130
2845,Bob Clark,System Administrator,84782
2846,Olivia Brown,Project Manager,75352
2847,Olivia Harris,Product Manager,80945
2848,Emma Brown,Data Analyst,84784
2849,Sophia Brown,Data Analyst,54877
2850,Charlie Martinez,Project Manager,63124
2851,John Johnson,Database Administrator,56206
2852,Bob Harris,Project Manager,94394
2853,John Anderson,System Administrator,67490
2854,David Harris,Database Administrator,88085
2855,Sophia Martinez,Product Manager,65755
2856,Sophia Johnson,Data Analyst,56087
2857,John Clark,UX Designer,79459
2858,Bob Walker,Data Analyst,66996
2859,Olivia Clark,Data Analyst,99621
2860,Emma Harris,DevOps Engineer,81579
2861,Olivia Taylor,Software Engineer,54362
2862,David Taylor,Data Analyst,69314
2863,John Johnson,Product Manager,76464
2864,Alice Clark,UX Designer,82791
2865,Olivia Lewis,DevOps Engineer,57061
2866,Alice Lewis,Data Analyst,63107
2867,Jane Martinez,Network Engineer,51557
2868,Sophia Clark,Network Engineer,68423
2869,Olivia Lewis,Product Manager,84929
2870,John Smith,Product Manager,54985
2871,Olivia Johnson,System Administrator,75680
2872,Sophia Walker,System Administrator,98837
2873,John Martinez,Product Manager,92930
2874,Olivia Walker,UX Designer,74385
2875,Bob Martinez,DevOps Engineer,59008
2876,Emma Walker,System Administrator,51230
2877,Bob Martinez,Data Analyst,75175
2878,John Smith,System Administrator,77905
2879,Olivia Johnson,System Administrator,80999
2880,John Martinez,DevOps Engineer,88660
2881,Olivia Taylor,Database Administrator,95582
2882,Alice Taylor,Data Analyst,54874
2883,Jane Harris,Project Manager,86982
2884,Bob Martinez,DevOps Engineer,52892
2885,Michael Johnson,Project Manager,88996
2886,Sophia Taylor,Data Analyst,84809
2887,Sophia Taylor,Project Manager,51420
2888,Olivia Brown,Product Manager,78724
2889,David Brown,Network Engineer,66673
2890,Emma Taylor,Database Administrator,95986
2891,Alice Brown,System Administrator,93305
2892,John Lewis,Product Manager,60782
2893,Jane Smith,Data Analyst,52718
2894,Olivia Smith,DevOps Engineer,62427
2895,Michael Martinez,UX Designer,82379
2896,John Martinez,AI Researcher,84998
2897,Emma Harris,Software Engineer,87123
2898,David Lewis,Database Administrator,82109
2899,John Johnson,UX Designer,85024
2900,John Harris,DevOps Engineer,74941
2901,Sophia Brown,DevOps Engineer,98160
2902,Michael Anderson,Product Manager,80089
2903,Sophia Martinez,DevOps Engineer,68141
2904,Alice Martinez,Database Administrator,99506
2905,Bob Johnson,Database Administrator,83828
2906,Sophia Brown,Database Administrator,89252
2907,Charlie Lewis,Project Manager,83729
2908,John Clark,Network Engineer,61336
2909,Sophia Martinez,Data Analyst,52246
2910,Emma Harris,Project Manager,91321
2911,Bob Clark,AI Researcher,91412
2912,John Walker,DevOps Engineer,64212
2913,Sophia Taylor,AI Researcher,67041
2914,John Harris,UX Designer,86544
2915,Charlie Martinez,Data Analyst,52686
2916,Michael Walker,Network Engineer,74719
2917,Alice Taylor,Product Manager,86580
2918,David Clark,AI Researcher,79899
2919,Jane Smith,Database Administrator,98907
2920,John Harris,DevOps Engineer,99099
2921,Charlie Harris,UX Designer,51845
2922,Jane Walker,Software Engineer,80758
2923,Sophia Brown,Network Engineer,58490
2924,David Martinez,Product Manager,86539
2925,Olivia Johnson,UX Designer,87959
2926,Michael Harris,UX Designer,52090
2927,Alice Lewis,UX Designer,66939
2928,Bob Martinez,System Administrator,93155
2929,Sophia Anderson,Data Analyst,72376
2930,Michael Harris,UX Designer,69514
2931,Olivia Walker,DevOps Engineer,53813
2932,Alice Harris,Data Analyst,73166
2933,John Clark,Network Engineer,73741
2934,John Walker,System Administrator,83833
2935,John Walker,Data Analyst,90171
2936,Alice Lewis,UX Designer,64669
2937,Michael Harris,UX Designer,63849
2938,Sophia Harris,DevOps Engineer,90986
2939,Olivia Harris,Data Analyst,69096
2940,Olivia Smith,DevOps Engineer,96376
2941,Charlie Clark,Software Engineer,68874
2942,David Johnson,DevOps Engineer,53625
2943,Emma Johnson,AI Researcher,73168
2944,Sophia Harris,DevOps Engineer,87943
2945,Michael Anderson,Database Administrator,85039
2946,John Brown,Database Administrator,54391
2947,Alice Walker,Database Administrator,82324
2948,Jane Clark,Product Manager,66235
2949,Jane Martinez,DevOps Engineer,83556
2950,Alice Clark,Product Manager,93148
2951,Emma Harris,System Administrator,50940
2952,Olivia Harris,Data Analyst,98588
2953,Alice Anderson,AI Researcher,92257
2954,Bob Johnson,AI Researcher,78595
2955,Jane Harris,Database Administrator,66338
2956,John Smith,Database Administrator,96251
2957,Michael Taylor,Database Administrator,61873
2958,John Smith,AI Researcher,77084
2959,Olivia Taylor,Product Manager,56470
2960,Michael Lewis,Product Manager,80358
2961,Sophia Clark,Database Administrator,57277
2962,David Johnson,Database Administrator,99885
2963,Sophia Martinez,DevOps Engineer,60746
2964,Alice Clark,Data Analyst,50220
2965,Jane Anderson,Product Manager,69456
2966,Jane Walker,Product Manager,95791
2967,Olivia Anderson,Data Analyst,85824
2968,John Walker,DevOps Engineer,91064
2969,Charlie Johnson,Data Analyst,64678
2970,Emma Johnson,DevOps Engineer,87866
2971,Jane Walker,Product Manager,84156
2972,Jane Taylor,DevOps Engineer,94145
2973,David Clark,Network Engineer,95121
2974,Alice Brown,DevOps Engineer,52054
2975,David Walker,DevOps Engineer,69565
2976,Bob Clark,Project Manager,50216
2977,Olivia Anderson,Database Administrator,84513
2978,Sophia Lewis,Product Manager,82825
2979,Michael Johnson,Data Analyst,52410
2980,Sophia Martinez,DevOps Engineer,95643
2981,Alice Anderson,UX Designer,78736
2982,Bob Harris,Data Analyst,65100
2983,John Harris,Data Analyst,82442
2984,Jane Johnson,Software Engineer,78556
2985,John Harris,Data Analyst,74400
2986,Bob Lewis,Database Administrator,66816
2987,John Harris,Network Engineer,61562
2988,John Taylor,UX Designer,56333
2989,Sophia Lewis,DevOps Engineer,91458
2990,Emma Harris,AI Researcher,83593
2991,Jane Walker,UX Designer,68674
2992,Michael Taylor,DevOps Engineer,71415
2993,Michael Walker,System Administrator,97655
2994,John Harris,Project Manager,78317
2995,Jane Anderson,UX Designer,52424
2996,Michael Harris,Software Engineer,83611
2997,Michael Anderson,Data Analyst,66600
2998,Emma Johnson,Data Analyst,74480
2999,Michael Anderson,System Administrator,68320
3000,Charlie Taylor,AI Researcher,73957
3001,Olivia Walker,Database Administrator,58026
3002,Jane Clark,Network Engineer,85000
3003,Emma Harris,Product Manager,80570
3004,Bob Johnson,AI Researcher,72096
3005,Emma Smith,Product Manager,64273
3006,Jane Lewis,DevOps Engineer,80137
3007,David Brown,AI Researcher,61546
3008,David Smith,DevOps Engineer,68153
3009,Sophia Harris,Product Manager,59788
3010,Olivia Anderson,AI Researcher,94278
3011,David Smith,Product Manager,60917
3012,Bob Taylor,AI Researcher,68671
3013,Emma Clark,Software Engineer,86659
3014,Alice Anderson,DevOps Engineer,79247
3015,David Walker,Data Analyst,65160
3016,Sophia Smith,System Administrator,58145
3017,Sophia Taylor,Network Engineer,54216
3018,Michael Lewis,Database Administrator,68469
3019,John Lewis,Product Manager,52658
3020,Alice Martinez,UX Designer,54195
3021,Olivia Brown,System Administrator,86348
3022,Sophia Clark,DevOps Engineer,91589
3023,Jane Clark,AI Researcher,90066
3024,Michael Harris,AI Researcher,87129
3025,David Lewis,Database Administrator,97439
3026,Michael Harris,Database Administrator,62632
3027,Emma Lewis,DevOps Engineer,50166
3028,Alice Brown,Database Administrator,57611
3029,Emma Clark,Product Manager,88118
3030,Charlie Smith,Database Administrator,51655
3031,Alice Harris,Project Manager,88174
3032,Charlie Brown,System Administrator,67730
3033,Emma Taylor,Product Manager,51672
3034,Bob Johnson,Software Engineer,82119
3035,Olivia Smith,DevOps Engineer,82851
3036,Jane Walker,Network Engineer,53021
3037,Charlie Anderson,Database Administrator,50274
3038,Bob Anderson,System Administrator,76181
3039,Olivia Anderson,Data Analyst,98631
3040,Bob Anderson,Database Administrator,96210
3041,Charlie Lewis,DevOps Engineer,73412
3042,David Clark,Database Administrator,53500
3043,Emma Smith,Software Engineer,89595
3044,David Brown,Network Engineer,89160
3045,Alice Walker,Product Manager,98731
3046,Charlie Walker,UX Designer,76100
3047,Emma Harris,Project Manager,67209
3048,Emma Clark,Database Administrator,94152
3049,Sophia Taylor,Data Analyst,81029
3050,Jane Martinez,Software Engineer,50109
3051,Michael Martinez,AI Researcher,98639
3052,Jane Anderson,Software Engineer,61129
3053,John Lewis,Software Engineer,85553
3054,Emma Brown,Database Administrator,86813
3055,David Lewis,UX Designer,59209
3056,Olivia Martinez,Project Manager,95581
3057,John Walker,System Administrator,73305
3058,John Smith,AI Researcher,55354
3059,John Clark,Software Engineer,83244
3060,Bob Smith,Database Administrator,83146
3061,David Smith,Product Manager,57435
3062,David Johnson,System Administrator,52185
3063,Olivia Smith,Database Administrator,69932
3064,Sophia Walker,Database Administrator,89468
3065,Sophia Anderson,Network Engineer,98293
3066,Charlie Johnson,Database Administrator,71354
3067,David Brown,AI Researcher,93699
3068,Alice Harris,Product Manager,57034
3069,Bob Taylor,Product Manager,67258
3070,Michael Harris,UX Designer,80359
3071,Jane Brown,System Administrator,50760
3072,David Clark,Product Manager,64664
3073,Charlie Harris,UX Designer,67294
3074,Michael Clark,Data Analyst,78143
3075,Emma Clark,System Administrator,65118
3076,Jane Martinez,DevOps Engineer,53341
3077,Sophia Martinez,Software Engineer,67658
3078,Sophia Anderson,System Administrator,66081
3079,Charlie Walker,Database Administrator,89802
3080,Olivia Lewis,Product Manager,56715
3081,John Clark,Database Administrator,69175
3082,David Smith,System Administrator,78890
3083,Emma Clark,Network Engineer,95773
3084,Emma Taylor,Database Administrator,52193
3085,Sophia Anderson,Data Analyst,75589
3086,Charlie Harris,Database Administrator,74361
3087,John Clark,Database Administrator,69749
3088,John Clark,Network Engineer,97115
3089,Michael Martinez,Project Manager,85601
3090,David Martinez,System Administrator,98001
3091,John Brown,DevOps Engineer,97714
3092,John Harris,Database Administrator,64176
3093,Alice Walker,Data Analyst,53796
3094,Michael Lewis,DevOps Engineer,91841
3095,Charlie Martinez,System Administrator,80306
3096,Sophia Smith,Software Engineer,70238
3097,Michael Walker,Network Engineer,82195
3098,Sophia Johnson,System Administrator,94323
3099,Jane Johnson,Software Engineer,62132
3100,John Johnson,Network Engineer,73757
3101,John Smith,AI Researcher,74882
3102,Bob Harris,Database Administrator,63886
3103,Olivia Brown,Software Engineer,61320
3104,Alice Harris,Network Engineer,73898
3105,Charlie Taylor,Software Engineer,78531
3106,Olivia Taylor,AI Researcher,55132
3107,Alice Lewis,Project Manager,93511
3108,Emma Taylor,System Administrator,51127
3109,Charlie Taylor,System Administrator,99980
3110,Charlie Lewis,System Administrator,77306
3111,Michael Brown,Data Analyst,53982
3112,David Brown,Data Analyst,77102
3113,Olivia Harris,System Administrator,62646
3114,Michael Smith,Database Administrator,70341
3115,John Walker,UX Designer,95712
3116,Michael Lewis,DevOps Engineer,72596
3117,Alice Anderson,System Administrator,90014
3118,Michael Johnson,Project Manager,98569
3119,Jane Martinez,Product Manager,53649
3120,Alice Taylor,Project Manager,81426
3121,Jane Martinez,Data Analyst,84384
3122,Michael Brown,DevOps Engineer,90963
3123,Alice Johnson,Data Analyst,55952
3124,Charlie Smith,DevOps Engineer,82686
3125,Sophia Walker,Network Engineer,71094
3126,Sophia Lewis,Software Engineer,52976
3127,John Lewis,AI Researcher,64908
3128,David Brown,Database Administrator,71476
3129,John Johnson,DevOps Engineer,56057
3130,Alice Lewis,System Administrator,80614
3131,David Smith,Project Manager,92323
3132,Emma Clark,Network Engineer,54303
3133,Alice Martinez,Data Analyst,87165
3134,Charlie Clark,Data Analyst,91916
3135,Charlie Clark,Project Manager,52479
3136,Michael Lewis,Project Manager,64286
3137,David Anderson,Software Engineer,59847
3138,Emma Martinez,DevOps Engineer,57070
3139,David Anderson,Database Administrator,71288
3140,Charlie Brown,Network Engineer,88295
3141,John Johnson,Software Engineer,77700
3142,Charlie Anderson,Software Engineer,56866
3143,Emma Harris,Product Manager,59464
3144,Bob Harris,DevOps Engineer,73392
3145,Michael Johnson,Network Engineer,62514
3146,Alice Harris,AI Researcher,86155
3147,Jane Martinez,AI Researcher,82934
3148,Charlie Harris,Software Engineer,57576
3149,Charlie Walker,AI Researcher,51965
3150,Sophia Johnson,Software Engineer,87299
3151,Olivia Johnson,Network Engineer,80720
3152,Emma Anderson,DevOps Engineer,78838
3153,Charlie Smith,Data Analyst,96155
3154,Michael Brown,Project Manager,59891
3155,Bob Johnson,Network Engineer,69896
3156,Jane Walker,AI Researcher,99964
3157,Sophia Anderson,System Administrator,76707
3158,Bob Johnson,Network Engineer,63719
3159,Emma Harris,Project Manager,66384
3160,Bob Martinez,UX Designer,69974
3161,Sophia Brown,System Administrator,99761
3162,Michael Martinez,AI Researcher,64171
3163,Charlie Anderson,Software Engineer,67533
3164,Michael Walker,DevOps Engineer,96263
3165,John Anderson,DevOps Engineer,59217
3166,Jane Johnson,Software Engineer,56212
3167,Emma Taylor,Database Administrator,71228
3168,Sophia Lewis,AI Researcher,91878
3169,Michael Smith,DevOps Engineer,51229
3170,Emma Lewis,DevOps Engineer,71403
3171,Charlie Harris,Network Engineer,97785
3172,Olivia Harris,UX Designer,69163
3173,Emma Harris,UX Designer,50831
3174,Charlie Johnson,Software Engineer,93018
3175,Alice Martinez,Data Analyst,71361
3176,Sophia Clark,Software Engineer,92457
3177,David Brown,Data Analyst,76474
3178,Alice Lewis,Network Engineer,81975
3179,Alice Lewis,Software Engineer,92868
3180,David Clark,Data Analyst,67394
3181,Michael Smith,Network Engineer,67889
3182,Emma Johnson,Project Manager,93916
3183,John Brown,Project Manager,86060
3184,David Taylor,Database Administrator,82492
3185,Jane Taylor,Product Manager,73392
3186,David Anderson,Network Engineer,62780
3187,Olivia Lewis,System Administrator,94764
3188,Bob Clark,Network Engineer,91587
3189,Alice Walker,System Administrator,85434
3190,David Smith,Product Manager,64349
3191,Charlie Smith,Database Administrator,51849
3192,Michael Brown,UX Designer,99859
3193,Sophia Harris,AI Researcher,66420
3194,Sophia Johnson,Software Engineer,90380
3195,John Anderson,UX Designer,93847
3196,Jane Brown,Data Analyst,91487
3197,Bob Lewis,AI Researcher,64681
3198,David Smith,Product Manager,69442
3199,Jane Johnson,Product Manager,79605
3200,Charlie Anderson,System Administrator,88977
3201,John Walker,Software Engineer,75957
3202,Olivia Martinez,Project Manager,76120
3203,Michael Harris,DevOps Engineer,89794
3204,Charlie Lewis,Database Administrator,72289
3205,Jane Johnson,Software Engineer,99719
3206,Bob Lewis,System Administrator,66461
3207,Jane Martinez,Product Manager,97622
3208,Olivia Walker,Database Administrator,63549
3209,Bob Anderson,System Administrator,74173
3210,Olivia Taylor,UX Designer,73773
3211,John Johnson,UX Designer,76536
3212,Emma Anderson,Product Manager,94415
3213,Olivia Brown,Data Analyst,79377
3214,Alice Clark,Product Manager,91582
3215,Jane Clark,UX Designer,97486
3216,John Clark,UX Designer,81032
3217,Bob Smith,Software Engineer,90587
3218,Sophia Clark,Product Manager,87753
3219,Sophia Johnson,Software Engineer,99504
3220,David Harris,Database Administrator,67306
3221,Jane Smith,Database Administrator,81126
3222,Emma Clark,UX Designer,64384
3223,Jane Johnson,System Administrator,81020
3224,Bob Walker,Data Analyst,74780
3225,Sophia Smith,UX Designer,63322
3226,Charlie Martinez,Product Manager,95249
3227,John Brown,Software Engineer,79907
3228,Sophia Johnson,Software Engineer,73871
3229,Charlie Johnson,Product Manager,54557
3230,Alice Johnson,DevOps Engineer,94356
3231,Michael Taylor,UX Designer,60038
3232,Sophia Martinez,Project Manager,67734
3233,Michael Anderson,Database Administrator,99439
3234,Emma Taylor,Database Administrator,68924
3235,Charlie Anderson,Network Engineer,99699
3236,Charlie Smith,UX Designer,76142
3237,John Martinez,Network Engineer,58980
3238,Emma Walker,Project Manager,66730
3239,Charlie Taylor,Product Manager,57165
3240,Charlie Brown,Network Engineer,86790
3241,Olivia Taylor,System Administrator,96046
3242,Alice Johnson,System Administrator,76339
3243,Emma Johnson,Project Manager,62884
3244,Charlie Johnson,System Administrator,82988
3245,Olivia Harris,System Administrator,94101
3246,Alice Martinez,DevOps Engineer,80336
3247,John Taylor,Product Manager,90869
3248,Charlie Taylor,AI Researcher,80786
3249,Bob Clark,Software Engineer,80975
3250,David Harris,System Administrator,91545
3251,Sophia Harris,Product Manager,79120
3252,Sophia Clark,Database Administrator,56034
3253,Emma Harris,Product Manager,99927
3254,Emma Martinez,System Administrator,62468
3255,Olivia Martinez,AI Researcher,80154
3256,Sophia Walker,Database Administrator,61293
3257,Jane Martinez,Data Analyst,94460
3258,Jane Smith,Product Manager,71795
3259,Jane Brown,Product Manager,80646
3260,Bob Martinez,Project Manager,67142
3261,Olivia Martinez,Project Manager,62547
3262,Michael Martinez,AI Researcher,50873
3263,Alice Harris,Product Manager,92778
3264,Bob Johnson,AI Researcher,80728
3265,David Clark,Database Administrator,53150
3266,Michael Lewis,Network Engineer,55727
3267,Olivia Johnson,Data Analyst,65006
3268,Alice Harris,Network Engineer,88294
3269,Charlie Brown,UX Designer,98438
3270,Alice Smith,DevOps Engineer,99273
3271,Alice Harris,Database Administrator,57317
3272,Emma Martinez,AI Researcher,71641
3273,Emma Anderson,Network Engineer,71449
3274,Emma Clark,AI Researcher,60364
3275,Sophia Anderson,Software Engineer,92017
3276,Charlie Walker,Database Administrator,95835
3277,Emma Clark,UX Designer,72547
3278,John Lewis,System Administrator,97676
3279,John Taylor,UX Designer,52467
3280,Olivia Smith,DevOps Engineer,79150
3281,John Martinez,Project Manager,86078
3282,Bob Lewis,Network Engineer,65888
3283,Alice Johnson,Data Analyst,50708
3284,Jane Martinez,Product Manager,94322
3285,Emma Clark,Project Manager,51898
3286,Michael Lewis,AI Researcher,90649
3287,Bob Anderson,Product Manager,85776
3288,Charlie Johnson,Network Engineer,51047
3289,John Brown,Project Manager,50763
3290,Bob Smith,DevOps Engineer,67828
3291,Michael Clark,DevOps Engineer,52623
3292,Jane Walker,Network Engineer,82638
3293,John Clark,UX Designer,54580
3294,Alice Johnson,Software Engineer,51070
3295,John Anderson,DevOps Engineer,77522
3296,Alice Johnson,Project Manager,96648
3297,John Taylor,UX Designer,96964
3298,Michael Martinez,DevOps Engineer,72829
3299,Charlie Anderson,Data Analyst,82288
3300,Emma Taylor,DevOps Engineer,74600
3301,John Smith,UX Designer,65656
3302,John Brown,DevOps Engineer,73934
3303,Michael Taylor,Network Engineer,89842
3304,Olivia Johnson,UX Designer,53305
3305,David Clark,System Administrator,73997
3306,John Lewis,DevOps Engineer,59524
3307,Jane Clark,AI Researcher,64732
3308,Jane Anderson,Project Manager,61832
3309,Olivia Smith,Product Manager,55450
3310,John Lewis,Software Engineer,94246
3311,Charlie Lewis,System Administrator,71463
3312,Bob Martinez,Data Analyst,96079
3313,Michael Anderson,Network Engineer,92426
3314,Jane Brown,Network Engineer,85296
3315,Michael Martinez,System Administrator,71592
3316,John Taylor,DevOps Engineer,83451
3317,David Clark,Product Manager,85662
3318,Charlie Johnson,UX Designer,74969
3319,David Clark,UX Designer,96521
3320,Bob Harris,Data Analyst,71365
3321,Emma Harris,UX Designer,68938
3322,Charlie Taylor,Data Analyst,93037
3323,Bob Johnson,AI Researcher,90759
3324,Alice Lewis,Data Analyst,54298
3325,Charlie Taylor,DevOps Engineer,74855
3326,Charlie Anderson,System Administrator,81858
3327,Bob Smith,Software Engineer,63170
3328,Bob Harris,UX Designer,88778
3329,John Martinez,Software Engineer,83781
3330,Emma Harris,Project Manager,82403
3331,Charlie Lewis,AI Researcher,56703
3332,John Harris,DevOps Engineer,62786
3333,Bob Lewis,Data Analyst,79671
3334,Michael Smith,Data Analyst,80647
3335,Olivia Smith,System Administrator,71173
3336,Michael Martinez,Data Analyst,99798
3337,Jane Taylor,UX Designer,80396
3338,Jane Clark,Data Analyst,58965
3339,Emma Harris,Project Manager,69955
3340,Charlie Taylor,System Administrator,51701
3341,Charlie Smith,System Administrator,59827
3342,Bob Walker,DevOps Engineer,59521
3343,Sophia Taylor,DevOps Engineer,80194
3344,Bob Clark,Software Engineer,56760
3345,Michael Smith,AI Researcher,68305
3346,Alice Martinez,Software Engineer,54846
3347,Alice Brown,Database Administrator,94658
3348,Olivia Walker,Network Engineer,77914
3349,Emma Martinez,Product Manager,56530
3350,Jane Anderson,Product Manager,61144
3351,Emma Smith,Network Engineer,54060
3352,John Anderson,Database Administrator,51627
3353,John Lewis,Database Administrator,55399
3354,Sophia Lewis,AI Researcher,66769
3355,Alice Brown,Network Engineer,55767
3356,Charlie Martinez,Software Engineer,80642
3357,David Martinez,Project Manager,54666
3358,Sophia Taylor,AI Researcher,67870
3359,Charlie Brown,Data Analyst,54335
3360,Olivia Johnson,AI Researcher,92086
3361,John Harris,Database Administrator,96275
3362,Bob Brown,Product Manager,81879
3363,John Smith,AI Researcher,60845
3364,Bob Smith,Network Engineer,53032
3365,Alice Johnson,Software Engineer,73529
3366,Jane Martinez,Software Engineer,50010
3367,Charlie Clark,Data Analyst,66357
3368,Charlie Lewis,Software Engineer,81837
3369,Jane Smith,System Administrator,97876
3370,Alice Anderson,Database Administrator,93085
3371,Olivia Brown,Data Analyst,71474
3372,Emma Lewis,Software Engineer,88585
3373,Bob Walker,Database Administrator,69215
3374,Emma Brown,Software Engineer,73092
3375,David Taylor,Database Administrator,50191
3376,Emma Brown,DevOps Engineer,85910
3377,Charlie Brown,Project Manager,81881
3378,Sophia Smith,UX Designer,67270
3379,Charlie Lewis,Software Engineer,89984
3380,Olivia Martinez,System Administrator,73896
3381,Olivia Clark,UX Designer,94642
3382,Alice Smith,UX Designer,71653
3383,Michael Taylor,Data Analyst,98446
3384,Charlie Brown,Database Administrator,52459
3385,Sophia Johnson,Product Manager,57901
3386,Michael Walker,System Administrator,56520
3387,John Johnson,Project Manager,73694
3388,Emma Clark,DevOps Engineer,87658
3389,Bob Harris,Product Manager,58447
3390,Sophia Martinez,DevOps Engineer,91347
3391,Charlie Taylor,Project Manager,50395
3392,Jane Anderson,Database Administrator,60302
3393,Bob Anderson,Data Analyst,87118
3394,Bob Taylor,System Administrator,68032
3395,Jane Walker,Project Manager,58665
3396,Bob Johnson,AI Researcher,84356
3397,John Lewis,Database Administrator,62421
3398,Jane Brown,Software Engineer,56878
3399,Emma Clark,System Administrator,60680
3400,John Martinez,Project Manager,98528
3401,Alice Johnson,DevOps Engineer,50927
3402,John Smith,UX Designer,80522
3403,John Harris,DevOps Engineer,94674
3404,Michael Lewis,Network Engineer,92335
3405,David Martinez,Data Analyst,88999
3406,Emma Walker,UX Designer,98946
3407,David Johnson,Data Analyst,91711
3408,Bob Smith,AI Researcher,86946
3409,Sophia Martinez,DevOps Engineer,78642
3410,Bob Walker,UX Designer,91430
3411,Sophia Harris,AI Researcher,96681
3412,Sophia Lewis,Software Engineer,72168
3413,Jane Martinez,Product Manager,73093
3414,Charlie Martinez,UX Designer,94220
3415,Michael Clark,System Administrator,76933
3416,Charlie Brown,DevOps Engineer,50716
3417,Michael Smith,UX Designer,98780
3418,Emma Smith,UX Designer,53618
3419,Olivia Johnson,Project Manager,81946
3420,Emma Taylor,Product Manager,80083
3421,Bob Brown,Product Manager,51897
3422,Sophia Clark,Database Administrator,67820
3423,John Martinez,Project Manager,70618
3424,Olivia Brown,Network Engineer,95108
3425,Charlie Clark,Database Administrator,75018
3426,Jane Anderson,AI Researcher,90560
3427,Michael Brown,UX Designer,86416
3428,Emma Martinez,DevOps Engineer,82395
3429,John Harris,AI Researcher,65311
3430,Jane Smith,Network Engineer,71638
3431,Michael Lewis,Software Engineer,83606
3432,Olivia Clark,Product Manager,93745
3433,Sophia Lewis,UX Designer,71537
3434,Emma Johnson,Project Manager,94038
3435,David Martinez,DevOps Engineer,98168
3436,David Martinez,Database Administrator,80796
3437,Jane Taylor,Network Engineer,55250
3438,Emma Brown,DevOps Engineer,55353
3439,David Brown,Database Administrator,59066
3440,John Smith,Network Engineer,76983
3441,Sophia Lewis,Network Engineer,68125
3442,Sophia Brown,AI Researcher,66608
3443,David Harris,AI Researcher,85226
3444,Michael Lewis,Software Engineer,51460
3445,John Brown,DevOps Engineer,72580
3446,Olivia Harris,Software Engineer,79595
3447,Emma Walker,Data Analyst,71425
3448,Sophia Johnson,Data Analyst,87266
3449,Sophia Lewis,Project Manager,65179
3450,John Harris,Software Engineer,61701
3451,David Walker,System Administrator,66028
3452,Jane Anderson,UX Designer,76393
3453,Michael Johnson,System Administrator,60820
3454,Sophia Johnson,Data Analyst,56697
3455,Charlie Clark,Software Engineer,83901
3456,Michael Walker,UX Designer,81118
3457,John Smith,UX Designer,81453
3458,Emma Taylor,Database Administrator,90575
3459,Charlie Lewis,System Administrator,57979
3460,Olivia Johnson,Project Manager,75797
3461,Bob Brown,Database Administrator,56778
3462,Michael Lewis,AI Researcher,54501
3463,Bob Harris,DevOps Engineer,67607
3464,John Johnson,Product Manager,85320
3465,Jane Brown,Database Administrator,82416
3466,Bob Harris,Database Administrator,98996
3467,Jane Taylor,Database Administrator,75636
3468,John Lewis,DevOps Engineer,82695
3469,John Clark,UX Designer,62163
3470,David Anderson,Network Engineer,99855
3471,Michael Johnson,System Administrator,59469
3472,Bob Harris,Product Manager,88108
3473,Jane Smith,Data Analyst,54857
3474,John Anderson,AI Researcher,85190
3475,David Johnson,System Administrator,94190
3476,John Walker,Product Manager,81357
3477,Sophia Harris,Data Analyst,71625
3478,Sophia Smith,UX Designer,98646
3479,Alice Anderson,Project Manager,94502
3480,Jane Taylor,System Administrator,77571
3481,Olivia Brown,DevOps Engineer,86489
3482,Olivia Lewis,Project Manager,94511
3483,Sophia Smith,Project Manager,68379
3484,David Clark,Software Engineer,56582
3485,Bob Smith,Data Analyst,95058
3486,Emma Harris,System Administrator,55544
3487,John Taylor,System Administrator,74600
3488,Alice Harris,System Administrator,55765
3489,Emma Clark,DevOps Engineer,98806
3490,Jane Johnson,Product Manager,89083
3491,Michael Anderson,Project Manager,73703
3492,Sophia Walker,Database Administrator,75401
3493,Emma Clark,Project Manager,88648
3494,Olivia Martinez,Product Manager,75387
3495,Alice Smith,Product Manager,66303
3496,Charlie Lewis,UX Designer,94220
3497,Alice Martinez,System Administrator,87243
3498,Alice Lewis,System Administrator,66259
3499,David Martinez,System Administrator,77459
3500,Charlie Walker,Data Analyst,88918
3501,Michael Clark,System Administrator,76687
3502,Emma Walker,Project Manager,99140
3503,Bob Clark,Network Engineer,89758
3504,Bob Smith,Product Manager,52369
3505,Bob Smith,AI Researcher,99487
3506,Olivia Lewis,DevOps Engineer,96249
3507,Sophia Martinez,UX Designer,94880
3508,John Anderson,Data Analyst,82871
3509,Emma Lewis,Software Engineer,64711
3510,Jane Brown,DevOps Engineer,99435
3511,David Taylor,Project Manager,61053
3512,Sophia Harris,Project Manager,74579
3513,Emma Taylor,Database Administrator,71082
3514,Jane Walker,Product Manager,82970
3515,Alice Clark,Network Engineer,56504
3516,David Walker,Project Manager,82050
3517,Emma Martinez,Database Administrator,60821
3518,Alice Brown,UX Designer,97875
3519,Sophia Lewis,Project Manager,72270
3520,Alice Clark,Database Administrator,94286
3521,Charlie Lewis,DevOps Engineer,99198
3522,Charlie Smith,AI Researcher,62669
3523,Jane Johnson,Network Engineer,57136
3524,Bob Johnson,Software Engineer,90620
3525,Charlie Brown,Data Analyst,54624
3526,Sophia Harris,Software Engineer,80299
3527,John Martinez,Project Manager,91194
3528,John Martinez,AI Researcher,98139
3529,John Anderson,Project Manager,88791
3530,Emma Lewis,UX Designer,95560
3531,Charlie Martinez,Database Administrator,75351
3532,Alice Taylor,Network Engineer,59595
3533,Olivia Harris,DevOps Engineer,50856
3534,Michael Johnson,Data Analyst,86137
3535,Bob Walker,Product Manager,63835
3536,Jane Martinez,Project Manager,99562
3537,John Smith,Software Engineer,62515
3538,Jane Johnson,AI Researcher,84728
3539,Michael Johnson,System Administrator,81571
3540,Charlie Lewis,Product Manager,54135
3541,John Anderson,AI Researcher,95525
3542,Olivia Smith,Network Engineer,64310
3543,Bob Johnson,Data Analyst,58720
3544,Olivia Taylor,Product Manager,60699
3545,Olivia Smith,Project Manager,74442
3546,Jane Anderson,Project Manager,91571
3547,Sophia Walker,Network Engineer,78307
3548,Bob Martinez,Project Manager,58484
3549,Jane Lewis,Data Analyst,84633
3550,John Anderson,Product Manager,63726
3551,Bob Lewis,Project Manager,54695
3552,Charlie Brown,DevOps Engineer,61000
3553,Emma Smith,Software Engineer,99125
3554,John Walker,UX Designer,63384
3555,Michael Lewis,Product Manager,82462
3556,Bob Smith,Data Analyst,58626
3557,John Harris,DevOps Engineer,89830
3558,David Anderson,DevOps Engineer,89121
3559,Charlie Brown,System Administrator,79791
3560,Olivia Walker,System Administrator,60677
3561,Alice Walker,UX Designer,53565
3562,Charlie Brown,Product Manager,87693
3563,Olivia Lewis,System Administrator,83990
3564,Sophia Harris,Project Manager,77694
3565,Charlie Johnson,Project Manager,95733
3566,Emma Walker,Network Engineer,94993
3567,Charlie Anderson,Product Manager,71500
3568,Emma Smith,UX Designer,64305
3569,David Clark,AI Researcher,78239
3570,Emma Smith,UX Designer,97131
3571,Charlie Clark,Network Engineer,67540
3572,Olivia Harris,Database Administrator,58886
3573,Olivia Walker,AI Researcher,59978
3574,Bob Martinez,Project Manager,70483
3575,Alice Lewis,Network Engineer,82323
3576,Emma Smith,Project Manager,51394
3577,Sophia Martinez,UX Designer,63805
3578,Bob Anderson,Data Analyst,78957
3579,John Walker,UX Designer,80231
3580,Alice Harris,System Administrator,68547
3581,David Harris,Project Manager,81450
3582,John Clark,Product Manager,83252
3583,Alice Harris,UX Designer,62525
3584,Olivia Harris,Project Manager,72203
3585,Sophia Brown,UX Designer,90387
3586,Jane Lewis,System Administrator,53725
3587,Michael Anderson,Network Engineer,51933
3588,Alice Taylor,AI Researcher,88639
3589,Sophia Lewis,Data Analyst,98232
3590,John Brown,Network Engineer,61994
3591,David Walker,UX Designer,91656
3592,Charlie Walker,Database Administrator,69830
3593,Alice Johnson,Database Administrator,52039
3594,Bob Smith,Database Administrator,95799
3595,Olivia Johnson,Product Manager,72165
3596,Emma Walker,Data Analyst,63092
3597,Olivia Taylor,Network Engineer,80934
3598,Olivia Walker,Project Manager,71662
3599,David Taylor,DevOps Engineer,74484
3600,David Lewis,AI Researcher,55938
3601,Bob Taylor,Software Engineer,63575
3602,John Lewis,AI Researcher,61398
3603,Charlie Taylor,Network Engineer,75297
3604,Charlie Walker,Network Engineer,52146
3605,Alice Taylor,UX Designer,98756
3606,Charlie Clark,AI Researcher,62220
3607,Sophia Taylor,Network Engineer,67096
3608,John Johnson,System Administrator,96461
3609,David Anderson,Database Administrator,61888
3610,Emma Taylor,Data Analyst,82908
3611,Alice Smith,Software Engineer,66087
3612,Alice Taylor,DevOps Engineer,66156
3613,Emma Johnson,Project Manager,63510
3614,Sophia Smith,Project Manager,97301
3615,Sophia Lewis,AI Researcher,58106
3616,David Martinez,DevOps Engineer,56743
3617,John Martinez,Product Manager,54728
3618,John Brown,System Administrator,95126
3619,Alice Clark,DevOps Engineer,95405
3620,Emma Johnson,System Administrator,72504
3621,Bob Johnson,Data Analyst,89384
3622,Jane Johnson,Software Engineer,69202
3623,Emma Martinez,Database Administrator,57931
3624,Bob Martinez,Product Manager,95066
3625,Emma Smith,System Administrator,54684
3626,John Taylor,AI Researcher,91744
3627,Michael Johnson,Network Engineer,97194
3628,Charlie Brown,Data Analyst,54070
3629,John Martinez,AI Researcher,99273
3630,Alice Martinez,Data Analyst,80987
3631,Charlie Walker,DevOps Engineer,65285
3632,Sophia Harris,Data Analyst,93493
3633,Michael Walker,System Administrator,54803
3634,John Anderson,Network Engineer,93996
3635,Michael Lewis,UX Designer,79126
3636,Charlie Lewis,DevOps Engineer,90807
3637,Sophia Walker,Software Engineer,78240
3638,Jane Walker,Database Administrator,92821
3639,Michael Brown,Software Engineer,78926
3640,Jane Martinez,Software Engineer,83614
3641,Olivia Lewis,Project Manager,58026
3642,Emma Johnson,System Administrator,86727
3643,Jane Johnson,DevOps Engineer,83790
3644,Alice Clark,Network Engineer,74274
3645,Michael Taylor,Project Manager,95657
3646,Sophia Brown,Software Engineer,83105
3647,Olivia Johnson,Database Administrator,52919
3648,Bob Johnson,Project Manager,63111
3649,Charlie Taylor,System Administrator,72671
3650,Michael Johnson,Network Engineer,86432
3651,Alice Martinez,System Administrator,53571
3652,Alice Anderson,Product Manager,69683
3653,Michael Anderson,AI Researcher,65157
3654,John Smith,System Administrator,57555
3655,Alice Lewis,Data Analyst,77380
3656,John Taylor,DevOps Engineer,53716
3657,Jane Taylor,Product Manager,90808
3658,Alice Taylor,UX Designer,82511
3659,Alice Smith,Project Manager,97472
3660,Alice Lewis,Database Administrator,67891
3661,Charlie Harris,Project Manager,97685
3662,Michael Lewis,AI Researcher,82383
3663,Emma Walker,AI Researcher,81804
3664,Sophia Martinez,Software Engineer,62785
3665,David Anderson,AI Researcher,66393
3666,Alice Walker,DevOps Engineer,94201
3667,Jane Smith,Project Manager,67415
3668,Alice Clark,UX Designer,59315
3669,David Taylor,Project Manager,95851
3670,David Walker,UX Designer,81704
3671,Charlie Smith,System Administrator,69681
3672,John Brown,DevOps Engineer,89771
3673,John Anderson,System Administrator,57709
3674,Alice Clark,Data Analyst,70521
3675,Michael Harris,DevOps Engineer,52792
3676,Michael Clark,DevOps Engineer,64086
3677,Charlie Johnson,AI Researcher,94881
3678,David Lewis,System Administrator,52061
3679,Olivia Taylor,System Administrator,72217
3680,Emma Martinez,System Administrator,66520
3681,Bob Clark,Software Engineer,60246
3682,John Smith,Product Manager,70994
3683,Charlie Johnson,DevOps Engineer,80997
3684,Olivia Walker,Network Engineer,58530
3685,Jane Smith,Product Manager,78577
3686,Emma Smith,System Administrator,85381
3687,Charlie Walker,Software Engineer,75213
3688,Emma Anderson,Project Manager,99459
3689,John Anderson,Data Analyst,63186
3690,Michael Brown,Product Manager,98679
3691,Michael Martinez,Project Manager,91996
3692,David Taylor,Data Analyst,67187
3693,John Martinez,UX Designer,82569
3694,Michael Taylor,Data Analyst,59025
3695,Emma Anderson,Database Administrator,78972
3696,John Lewis,Data Analyst,76999
3697,Alice Martinez,UX Designer,87045
3698,Alice Walker,Software Engineer,67482
3699,Alice Clark,Software Engineer,97991
3700,Bob Walker,AI Researcher,86060
3701,Emma Harris,Product Manager,60972
3702,John Lewis,Database Administrator,58694
3703,Jane Smith,Project Manager,54652
3704,Bob Clark,Product Manager,75338
3705,Michael Martinez,Software Engineer,63509
3706,Emma Martinez,DevOps Engineer,96188
3707,Emma Taylor,Database Administrator,91523
3708,Olivia Smith,UX Designer,89993
3709,Olivia Clark,Project Manager,57745
3710,Sophia Martinez,System Administrator,88219
3711,Michael Johnson,System Administrator,98748
3712,Olivia Clark,Software Engineer,75992
3713,Sophia Walker,Network Engineer,59227
3714,Michael Walker,Product Manager,62348
3715,Olivia Smith,Software Engineer,57256
3716,Michael Lewis,DevOps Engineer,99186
3717,David Anderson,Project Manager,61253
3718,Sophia Smith,Network Engineer,55197
3719,Olivia Clark,UX Designer,67729
3720,David Taylor,DevOps Engineer,70099
3721,Emma Harris,AI Researcher,69699
3722,Olivia Clark,AI Researcher,92209
3723,Emma Brown,System Administrator,67105
3724,Charlie Harris,Software Engineer,89144
3725,Jane Clark,Product Manager,69319
3726,Bob Martinez,System Administrator,93532
3727,Jane Johnson,DevOps Engineer,84093
3728,Jane Brown,DevOps Engineer,61666
3729,Michael Walker,Software Engineer,57119
3730,David Smith,Network Engineer,66290
3731,Emma Harris,Software Engineer,94156
3732,Bob Anderson,AI Researcher,53951
3733,David Walker,Network Engineer,56100
3734,Sophia Anderson,DevOps Engineer,74606
3735,Michael Walker,Product Manager,93479
3736,John Harris,Database Administrator,72696
3737,Charlie Brown,Network Engineer,86222
3738,David Martinez,Product Manager,73798
3739,Charlie Martinez,Project Manager,63416
3740,Sophia Walker,Product Manager,59485
3741,John Martinez,System Administrator,65733
3742,Michael Smith,System Administrator,73960
3743,David Taylor,DevOps Engineer,93202
3744,Alice Harris,Software Engineer,82144
3745,David Harris,AI Researcher,79672
3746,Sophia Taylor,System Administrator,64101
3747,Michael Clark,Data Analyst,80661
3748,Emma Smith,Network Engineer,94155
3749,Jane Johnson,System Administrator,60116
3750,Alice Clark,System Administrator,76606
3751,David Martinez,AI Researcher,93247
3752,Sophia Martinez,System Administrator,63259
3753,Charlie Taylor,AI Researcher,67966
3754,Michael Martinez,System Administrator,93529
3755,Michael Anderson,AI Researcher,85314
3756,Emma Taylor,Product Manager,80484
3757,Sophia Brown,Product Manager,56260
3758,John Anderson,System Administrator,69245
3759,Sophia Clark,System Administrator,92874
3760,David Lewis,Data Analyst,52457
3761,Sophia Clark,AI Researcher,68175
3762,Charlie Clark,System Administrator,54132
3763,Olivia Clark,Data Analyst,66318
3764,Olivia Taylor,DevOps Engineer,63311
3765,Charlie Martinez,Data Analyst,61962
3766,Emma Lewis,Product Manager,58323
3767,Olivia Smith,Software Engineer,82691
3768,Michael Smith,Network Engineer,96777
3769,Olivia Anderson,Data Analyst,88596
3770,David Lewis,Product Manager,53581
3771,Alice Harris,Software Engineer,98547
3772,Bob Clark,Network Engineer,99538
3773,Charlie Lewis,System Administrator,75470
3774,Alice Martinez,Software Engineer,69186
3775,David Lewis,AI Researcher,56537
3776,John Brown,Product Manager,54968
3777,Michael Johnson,AI Researcher,80849
3778,Olivia Johnson,Project Manager,95614
3779,Alice Harris,Software Engineer,51499
3780,Alice Lewis,UX Designer,63993
3781,Alice Lewis,Network Engineer,55556
3782,Charlie Anderson,UX Designer,54774
3783,Charlie Lewis,Project Manager,98839
3784,Sophia Anderson,Database Administrator,96959
3785,David Brown,Software Engineer,62076
3786,David Taylor,System Administrator,77916
3787,Olivia Brown,AI Researcher,72042
3788,Emma Martinez,Project Manager,76651
3789,Jane Harris,Project Manager,96278
3790,Charlie Taylor,Network Engineer,51722
3791,Bob Walker,DevOps Engineer,68961
3792,Sophia Johnson,System Administrator,92961
3793,Emma Clark,Database Administrator,77601
3794,Charlie Clark,Project Manager,87068
3795,John Clark,Project Manager,85929
3796,Olivia Taylor,System Administrator,55250
3797,John Harris,DevOps Engineer,68662
3798,John Harris,Product Manager,83191
3799,Olivia Smith,UX Designer,86639
3800,David Brown,Software Engineer,76558
3801,Charlie Smith,Network Engineer,68572
3802,Alice Clark,Network Engineer,57411
3803,Michael Anderson,Project Manager,76867
3804,Sophia Walker,Software Engineer,72986
3805,Michael Anderson,Software Engineer,74063
3806,Michael Anderson,AI Researcher,68402
3807,Sophia Martinez,System Administrator,85321
3808,David Smith,Data Analyst,73019
3809,Bob Martinez,Database Administrator,80074
3810,Olivia Anderson,Product Manager,71186
3811,Emma Clark,AI Researcher,71572
3812,Emma Taylor,DevOps Engineer,76493
3813,David Lewis,Project Manager,88849
3814,Charlie Smith,AI Researcher,51018
3815,Olivia Walker,Data Analyst,54968
3816,Alice Brown,Project Manager,94599
3817,Emma Johnson,Data Analyst,74227
3818,Michael Walker,Project Manager,76086
3819,John Martinez,AI Researcher,70958
3820,Olivia Brown,Software Engineer,99596
3821,David Brown,Data Analyst,70761
3822,Alice Lewis,Database Administrator,52814
3823,Jane Anderson,System Administrator,52770
3824,Alice Clark,Software Engineer,82470
3825,Olivia Walker,Network Engineer,98852
3826,Emma Martinez,Software Engineer,55685
3827,Jane Brown,System Administrator,53616
3828,John Martinez,Database Administrator,74561
3829,Jane Johnson,DevOps Engineer,56611
3830,John Taylor,Project Manager,64793
3831,Michael Clark,Network Engineer,83531
3832,Alice Taylor,DevOps Engineer,87741
3833,Bob Taylor,Database Administrator,68114
3834,Sophia Walker,Database Administrator,70788
3835,David Brown,System Administrator,87040
3836,Michael Brown,Data Analyst,89116
3837,Alice Walker,Database Administrator,87937
3838,Bob Smith,DevOps Engineer,57802
3839,Olivia Martinez,System Administrator,80556
3840,Charlie Johnson,Network Engineer,95601
3841,Sophia Anderson,Network Engineer,85949
3842,Michael Brown,Product Manager,57140
3843,Bob Johnson,AI Researcher,90219
3844,Olivia Anderson,Network Engineer,53763
3845,Sophia Brown,DevOps Engineer,89595
3846,Olivia Harris,Network Engineer,86389
3847,Olivia Lewis,Network Engineer,67819
3848,Olivia Smith,Database Administrator,92051
3849,Charlie Smith,Database Administrator,96559
3850,Michael Anderson,AI Researcher,68470
3851,Emma Johnson,Project Manager,56302
3852,John Johnson,System Administrator,83458
3853,Michael Brown,Software Engineer,89129
3854,Bob Anderson,Data Analyst,52852
3855,Alice Walker,Database Administrator,94728
3856,Michael Lewis,Product Manager,64464
3857,David Anderson,UX Designer,97480
3858,Olivia Brown,Project Manager,60789
3859,Bob Clark,Data Analyst,76623
3860,Bob Smith,AI Researcher,58192
3861,Alice Smith,Database Administrator,73961
3862,Bob Johnson,AI Researcher,99443
3863,Olivia Clark,Software Engineer,64962
3864,Sophia Johnson,UX Designer,78434
3865,Olivia Harris,UX Designer,72743
3866,Alice Clark,System Administrator,99925
3867,Jane Johnson,Network Engineer,75971
3868,John Clark,Database Administrator,57244
3869,Sophia Lewis,Software Engineer,78865
3870,John Taylor,Project Manager,72352
3871,Olivia Lewis,Product Manager,93721
3872,Jane Anderson,Project Manager,76844
3873,David Johnson,Data Analyst,88591
3874,Olivia Harris,Product Manager,97510
3875,Emma Taylor,UX Designer,53861
3876,David Anderson,UX Designer,88617
3877,Jane Harris,UX Designer,62456
3878,Emma Clark,UX Designer,80154
3879,Bob Lewis,Product Manager,71835
3880,Bob Taylor,DevOps Engineer,98238
3881,Alice Lewis,AI Researcher,94183
3882,Charlie Brown,UX Designer,73706
3883,Michael Martinez,Product Manager,75432
3884,Sophia Anderson,Database Administrator,94453
3885,Jane Harris,DevOps Engineer,97666
3886,Emma Harris,Database Administrator,51931
3887,Jane Johnson,DevOps Engineer,86200
3888,Sophia Martinez,Project Manager,70900
3889,Bob Smith,Network Engineer,77875
3890,Emma Johnson,Database Administrator,70483
3891,Emma Clark,Software Engineer,99732
3892,Sophia Taylor,System Administrator,64443
3893,David Smith,Software Engineer,91939
3894,David Taylor,Network Engineer,80561
3895,Olivia Clark,DevOps Engineer,59857
3896,Olivia Clark,Network Engineer,66941
3897,Michael Anderson,Product Manager,54075
3898,Olivia Smith,System Administrator,56726
3899,Emma Smith,Software Engineer,72749
3900,Michael Clark,Software Engineer,78706
3901,David Taylor,Product Manager,84206
3902,Sophia Taylor,Database Administrator,65673
3903,Emma Martinez,AI Researcher,85602
3904,David Taylor,System Administrator,78596
3905,Charlie Smith,Software Engineer,77766
3906,Charlie Brown,System Administrator,93217
3907,Alice Smith,Software Engineer,61334
3908,Olivia Martinez,UX Designer,92359
3909,Michael Brown,Product Manager,55286
3910,Alice Clark,Data Analyst,69685
3911,Michael Clark,System Administrator,51351
3912,Olivia Anderson,System Administrator,89415
3913,Olivia Martinez,Network Engineer,88425
3914,Olivia Brown,UX Designer,87120
3915,Olivia Taylor,Software Engineer,89048
3916,Emma Smith,AI Researcher,75157
3917,Sophia Martinez,Software Engineer,62762
3918,John Clark,Network Engineer,54898
3919,David Walker,Software Engineer,86928
3920,John Lewis,DevOps Engineer,82788
3921,Emma Martinez,Software Engineer,92094
3922,John Johnson,Data Analyst,67956
3923,David Taylor,System Administrator,66407
3924,Bob Smith,Data Analyst,98642
3925,Jane Walker,System Administrator,85782
3926,Sophia Brown,Product Manager,96464
3927,Sophia Clark,UX Designer,65396
3928,Bob Johnson,Project Manager,76748
3929,Jane Lewis,Database Administrator,63550
3930,Sophia Clark,Database Administrator,87985
3931,Jane Harris,Network Engineer,78874
3932,Michael Walker,UX Designer,59737
3933,Sophia Smith,AI Researcher,81536
3934,David Walker,Project Manager,63630
3935,Emma Lewis,AI Researcher,63030
3936,Alice Taylor,Database Administrator,99605
3937,Jane Brown,Network Engineer,57529
3938,Alice Clark,System Administrator,90562
3939,Michael Taylor,System Administrator,72717
3940,Charlie Lewis,UX Designer,64660
3941,David Walker,Product Manager,67966
3942,Charlie Harris,Data Analyst,64041
3943,David Smith,Network Engineer,64531
3944,Charlie Brown,UX Designer,88364
3945,Jane Clark,System Administrator,97052
3946,David Taylor,Project Manager,97109
3947,Bob Lewis,DevOps Engineer,89332
3948,John Clark,UX Designer,86488
3949,David Brown,System Administrator,92543
3950,Emma Walker,System Administrator,69129
3951,John Harris,Software Engineer,80363
3952,Emma Walker,Network Engineer,96582
3953,Michael Harris,Product Manager,57995
3954,Bob Johnson,Data Analyst,80666
3955,Charlie Clark,Database Administrator,71832
3956,Alice Brown,Software Engineer,51628
3957,Alice Harris,System Administrator,77274
3958,Jane Walker,Data Analyst,68849
3959,Jane Taylor,Product Manager,61656
3960,Emma Brown,Network Engineer,69198
3961,Alice Walker,DevOps Engineer,74971
3962,Michael Johnson,Product Manager,73153
3963,David Brown,Database Administrator,54992
3964,Jane Harris,AI Researcher,81359
3965,Charlie Brown,Software Engineer,88186
3966,Emma Harris,Network Engineer,56309
3967,Sophia Harris,Software Engineer,65613
3968,Olivia Anderson,UX Designer,63998
3969,David Anderson,System Administrator,67854
3970,Sophia Johnson,System Administrator,66205
3971,Olivia Johnson,System Administrator,86773
3972,Olivia Martinez,System Administrator,56454
3973,Olivia Lewis,Project Manager,57737
3974,Charlie Johnson,Network Engineer,95252
3975,Charlie Brown,Data Analyst,74295
3976,Olivia Anderson,Product Manager,71465
3977,Alice Clark,UX Designer,89612
3978,Alice Anderson,Database Administrator,73628
3979,Olivia Lewis,Data Analyst,64581
3980,Michael Anderson,Product Manager,70591
3981,Michael Anderson,Software Engineer,51501
3982,Olivia Martinez,Data Analyst,65119
3983,Bob Walker,Network Engineer,91804
3984,Charlie Martinez,UX Designer,71960
3985,Charlie Anderson,UX Designer,64576
3986,Bob Lewis,Database Administrator,74624
3987,Alice Smith,Data Analyst,77533
3988,Alice Johnson,Product Manager,66147
3989,David Taylor,Software Engineer,78475
3990,John Lewis,Software Engineer,78475
3991,John Harris,Product Manager,51839
3992,Charlie Brown,Data Analyst,74985
3993,Sophia Harris,Product Manager,93339
3994,Jane Smith,Product Manager,81433
3995,Bob Martinez,System Administrator,66936
3996,Bob Clark,AI Researcher,78564
3997,Jane Martinez,Network Engineer,75874
3998,Jane Walker,Software Engineer,70211
3999,Alice Martinez,DevOps Engineer,65270
4000,David Martinez,AI Researcher,65577
4001,Olivia Taylor,Network Engineer,86471
4002,Emma Martinez,DevOps Engineer,56354
4003,Olivia Clark,DevOps Engineer,77679
4004,Charlie Walker,Database Administrator,52613
4005,Jane Lewis,Network Engineer,57340
4006,David Walker,Data Analyst,53303
4007,Jane Lewis,UX Designer,62961
4008,Jane Clark,Data Analyst,57192
4009,Jane Martinez,AI Researcher,68362
4010,Sophia Martinez,Data Analyst,93875
4011,Jane Martinez,UX Designer,98745
4012,David Taylor,Product Manager,61425
4013,Alice Smith,Product Manager,50737
4014,Emma Johnson,Data Analyst,57968
4015,Charlie Martinez,Project Manager,69322
4016,Michael Walker,Data Analyst,88911
4017,John Lewis,Software Engineer,71505
4018,Jane Taylor,Network Engineer,64977
4019,Olivia Smith,DevOps Engineer,79522
4020,Sophia Brown,Database Administrator,56720
4021,Emma Johnson,Network Engineer,93563
4022,Olivia Lewis,Data Analyst,62953
4023,Charlie Clark,Product Manager,58312
4024,Michael Brown,DevOps Engineer,58230
4025,Sophia Anderson,System Administrator,54380
4026,Charlie Clark,Network Engineer,78862
4027,Olivia Brown,Project Manager,66652
4028,David Lewis,Software Engineer,93897
4029,Sophia Taylor,Project Manager,83040
4030,Alice Clark,Project Manager,91628
4031,Emma Anderson,Network Engineer,52964
4032,Olivia Clark,Data Analyst,69093
4033,Emma Clark,Product Manager,63293
4034,Michael Martinez,UX Designer,73145
4035,John Harris,UX Designer,63165
4036,Bob Clark,Software Engineer,75535
4037,John Clark,Project Manager,52444
4038,Bob Martinez,UX Designer,74623
4039,Bob Lewis,DevOps Engineer,91079
4040,Sophia Lewis,Software Engineer,59694
4041,Charlie Brown,Network Engineer,60811
4042,Jane Martinez,System Administrator,52870
4043,Michael Brown,Database Administrator,89551
4044,Emma Taylor,Network Engineer,60447
4045,Michael Johnson,Software Engineer,62591
4046,Alice Brown,Network Engineer,71458
4047,Alice Clark,Database Administrator,85609
4048,John Brown,Project Manager,54821
4049,Olivia Martinez,Product Manager,64456
4050,Bob Taylor,AI Researcher,91696
4051,Emma Smith,AI Researcher,57827
4052,Michael Harris,Network Engineer,53942
4053,Charlie Walker,Software Engineer,99757
4054,Sophia Taylor,Database Administrator,68019
4055,John Johnson,Software Engineer,50036
4056,John Lewis,Software Engineer,57276
4057,Michael Brown,Network Engineer,79891
4058,Emma Smith,Network Engineer,66793
4059,Emma Anderson,AI Researcher,56838
4060,David Clark,System Administrator,97346
4061,Jane Taylor,Network Engineer,66680
4062,Michael Walker,System Administrator,70229
4063,Charlie Walker,Software Engineer,94044
4064,Sophia Martinez,Project Manager,85934
4065,Sophia Lewis,Project Manager,81563
4066,John Brown,AI Researcher,83828
4067,Bob Clark,Software Engineer,81944
4068,Sophia Lewis,Project Manager,64328
4069,David Martinez,Database Administrator,81184
4070,Olivia Anderson,System Administrator,89860
4071,David Lewis,Network Engineer,56257
4072,Jane Smith,Software Engineer,52872
4073,Sophia Smith,Data Analyst,91350
4074,Bob Smith,Network Engineer,67049
4075,Jane Clark,Database Administrator,63151
4076,Charlie Brown,AI Researcher,56492
4077,Michael Harris,Database Administrator,60874
4078,John Martinez,System Administrator,91644
4079,Alice Harris,Data Analyst,68899
4080,David Taylor,UX Designer,83653
4081,David Harris,Database Administrator,95345
4082,Jane Martinez,Data Analyst,58056
4083,Bob Smith,Product Manager,78333
4084,Bob Lewis,Software Engineer,74357
4085,Sophia Smith,Software Engineer,52664
4086,Alice Smith,Database Administrator,97636
4087,Michael Brown,Network Engineer,70007
4088,Jane Walker,Software Engineer,85963
4089,Emma Taylor,Data Analyst,95863
4090,Bob Brown,System Administrator,98284
4091,Charlie Anderson,System Administrator,68378
4092,Alice Martinez,Project Manager,93417
4093,Jane Johnson,System Administrator,64682
4094,Bob Harris,Database Administrator,66851
4095,Sophia Taylor,Network Engineer,59167
4096,Alice Taylor,Database Administrator,81208
4097,Alice Martinez,Software Engineer,79478
4098,Alice Lewis,AI Researcher,77150
4099,Jane Clark,DevOps Engineer,71148
4100,John Johnson,AI Researcher,81896
4101,Sophia Walker,System Administrator,58093
4102,Alice Taylor,Data Analyst,80973
4103,Alice Johnson,Product Manager,67107
4104,David Brown,Data Analyst,92575
4105,Sophia Harris,Database Administrator,77279
4106,Charlie Martinez,UX Designer,75536
4107,Sophia Anderson,DevOps Engineer,95747
4108,Emma Johnson,DevOps Engineer,60761
4109,Olivia Anderson,Product Manager,85507
4110,Bob Walker,Database Administrator,73935
4111,Bob Johnson,Network Engineer,71110
4112,Emma Taylor,UX Designer,71632
4113,Alice Clark,UX Designer,78358
4114,Michael Brown,System Administrator,56327
4115,Bob Walker,UX Designer,58602
4116,Emma Martinez,DevOps Engineer,77545
4117,Michael Anderson,Network Engineer,76507
4118,Alice Taylor,Software Engineer,50156
4119,Olivia Lewis,Database Administrator,53382
4120,Charlie Lewis,Data Analyst,62813
4121,Michael Brown,AI Researcher,69221
4122,Michael Brown,Database Administrator,66577
4123,Emma Harris,System Administrator,78477
4124,Michael Clark,Data Analyst,50327
4125,David Johnson,Data Analyst,60457
4126,Charlie Walker,Data Analyst,82675
4127,Emma Lewis,AI Researcher,70343
4128,John Smith,Database Administrator,80832
4129,Sophia Smith,DevOps Engineer,55528
4130,Bob Smith,System Administrator,70444
4131,Sophia Taylor,Software Engineer,93763
4132,Emma Johnson,Product Manager,62718
4133,David Smith,Project Manager,64339
4134,Bob Lewis,Data Analyst,56918
4135,Olivia Taylor,Network Engineer,83471
4136,Alice Johnson,Project Manager,55074
4137,Sophia Brown,AI Researcher,65557
4138,Bob Martinez,System Administrator,84438
4139,Olivia Brown,Project Manager,96825
4140,David Lewis,System Administrator,54606
4141,John Martinez,Network Engineer,82751
4142,Emma Smith,Project Manager,53681
4143,Olivia Clark,Database Administrator,73177
4144,John Clark,AI Researcher,95036
4145,David Smith,System Administrator,95298
4146,Bob Johnson,Software Engineer,78349
4147,Alice Taylor,Data Analyst,56925
4148,Michael Smith,AI Researcher,82510
4149,David Anderson,System Administrator,69455
4150,Charlie Walker,Project Manager,77728
4151,Jane Brown,Project Manager,64223
4152,Emma Lewis,Network Engineer,92524
4153,Alice Smith,Software Engineer,57359
4154,Olivia Walker,Database Administrator,71489
4155,Olivia Lewis,DevOps Engineer,50889
4156,Charlie Brown,Database Administrator,94284
4157,Charlie Smith,Data Analyst,51078
4158,Olivia Anderson,System Administrator,75612
4159,Emma Martinez,Network Engineer,87664
4160,Alice Brown,Data Analyst,72811
4161,Olivia Walker,AI Researcher,77329
4162,Bob Smith,Project Manager,66709
4163,John Anderson,Data Analyst,66062
4164,Alice Anderson,System Administrator,60639
4165,Emma Clark,Data Analyst,93758
4166,David Martinez,Software Engineer,54926
4167,Bob Harris,DevOps Engineer,93859
4168,David Smith,UX Designer,66257
4169,Charlie Taylor,Network Engineer,82324
4170,Bob Martinez,UX Designer,77424
4171,Michael Walker,Project Manager,90098
4172,Charlie Anderson,Data Analyst,68714
4173,Michael Walker,AI Researcher,69848
4174,John Martinez,Product Manager,81155
4175,Jane Taylor,Software Engineer,53185
4176,Alice Smith,System Administrator,80068
4177,Charlie Anderson,System Administrator,98603
4178,Olivia Martinez,Product Manager,50522
4179,Sophia Johnson,Software Engineer,56744
4180,Charlie Johnson,Software Engineer,56159
4181,Jane Anderson,Database Administrator,81067
4182,Emma Harris,Network Engineer,50363
4183,Jane Anderson,DevOps Engineer,54321
4184,Jane Martinez,Project Manager,70738
4185,Olivia Harris,Data Analyst,72775
4186,Sophia Harris,System Administrator,57888
4187,Alice Walker,System Administrator,97065
4188,Charlie Johnson,Database Administrator,57274
4189,John Harris,UX Designer,56109
4190,Jane Taylor,AI Researcher,67392
4191,Charlie Harris,DevOps Engineer,96043
4192,Alice Smith,Network Engineer,88724
4193,Olivia Clark,UX Designer,68356
4194,Bob Martinez,Network Engineer,55894
4195,Bob Clark,UX Designer,85042
4196,Jane Walker,Network Engineer,65252
4197,Bob Johnson,Data Analyst,52386
4198,David Taylor,Software Engineer,75489
4199,David Walker,Data Analyst,61482
4200,Sophia Walker,Data Analyst,58701
4201,Jane Walker,Database Administrator,97539
4202,Olivia Clark,Network Engineer,50710
4203,Bob Harris,Product Manager,78131
4204,Alice Walker,Project Manager,58789
4205,Sophia Walker,UX Designer,56647
4206,John Lewis,DevOps Engineer,60037
4207,David Lewis,DevOps Engineer,95204
4208,Olivia Clark,Software Engineer,56454
4209,Sophia Clark,System Administrator,72495
4210,David Walker,Software Engineer,72294
4211,John Smith,DevOps Engineer,68492
4212,Olivia Johnson,Product Manager,70390
4213,Emma Taylor,Software Engineer,89723
4214,Emma Taylor,Software Engineer,68831
4215,Olivia Anderson,Database Administrator,59240
4216,Charlie Smith,Project Manager,65542
4217,Olivia Walker,Product Manager,63998
4218,David Brown,Network Engineer,72786
4219,Bob Johnson,Data Analyst,51270
4220,David Taylor,Software Engineer,59739
4221,Olivia Johnson,DevOps Engineer,82246
4222,Charlie Walker,Software Engineer,72745
4223,Emma Brown,DevOps Engineer,76840
4224,Charlie Brown,Project Manager,86410
4225,Charlie Johnson,Network Engineer,85383
4226,John Clark,Network Engineer,96387
4227,Sophia Walker,System Administrator,96555
4228,Emma Brown,Product Manager,81079
4229,Sophia Martinez,System Administrator,82401
4230,Alice Walker,System Administrator,70846
4231,Charlie Martinez,UX Designer,64486
4232,Alice Brown,DevOps Engineer,56669
4233,David Taylor,Database Administrator,65215
4234,Charlie Harris,AI Researcher,60848
4235,Jane Martinez,Data Analyst,82580
4236,Charlie Smith,Data Analyst,84738
4237,Bob Johnson,Data Analyst,78844
4238,Olivia Brown,Project Manager,63802
4239,Charlie Walker,System Administrator,94623
4240,John Taylor,Software Engineer,68018
4241,Olivia Clark,Software Engineer,95306
4242,Emma Harris,Product Manager,73237
4243,Emma Clark,Product Manager,91925
4244,Bob Smith,Software Engineer,81273
4245,Olivia Johnson,System Administrator,83549
4246,Sophia Lewis,Data Analyst,84539
4247,Alice Martinez,Data Analyst,75745
4248,Olivia Taylor,Database Administrator,68743
4249,Bob Lewis,DevOps Engineer,89534
4250,John Anderson,Project Manager,53814
4251,Jane Brown,Database Administrator,81735
4252,Alice Johnson,UX Designer,69974
4253,Alice Smith,DevOps Engineer,63543
4254,Bob Harris,DevOps Engineer,84385
4255,Emma Taylor,UX Designer,91107
4256,Olivia Lewis,Data Analyst,84951
4257,John Harris,System Administrator,86610
4258,Sophia Taylor,UX Designer,97693
4259,Jane Brown,Data Analyst,82043
4260,Olivia Smith,Network Engineer,62561
4261,Jane Harris,Project Manager,52348
4262,Bob Lewis,Product Manager,70668
4263,Jane Martinez,Database Administrator,79189
4264,Charlie Brown,Database Administrator,77384
4265,Bob Taylor,Database Administrator,69454
4266,David Smith,Data Analyst,94601
4267,Alice Taylor,Database Administrator,58827
4268,David Martinez,Software Engineer,77054
4269,Sophia Taylor,Network Engineer,97514
4270,Jane Harris,Network Engineer,64900
4271,Bob Clark,Project Manager,57684
4272,Alice Taylor,Network Engineer,98371
4273,Charlie Clark,Data Analyst,94814
4274,Sophia Martinez,Database Administrator,70137
4275,Bob Smith,AI Researcher,90057
4276,Emma Johnson,Software Engineer,82638
4277,Sophia Johnson,Network Engineer,62268
4278,Charlie Harris,System Administrator,65916
4279,Michael Lewis,Database Administrator,52037
4280,Sophia Johnson,Project Manager,71554
4281,Charlie Lewis,AI Researcher,98789
4282,Alice Johnson,Network Engineer,64217
4283,Charlie Clark,Product Manager,71575
4284,Michael Smith,Data Analyst,68195
4285,John Johnson,Network Engineer,98156
4286,Emma Anderson,AI Researcher,83595
4287,David Smith,Project Manager,79112
4288,Olivia Walker,Product Manager,62455
4289,David Lewis,AI Researcher,68401
4290,Michael Clark,Product Manager,55422
4291,Charlie Harris,Product Manager,76675
4292,John Anderson,System Administrator,74638
4293,Emma Clark,UX Designer,65978
4294,John Johnson,Network Engineer,51940
4295,Olivia Taylor,Database Administrator,61013
4296,Alice Walker,Software Engineer,66019
4297,Alice Anderson,UX Designer,51880
4298,Jane Brown,Data Analyst,72536
4299,Olivia Martinez,Database Administrator,67610
4300,John Martinez,DevOps Engineer,93906
4301,David Brown,Data Analyst,76547
4302,Charlie Clark,UX Designer,91845
4303,Olivia Taylor,Software Engineer,88221
4304,Alice Brown,AI Researcher,59390
4305,Bob Brown,Database Administrator,84979
4306,Jane Clark,Software Engineer,86876
4307,Michael Lewis,Product Manager,79393
4308,David Clark,Network Engineer,57358
4309,Bob Taylor,AI Researcher,58823
4310,Emma Johnson,System Administrator,68300
4311,Emma Harris,Project Manager,89594
4312,Charlie Anderson,AI Researcher,71679
4313,Sophia Harris,DevOps Engineer,56009
4314,Michael Johnson,Project Manager,62732
4315,Bob Martinez,AI Researcher,55536
4316,Olivia Martinez,AI Researcher,72238
4317,Michael Harris,System Administrator,75766
4318,Emma Lewis,Network Engineer,84513
4319,Sophia Clark,Project Manager,65684
4320,Alice Johnson,System Administrator,53844
4321,Charlie Lewis,UX Designer,83421
4322,Alice Harris,DevOps Engineer,99078
4323,Jane Harris,Database Administrator,56081
4324,Michael Taylor,UX Designer,87037
4325,Jane Johnson,AI Researcher,54784
4326,Michael Clark,Network Engineer,64650
4327,Bob Smith,Network Engineer,71919
4328,David Clark,Software Engineer,84180
4329,Jane Lewis,Database Administrator,61172
4330,Sophia Johnson,Product Manager,91005
4331,Alice Harris,AI Researcher,76864
4332,Alice Smith,Database Administrator,59615
4333,Olivia Taylor,DevOps Engineer,60081
4334,David Clark,Project Manager,54891
4335,Charlie Johnson,Software Engineer,83686
4336,Jane Anderson,Project Manager,89012
4337,John Taylor,Database Administrator,87575
4338,Charlie Taylor,Network Engineer,98719
4339,Sophia Walker,DevOps Engineer,94568
4340,Charlie Martinez,System Administrator,84432
4341,Jane Anderson,UX Designer,85413
4342,Bob Smith,AI Researcher,96821
4343,Sophia Brown,UX Designer,68293
4344,Charlie Harris,Network Engineer,93197
4345,John Walker,Data Analyst,80521
4346,John Johnson,Database Administrator,51368
4347,David Martinez,AI Researcher,97423
4348,Michael Clark,DevOps Engineer,81834
4349,Alice Smith,Product Manager,73627
4350,Bob Clark,UX Designer,54012
4351,Emma Clark,Database Administrator,81838
4352,Olivia Smith,Product Manager,98638
4353,Michael Harris,Database Administrator,58762
4354,Jane Lewis,Software Engineer,99132
4355,Bob Martinez,AI Researcher,54481
4356,Sophia Johnson,AI Researcher,75551
4357,Olivia Clark,UX Designer,90332
4358,Olivia Walker,UX Designer,51665
4359,Charlie Brown,Product Manager,95041
4360,John Johnson,Network Engineer,76291
4361,Sophia Lewis,Product Manager,77002
4362,Charlie Smith,Database Administrator,75726
4363,John Smith,Database Administrator,64747
4364,Michael Clark,Product Manager,62444
4365,Alice Taylor,Database Administrator,59239
4366,David Martinez,Product Manager,65931
4367,Jane Martinez,Network Engineer,84691
4368,Alice Taylor,AI Researcher,76907
4369,Michael Johnson,Network Engineer,52628
4370,Michael Lewis,Software Engineer,70796
4371,Bob Lewis,Project Manager,87877
4372,David Smith,UX Designer,83271
4373,John Anderson,Network Engineer,51628
4374,Michael Brown,Software Engineer,98384
4375,John Martinez,Data Analyst,66857
4376,John Anderson,Network Engineer,62246
4377,Alice Smith,System Administrator,83451
4378,Sophia Clark,Database Administrator,69704
4379,Olivia Anderson,System Administrator,86135
4380,Sophia Clark,Data Analyst,51998
4381,Emma Johnson,Database Administrator,56088
4382,Alice Lewis,System Administrator,78091
4383,David Smith,UX Designer,98013
4384,Michael Johnson,Software Engineer,98030
4385,Alice Martinez,Software Engineer,69890
4386,Emma Johnson,DevOps Engineer,96217
4387,Jane Brown,System Administrator,92128
4388,Bob Smith,System Administrator,75629
4389,Jane Smith,System Administrator,98897
4390,Charlie Brown,Project Manager,93024
4391,Jane Smith,Product Manager,65619
4392,Charlie Anderson,Data Analyst,58077
4393,Charlie Harris,Data Analyst,50268
4394,David Martinez,Data Analyst,60978
4395,Michael Anderson,Product Manager,93584
4396,Jane Smith,Data Analyst,89582
4397,Bob Walker,Database Administrator,60959
4398,David Johnson,Software Engineer,95563
4399,Michael Anderson,Database Administrator,93138
4400,Michael Lewis,UX Designer,84372
4401,Olivia Walker,DevOps Engineer,52146
4402,Charlie Clark,System Administrator,68684
4403,Charlie Taylor,Network Engineer,97409
4404,David Taylor,Project Manager,55683
4405,John Lewis,Database Administrator,91886
4406,Bob Brown,System Administrator,87354
4407,Sophia Johnson,Data Analyst,84483
4408,Alice Brown,Project Manager,73411
4409,Sophia Smith,Database Administrator,95172
4410,Olivia Smith,System Administrator,96160
4411,David Clark,Project Manager,57301
4412,Olivia Harris,Data Analyst,74512
4413,Sophia Martinez,UX Designer,52035
4414,Bob Harris,Project Manager,50352
4415,Olivia Martinez,Database Administrator,55005
4416,Charlie Harris,Software Engineer,81287
4417,Sophia Brown,Network Engineer,84367
4418,Emma Smith,AI Researcher,67505
4419,Charlie Clark,Software Engineer,62034
4420,Olivia Johnson,Product Manager,52257
4421,Michael Johnson,UX Designer,51695
4422,Emma Walker,Project Manager,75815
4423,Bob Taylor,Software Engineer,76340
4424,Emma Johnson,Database Administrator,55050
4425,Charlie Johnson,Data Analyst,89826
4426,Sophia Lewis,UX Designer,78072
4427,David Smith,Product Manager,77992
4428,Michael Anderson,Database Administrator,59823
4429,Sophia Harris,Data Analyst,74031
4430,Alice Anderson,Database Administrator,98790
4431,Michael Martinez,Database Administrator,86855
4432,Sophia Walker,Software Engineer,60708
4433,Olivia Walker,DevOps Engineer,66857
4434,Emma Walker,Database Administrator,80601
4435,Michael Taylor,Data Analyst,70986
4436,Olivia Smith,AI Researcher,89455
4437,Alice Lewis,Product Manager,70763
4438,Olivia Brown,Database Administrator,52643
4439,Jane Johnson,Project Manager,77574
4440,John Harris,Database Administrator,91002
4441,Michael Harris,Product Manager,52034
4442,Bob Walker,Data Analyst,82986
4443,Jane Taylor,System Administrator,85816
4444,Emma Martinez,Database Administrator,69910
4445,David Johnson,Network Engineer,50921
4446,Sophia Anderson,AI Researcher,88391
4447,Olivia Brown,Data Analyst,97211
4448,Sophia Lewis,Database Administrator,57020
4449,Alice Lewis,Network Engineer,82294
4450,Emma Clark,Data Analyst,74498
4451,Jane Brown,Product Manager,88811
4452,Emma Smith,UX Designer,57046
4453,Sophia Walker,Software Engineer,79522
4454,Alice Johnson,Software Engineer,60568
4455,David Brown,UX Designer,95464
4456,Sophia Martinez,System Administrator,87492
4457,Emma Walker,Database Administrator,89927
4458,Jane Smith,DevOps Engineer,81043
4459,John Walker,System Administrator,93723
4460,Emma Taylor,Software Engineer,64361
4461,Emma Taylor,Product Manager,78630
4462,Olivia Walker,Project Manager,84896
4463,Emma Taylor,System Administrator,87731
4464,Jane Harris,Data Analyst,50308
4465,Bob Walker,Network Engineer,78740
4466,John Martinez,UX Designer,68677
4467,John Anderson,Database Administrator,78493
4468,Michael Martinez,UX Designer,68938
4469,Michael Taylor,DevOps Engineer,54632
4470,David Martinez,Product Manager,96192
4471,Emma Martinez,System Administrator,55781
4472,David Johnson,Network Engineer,52642
4473,Michael Clark,DevOps Engineer,55199
4474,Jane Clark,DevOps Engineer,76149
4475,Charlie Johnson,Network Engineer,66767
4476,Sophia Walker,Network Engineer,72459
4477,Emma Taylor,System Administrator,61603
4478,Michael Lewis,Data Analyst,90878
4479,Michael Harris,Data Analyst,75644
4480,Alice Taylor,DevOps Engineer,94678
4481,Michael Johnson,UX Designer,90738
4482,Emma Lewis,Database Administrator,98008
4483,Jane Lewis,DevOps Engineer,65400
4484,Olivia Walker,System Administrator,85311
4485,Sophia Taylor,Product Manager,50187
4486,Sophia Martinez,UX Designer,79033
4487,Emma Harris,DevOps Engineer,84960
4488,Emma Taylor,Data Analyst,90338
4489,John Taylor,Network Engineer,57651
4490,Charlie Johnson,System Administrator,53736
4491,Charlie Lewis,Project Manager,73690
4492,Emma Anderson,System Administrator,90162
4493,David Walker,UX Designer,81654
4494,Jane Johnson,Product Manager,52433
4495,David Clark,Network Engineer,92648
4496,Bob Smith,UX Designer,90446
4497,Jane Smith,UX Designer,64764
4498,Jane Anderson,System Administrator,85349
4499,John Clark,AI Researcher,85812
4500,John Clark,System Administrator,60035
4501,Sophia Harris,Software Engineer,94896
4502,Michael Clark,AI Researcher,58654
4503,Olivia Anderson,Database Administrator,90832
4504,Olivia Martinez,DevOps Engineer,57754
4505,Michael Smith,Project Manager,66675
4506,Michael Johnson,DevOps Engineer,59614
4507,Charlie Anderson,AI Researcher,70779
4508,Alice Clark,AI Researcher,50049
4509,Bob Johnson,Software Engineer,67679
4510,Sophia Smith,UX Designer,76044
4511,Sophia Martinez,Project Manager,90488
4512,Michael Harris,Product Manager,88622
4513,Michael Johnson,DevOps Engineer,94874
4514,Jane Harris,Software Engineer,61539
4515,David Smith,Product Manager,80510
4516,Emma Taylor,Product Manager,73859
4517,David Smith,AI Researcher,90142
4518,Michael Anderson,Network Engineer,72662
4519,Sophia Harris,Project Manager,96546
4520,David Lewis,Network Engineer,88867
4521,Charlie Johnson,Data Analyst,90342
4522,Bob Johnson,Data Analyst,61084
4523,John Anderson,AI Researcher,57508
4524,Sophia Clark,Database Administrator,82857
4525,Michael Brown,Data Analyst,94156
4526,Jane Harris,Product Manager,59107
4527,Sophia Smith,Data Analyst,97416
4528,Michael Anderson,AI Researcher,59048
4529,Jane Anderson,Software Engineer,61515
4530,Michael Clark,Project Manager,80441
4531,Michael Johnson,DevOps Engineer,63659
4532,Olivia Anderson,Network Engineer,80079
4533,Jane Brown,AI Researcher,58915
4534,Charlie Martinez,Network Engineer,70681
4535,Alice Johnson,AI Researcher,75364
4536,Bob Taylor,Software Engineer,78138
4537,Charlie Anderson,Network Engineer,99548
4538,Emma Anderson,DevOps Engineer,84532
4539,Sophia Martinez,Data Analyst,52842
4540,John Harris,UX Designer,57774
4541,Sophia Smith,Product Manager,99112
4542,David Walker,System Administrator,51560
4543,Jane Brown,UX Designer,72016
4544,Charlie Harris,Data Analyst,71021
4545,Sophia Walker,Network Engineer,50314
4546,Sophia Johnson,Database Administrator,72080
4547,Alice Clark,Data Analyst,96050
4548,Alice Martinez,AI Researcher,58074
4549,Olivia Clark,Product Manager,95621
4550,Michael Johnson,Project Manager,77602
4551,Jane Smith,Data Analyst,89819
4552,John Johnson,Project Manager,87176
4553,Bob Smith,Data Analyst,93739
4554,Bob Taylor,AI Researcher,52697
4555,Olivia Taylor,UX Designer,65426
4556,Alice Martinez,Database Administrator,88724
4557,Michael Harris,UX Designer,62273
4558,Olivia Martinez,Data Analyst,88157
4559,David Johnson,Network Engineer,83512
4560,Bob Clark,System Administrator,81792
4561,Emma Martinez,Network Engineer,51941
4562,Emma Johnson,Data Analyst,71047
4563,David Walker,AI Researcher,65020
4564,Michael Harris,System Administrator,82823
4565,David Walker,System Administrator,94656
4566,Michael Walker,Network Engineer,75109
4567,John Taylor,Product Manager,56165
4568,David Clark,UX Designer,89465
4569,Olivia Harris,Data Analyst,91918
4570,John Johnson,Software Engineer,98419
4571,Michael Anderson,UX Designer,61146
4572,Olivia Clark,AI Researcher,89216
4573,Bob Smith,System Administrator,65477
4574,David Walker,Software Engineer,55332
4575,Sophia Martinez,AI Researcher,95238
4576,Emma Brown,System Administrator,50330
4577,Charlie Martinez,Network Engineer,97747
4578,Sophia Lewis,AI Researcher,52780
4579,David Anderson,Software Engineer,65261
4580,David Anderson,Software Engineer,51096
4581,David Anderson,Network Engineer,67072
4582,John Johnson,Project Manager,94575
4583,Alice Martinez,Project Manager,91089
4584,Alice Martinez,Project Manager,75276
4585,Emma Smith,Data Analyst,68713
4586,Sophia Anderson,Product Manager,69947
4587,Olivia Lewis,Project Manager,88562
4588,Charlie Harris,System Administrator,58271
4589,John Lewis,Software Engineer,59772
4590,Jane Brown,Software Engineer,86843
4591,Jane Martinez,Software Engineer,80406
4592,John Brown,DevOps Engineer,61280
4593,John Harris,Product Manager,83477
4594,John Walker,System Administrator,63720
4595,Sophia Taylor,UX Designer,61881
4596,David Anderson,Product Manager,87621
4597,Jane Anderson,System Administrator,61608
4598,John Anderson,UX Designer,59637
4599,Jane Martinez,System Administrator,87203
4600,Emma Anderson,Database Administrator,76051
4601,Bob Walker,UX Designer,56436
4602,Michael Clark,AI Researcher,80144
4603,Michael Walker,Network Engineer,79618
4604,John Walker,Network Engineer,52130
4605,Michael Martinez,Product Manager,96187
4606,Bob Smith,Software Engineer,50974
4607,David Clark,System Administrator,70123
4608,Sophia Lewis,Data Analyst,90474
4609,Charlie Walker,Network Engineer,71762
4610,Charlie Johnson,Database Administrator,96540
4611,Bob Lewis,DevOps Engineer,69458
4612,Emma Smith,Network Engineer,88117
4613,Emma Clark,Project Manager,60994
4614,Emma Clark,DevOps Engineer,86655
4615,Michael Taylor,System Administrator,89413
4616,Charlie Taylor,Project Manager,58263
4617,Emma Smith,DevOps Engineer,88705
4618,David Clark,Database Administrator,78647
4619,Olivia Johnson,UX Designer,97733
4620,Michael Walker,Software Engineer,75423
4621,Bob Lewis,System Administrator,50374
4622,Alice Harris,Software Engineer,60732
4623,Emma Clark,System Administrator,67403
4624,Jane Brown,Product Manager,80632
4625,Emma Harris,UX Designer,67580
4626,Olivia Clark,Database Administrator,68551
4627,Bob Brown,Database Administrator,54063
4628,Charlie Walker,Data Analyst,86514
4629,Michael Johnson,UX Designer,73336
4630,David Lewis,AI Researcher,60420
4631,Michael Harris,System Administrator,72159
4632,Sophia Clark,Software Engineer,71650
4633,Olivia Smith,Database Administrator,76340
4634,Bob Lewis,Data Analyst,97015
4635,Charlie Clark,AI Researcher,71653
4636,David Walker,Database Administrator,56930
4637,Jane Brown,Product Manager,95833
4638,Charlie Martinez,Project Manager,59299
4639,Sophia Lewis,Project Manager,96942
4640,Bob Walker,UX Designer,95834
4641,Emma Brown,AI Researcher,68995
4642,Jane Johnson,System Administrator,67289
4643,Sophia Brown,AI Researcher,95456
4644,John Johnson,Software Engineer,77648
4645,Jane Martinez,AI Researcher,89471
4646,Olivia Smith,Project Manager,64267
4647,Emma Johnson,AI Researcher,73333
4648,Olivia Harris,AI Researcher,50617
4649,John Clark,Data Analyst,58550
4650,Bob Harris,Database Administrator,59842
4651,Olivia Walker,Project Manager,76694
4652,Sophia Brown,Product Manager,55302
4653,Emma Lewis,UX Designer,80296
4654,David Harris,System Administrator,56380
4655,Olivia Brown,Network Engineer,85974
4656,Bob Brown,Network Engineer,95463
4657,Emma Harris,Data Analyst,53672
4658,Bob Taylor,DevOps Engineer,62058
4659,Bob Harris,Data Analyst,55959
4660,Emma Brown,System Administrator,82715
4661,Emma Taylor,Project Manager,91200
4662,Michael Brown,Database Administrator,72645
4663,Bob Anderson,Data Analyst,63969
4664,Sophia Johnson,Data Analyst,60734
4665,Charlie Smith,AI Researcher,86378
4666,Charlie Taylor,UX Designer,56057
4667,Charlie Harris,Database Administrator,63351
4668,Olivia Lewis,Data Analyst,83072
4669,Michael Clark,Project Manager,93711
4670,Charlie Martinez,Network Engineer,78203
4671,Michael Johnson,UX Designer,65799
4672,Bob Martinez,Data Analyst,81130
4673,Alice Walker,AI Researcher,72060
4674,Emma Smith,DevOps Engineer,84977
4675,Emma Martinez,AI Researcher,53708
4676,Michael Smith,System Administrator,95820
4677,Jane Taylor,Software Engineer,69699
4678,Sophia Walker,UX Designer,64362
4679,David Harris,Software Engineer,71108
4680,Bob Johnson,Data Analyst,55377
4681,David Smith,System Administrator,69825
4682,Charlie Brown,Database Administrator,83187
4683,Charlie Walker,Product Manager,62377
4684,Alice Smith,DevOps Engineer,51318
4685,Michael Taylor,Database Administrator,99877
4686,David Johnson,UX Designer,83517
4687,Jane Martinez,Network Engineer,72990
4688,Jane Martinez,System Administrator,68869
4689,Bob Martinez,Project Manager,69365
4690,Michael Harris,Product Manager,75669
4691,Alice Brown,System Administrator,83269
4692,John Johnson,Software Engineer,75589
4693,Michael Anderson,Data Analyst,85498
4694,Alice Brown,UX Designer,94819
4695,John Clark,DevOps Engineer,55047
4696,Emma Anderson,AI Researcher,76279
4697,Jane Lewis,Network Engineer,96755
4698,Alice Harris,Data Analyst,57604
4699,Jane Smith,UX Designer,52351
4700,John Walker,Data Analyst,67535
4701,Emma Lewis,DevOps Engineer,71264
4702,Alice Martinez,Network Engineer,71145
4703,Michael Harris,AI Researcher,71267
4704,Sophia Walker,Software Engineer,97109
4705,Charlie Walker,Database Administrator,61878
4706,John Johnson,DevOps Engineer,82655
4707,Jane Brown,AI Researcher,96441
4708,Bob Johnson,UX Designer,74860
4709,Jane Harris,Product Manager,57234
4710,Bob Clark,System Administrator,57501
4711,Emma Walker,Database Administrator,65348
4712,Alice Lewis,UX Designer,93325
4713,John Johnson,Database Administrator,50370
4714,Olivia Johnson,Software Engineer,79140
4715,Sophia Brown,UX Designer,63012
4716,Emma Johnson,Product Manager,93647
4717,Bob Anderson,Product Manager,50317
4718,David Clark,AI Researcher,57028
4719,Emma Walker,Software Engineer,82356
4720,Michael Anderson,Product Manager,69217
4721,Alice Brown,Database Administrator,57199
4722,Olivia Taylor,Product Manager,74902
4723,Michael Lewis,Product Manager,93227
4724,Sophia Anderson,DevOps Engineer,80545
4725,Michael Walker,AI Researcher,88495
4726,Bob Smith,AI Researcher,89356
4727,Alice Smith,System Administrator,88433
4728,Jane Martinez,System Administrator,75446
4729,Emma Taylor,Software Engineer,61261
4730,Bob Smith,Project Manager,93080
4731,David Brown,Software Engineer,85267
4732,Jane Johnson,Product Manager,89816
4733,Bob Brown,Database Administrator,67414
4734,Charlie Smith,AI Researcher,52136
4735,Jane Brown,AI Researcher,84018
4736,John Anderson,System Administrator,59724
4737,Olivia Harris,DevOps Engineer,82316
4738,Olivia Smith,Network Engineer,85659
4739,Jane Smith,UX Designer,63684
4740,Michael Lewis,AI Researcher,72975
4741,Michael Martinez,DevOps Engineer,67614
4742,Michael Taylor,Software Engineer,77042
4743,Jane Brown,Product Manager,92548
4744,Sophia Clark,System Administrator,87974
4745,John Taylor,Software Engineer,51032
4746,Sophia Smith,Database Administrator,71635
4747,Jane Anderson,Product Manager,63476
4748,Michael Smith,UX Designer,92818
4749,Alice Anderson,System Administrator,78319
4750,Alice Johnson,Data Analyst,50548
4751,Bob Walker,Project Manager,77550
4752,David Anderson,Database Administrator,67921
4753,John Clark,Network Engineer,52076
4754,Michael Clark,Product Manager,94357
4755,Alice Johnson,Project Manager,58545
4756,John Brown,Product Manager,95414
4757,Olivia Brown,Project Manager,77663
4758,Olivia Taylor,Software Engineer,67555
4759,Olivia Martinez,Network Engineer,92212
4760,Emma Harris,DevOps Engineer,96673
4761,Michael Clark,Product Manager,76807
4762,Emma Lewis,Software Engineer,96281
4763,David Walker,AI Researcher,75816
4764,Charlie Johnson,System Administrator,95298
4765,Emma Taylor,AI Researcher,87394
4766,Jane Clark,AI Researcher,55622
4767,Alice Johnson,Software Engineer,93365
4768,Charlie Johnson,Data Analyst,85126
4769,Emma Martinez,Database Administrator,67620
4770,John Harris,Database Administrator,68695
4771,David Lewis,UX Designer,60715
4772,Olivia Smith,AI Researcher,87242
4773,Bob Johnson,System Administrator,81700
4774,Bob Anderson,Database Administrator,63425
4775,Alice Martinez,DevOps Engineer,98424
4776,David Johnson,Project Manager,72653
4777,Charlie Anderson,AI Researcher,82397
4778,Charlie Smith,AI Researcher,90977
4779,Jane Anderson,UX Designer,74815
4780,Sophia Johnson,AI Researcher,94496
4781,Jane Harris,System Administrator,98406
4782,Sophia Martinez,UX Designer,88430
4783,Emma Smith,Data Analyst,75349
4784,Olivia Johnson,Network Engineer,87233
4785,Olivia Johnson,Database Administrator,67997
4786,Sophia Taylor,Data Analyst,66895
4787,Emma Clark,Data Analyst,76245
4788,John Martinez,UX Designer,88933
4789,Olivia Smith,UX Designer,65910
4790,Jane Clark,Project Manager,59493
4791,David Anderson,System Administrator,81363
4792,Alice Brown,Database Administrator,88851
4793,Bob Harris,Network Engineer,57359
4794,Jane Johnson,DevOps Engineer,65561
4795,Charlie Anderson,AI Researcher,50859
4796,John Smith,System Administrator,95351
4797,John Martinez,Database Administrator,70884
4798,David Taylor,Network Engineer,52868
4799,Alice Lewis,Software Engineer,69587
4800,Alice Lewis,Data Analyst,50236
4801,Michael Brown,Product Manager,91952
4802,Emma Clark,Project Manager,72228
4803,Alice Martinez,Project Manager,66879
4804,Sophia Lewis,Software Engineer,95585
4805,Jane Brown,Product Manager,63807
4806,Jane Harris,System Administrator,93357
4807,Emma Johnson,Network Engineer,68846
4808,Olivia Clark,Software Engineer,82488
4809,David Walker,Database Administrator,73620
4810,John Lewis,AI Researcher,65818
4811,Alice Harris,UX Designer,70985
4812,Alice Johnson,System Administrator,98173
4813,David Taylor,Database Administrator,94772
4814,David Smith,Software Engineer,77245
4815,Michael Johnson,AI Researcher,88371
4816,Jane Walker,Project Manager,66623
4817,Michael Anderson,System Administrator,66191
4818,Jane Harris,Product Manager,62124
4819,Sophia Clark,Software Engineer,67185
4820,David Taylor,Software Engineer,76436
4821,Bob Brown,Product Manager,97619
4822,Jane Brown,DevOps Engineer,89700
4823,Olivia Anderson,System Administrator,70082
4824,Charlie Clark,Data Analyst,99811
4825,Charlie Walker,UX Designer,55574
4826,Sophia Smith,Project Manager,96521
4827,David Brown,UX Designer,99934
4828,Jane Walker,DevOps Engineer,50004
4829,Michael Walker,System Administrator,69445
4830,Sophia Johnson,Data Analyst,68343
4831,Emma Taylor,UX Designer,97175
4832,David Lewis,Product Manager,68444
4833,David Harris,System Administrator,74719
4834,Michael Lewis,Software Engineer,72354
4835,Jane Harris,Database Administrator,72337
4836,Michael Martinez,Data Analyst,91763
4837,David Harris,AI Researcher,67043
4838,Sophia Taylor,Database Administrator,58988
4839,Charlie Smith,System Administrator,53775
4840,Emma Harris,Network Engineer,95189
4841,Olivia Anderson,DevOps Engineer,68465
4842,Emma Anderson,Network Engineer,95350
4843,Charlie Martinez,Project Manager,84889
4844,John Smith,Data Analyst,52641
4845,Jane Brown,Project Manager,83607
4846,Olivia Johnson,UX Designer,69857
4847,John Clark,System Administrator,93209
4848,Emma Walker,System Administrator,82664
4849,David Martinez,Database Administrator,54653
4850,Jane Taylor,Software Engineer,89984
4851,David Harris,Product Manager,81404
4852,Emma Taylor,DevOps Engineer,58332
4853,Jane Clark,Project Manager,57477
4854,Olivia Walker,Software Engineer,74948
4855,Jane Smith,AI Researcher,64326
4856,Bob Anderson,AI Researcher,70610
4857,David Clark,Data Analyst,77431
4858,Emma Anderson,Database Administrator,94886
4859,Charlie Smith,Network Engineer,80588
4860,Michael Martinez,Product Manager,93640
4861,Olivia Clark,DevOps Engineer,83255
4862,David Johnson,Project Manager,90303
4863,Olivia Walker,Software Engineer,96453
4864,Charlie Johnson,System Administrator,55982
4865,Sophia Smith,AI Researcher,98713
4866,Emma Taylor,Product Manager,75101
4867,David Smith,System Administrator,55488
4868,Sophia Clark,Data Analyst,73855
4869,Alice Smith,Network Engineer,86336
4870,Emma Brown,Network Engineer,71510
4871,Sophia Anderson,AI Researcher,76094
4872,Sophia Brown,Network Engineer,54432
4873,Charlie Harris,Project Manager,74837
4874,Jane Walker,Data Analyst,72679
4875,David Smith,UX Designer,57903
4876,Emma Johnson,Project Manager,87488
4877,Emma Brown,Project Manager,68433
4878,Alice Martinez,UX Designer,69009
4879,David Walker,Network Engineer,79957
4880,Sophia Clark,AI Researcher,52622
4881,David Taylor,DevOps Engineer,80680
4882,Charlie Taylor,DevOps Engineer,92728
4883,Sophia Clark,Project Manager,94154
4884,Jane Smith,Software Engineer,99293
4885,Alice Martinez,Project Manager,75818
4886,Emma Harris,System Administrator,72039
4887,John Walker,Product Manager,83439
4888,David Walker,Software Engineer,64718
4889,John Martinez,System Administrator,50368
4890,Sophia Harris,System Administrator,87093
4891,Michael Martinez,UX Designer,77212
4892,Sophia Martinez,Network Engineer,73466
4893,Emma Clark,DevOps Engineer,57141
4894,Michael Martinez,Software Engineer,65076
4895,Charlie Lewis,Data Analyst,66122
4896,Sophia Anderson,UX Designer,83214
4897,Olivia Martinez,Product Manager,87542
4898,Bob Taylor,DevOps Engineer,86298
4899,Bob Clark,DevOps Engineer,60416
4900,Bob Smith,Project Manager,69947
4901,Jane Martinez,Network Engineer,78877
4902,David Anderson,Data Analyst,53128
4903,Emma Smith,AI Researcher,81141
4904,David Walker,System Administrator,54846
4905,Olivia Walker,Network Engineer,70115
4906,John Johnson,System Administrator,97719
4907,Alice Lewis,Software Engineer,76620
4908,Jane Anderson,Product Manager,95770
4909,Alice Clark,System Administrator,58240
4910,Bob Anderson,Data Analyst,93713
4911,Jane Brown,Database Administrator,79655
4912,Jane Walker,System Administrator,85733
4913,Michael Clark,Database Administrator,93201
4914,David Anderson,System Administrator,89213
4915,Olivia Smith,UX Designer,68227
4916,Bob Martinez,Network Engineer,63232
4917,Emma Taylor,Database Administrator,68845
4918,Jane Smith,DevOps Engineer,66281
4919,Michael Johnson,DevOps Engineer,56190
4920,Jane Clark,System Administrator,56495
4921,Emma Brown,AI Researcher,91418
4922,Michael Taylor,AI Researcher,86677
4923,David Anderson,Database Administrator,78479
4924,Jane Smith,Data Analyst,75214
4925,Sophia Smith,Software Engineer,52216
4926,Charlie Lewis,Data Analyst,85549
4927,Charlie Taylor,Project Manager,76994
4928,Sophia Johnson,Software Engineer,96821
4929,Charlie Johnson,Product Manager,73765
4930,Sophia Brown,UX Designer,68671
4931,John Johnson,AI Researcher,96413
4932,Jane Taylor,System Administrator,98709
4933,Sophia Smith,AI Researcher,67147
4934,Alice Harris,UX Designer,81353
4935,Alice Johnson,Database Administrator,69951
4936,David Anderson,Product Manager,58397
4937,Michael Lewis,System Administrator,69291
4938,Emma Johnson,UX Designer,65671
4939,Jane Taylor,DevOps Engineer,81673
4940,Alice Smith,DevOps Engineer,96908
4941,Bob Walker,DevOps Engineer,72823
4942,Sophia Johnson,Product Manager,71223
4943,Jane Johnson,Product Manager,69617
4944,David Harris,Network Engineer,99588
4945,David Harris,Database Administrator,88812
4946,Sophia Brown,UX Designer,94778
4947,Michael Anderson,DevOps Engineer,87201
4948,Jane Lewis,Product Manager,61099
4949,Alice Martinez,Database Administrator,93977
4950,Olivia Johnson,DevOps Engineer,56481
4951,Michael Lewis,Data Analyst,66810
4952,Jane Clark,UX Designer,56880
4953,Bob Taylor,Network Engineer,75334
4954,John Clark,AI Researcher,92051
4955,Michael Clark,Database Administrator,64074
4956,Emma Taylor,Software Engineer,61613
4957,Alice Anderson,DevOps Engineer,60509
4958,Emma Anderson,Network Engineer,70346
4959,Charlie Smith,Product Manager,83120
4960,Michael Harris,Product Manager,83879
4961,Jane Brown,Network Engineer,76327
4962,David Taylor,AI Researcher,58219
4963,Sophia Johnson,Project Manager,80519
4964,Michael Lewis,Network Engineer,95084
4965,Bob Brown,Database Administrator,94257
4966,John Walker,AI Researcher,96081
4967,John Lewis,Product Manager,80184
4968,Emma Harris,DevOps Engineer,73570
4969,Bob Clark,Software Engineer,83798
4970,Emma Smith,Software Engineer,86910
4971,Alice Harris,Database Administrator,91682
4972,Emma Taylor,Software Engineer,65865
4973,Alice Martinez,Project Manager,64408
4974,Bob Anderson,Database Administrator,99934
4975,David Johnson,DevOps Engineer,91568
4976,John Martinez,Database Administrator,95824
4977,Michael Taylor,DevOps Engineer,57815
4978,Olivia Smith,AI Researcher,96930
4979,John Johnson,Database Administrator,82866
4980,Alice Clark,UX Designer,80057
4981,Alice Smith,AI Researcher,67973
4982,Michael Lewis,AI Researcher,65522
4983,Emma Martinez,DevOps Engineer,76620
4984,Alice Anderson,AI Researcher,61176
4985,David Johnson,Product Manager,67839
4986,Bob Johnson,Software Engineer,93594
4987,Charlie Smith,Product Manager,72830
4988,Jane Martinez,DevOps Engineer,70181
4989,Alice Walker,DevOps Engineer,60307
4990,Alice Taylor,Software Engineer,80220
4991,Charlie Anderson,Network Engineer,84129
4992,Olivia Harris,Software Engineer,71952
4993,David Martinez,UX Designer,77993
4994,John Lewis,UX Designer,93407
4995,Olivia Anderson,DevOps Engineer,99859
4996,Olivia Walker,Network Engineer,76674
4997,Alice Brown,Database Administrator,69977
4998,Sophia Brown,Product Manager,50879
4999,Bob Walker,Network Engineer,72858
5000,Bob Brown,Data Analyst,93855
5001,Olivia Walker,Network Engineer,58248
5002,Jane Martinez,Data Analyst,71964
5003,Emma Martinez,Software Engineer,74877
5004,Charlie Brown,DevOps Engineer,71632
5005,Sophia Johnson,Product Manager,50894
5006,John Anderson,AI Researcher,50650
5007,Michael Johnson,Data Analyst,60476
5008,Emma Johnson,Project Manager,61399
5009,Alice Martinez,Database Administrator,93049
5010,Alice Clark,Data Analyst,93830
5011,Alice Harris,Software Engineer,56858
5012,Jane Taylor,AI Researcher,59163
5013,Olivia Harris,AI Researcher,75774
5014,Sophia Martinez,Product Manager,75353
5015,Olivia Smith,Software Engineer,85172
5016,Bob Harris,Product Manager,78233
5017,Bob Martinez,Network Engineer,60047
5018,Alice Martinez,Software Engineer,71435
5019,Michael Smith,System Administrator,80162
5020,John Taylor,Product Manager,51701
5021,Sophia Brown,Database Administrator,50578
5022,Bob Brown,Project Manager,53032
5023,John Taylor,UX Designer,99165
5024,Emma Johnson,Project Manager,93171
5025,Jane Brown,Product Manager,71383
5026,Sophia Lewis,Network Engineer,81537
5027,Olivia Clark,Project Manager,98368
5028,Michael Martinez,Product Manager,63619
5029,David Taylor,Product Manager,51676
5030,Michael Walker,UX Designer,57272
5031,Charlie Martinez,DevOps Engineer,59788
5032,Charlie Johnson,Product Manager,82730
5033,David Anderson,DevOps Engineer,75769
5034,Michael Anderson,Data Analyst,60705
5035,Charlie Johnson,AI Researcher,63742
5036,Bob Johnson,UX Designer,65710
5037,Alice Johnson,DevOps Engineer,96785
5038,Bob Anderson,System Administrator,51585
5039,Sophia Harris,DevOps Engineer,91989
5040,Bob Johnson,Project Manager,90789
5041,Charlie Clark,DevOps Engineer,67322
5042,Emma Brown,Software Engineer,60678
5043,Alice Taylor,Project Manager,73201
5044,Sophia Brown,DevOps Engineer,68564
5045,David Harris,Project Manager,85135
5046,John Johnson,UX Designer,56168
5047,Jane Johnson,Product Manager,73979
5048,Olivia Lewis,UX Designer,96830
5049,Jane Harris,Software Engineer,79604
5050,Olivia Lewis,DevOps Engineer,52537
5051,Bob Brown,System Administrator,66202
5052,Alice Smith,System Administrator,64517
5053,Olivia Clark,Database Administrator,90020
5054,Jane Smith,DevOps Engineer,95740
5055,Bob Anderson,Project Manager,88512
5056,Alice Clark,Network Engineer,97118
5057,Emma Martinez,AI Researcher,67805
5058,Charlie Lewis,AI Researcher,55850
5059,Jane Lewis,Data Analyst,82136
5060,John Clark,System Administrator,94990
5061,David Anderson,Database Administrator,99652
5062,Charlie Anderson,System Administrator,91825
5063,Emma Harris,Software Engineer,90321
5064,Jane Brown,Database Administrator,62150
5065,Alice Walker,UX Designer,79632
5066,John Johnson,AI Researcher,66634
5067,Jane Brown,UX Designer,63842
5068,Bob Martinez,System Administrator,54300
5069,Charlie Anderson,Software Engineer,59221
5070,Sophia Johnson,Project Manager,95436
5071,Sophia Brown,Project Manager,57766
5072,John Harris,AI Researcher,68656
5073,Jane Johnson,Product Manager,51549
5074,Jane Smith,AI Researcher,78896
5075,Olivia Taylor,AI Researcher,79933
5076,Michael Harris,System Administrator,85172
5077,Sophia Lewis,Database Administrator,96158
5078,Charlie Brown,Data Analyst,51399
5079,Olivia Taylor,Data Analyst,71150
5080,Alice Brown,AI Researcher,52064
5081,Emma Taylor,Data Analyst,62319
5082,Bob Taylor,DevOps Engineer,99180
5083,Alice Johnson,Database Administrator,71135
5084,Sophia Johnson,Project Manager,85107
5085,Sophia Anderson,Project Manager,81479
5086,Bob Anderson,System Administrator,78676
5087,Bob Martinez,Project Manager,86840
5088,Jane Walker,Database Administrator,61412
5089,Sophia Walker,System Administrator,65390
5090,David Martinez,AI Researcher,95394
5091,Jane Clark,Data Analyst,78236
5092,Olivia Smith,AI Researcher,95162
5093,Sophia Smith,System Administrator,73168
5094,Michael Lewis,System Administrator,56725
5095,Emma Martinez,UX Designer,88066
5096,Olivia Lewis,Database Administrator,51025
5097,Bob Lewis,Software Engineer,56495
5098,Emma Walker,Network Engineer,68857
5099,Michael Lewis,Product Manager,81262
5100,Alice Smith,DevOps Engineer,62382
5101,Emma Taylor,AI Researcher,93323
5102,Sophia Martinez,UX Designer,59268
5103,Charlie Johnson,Product Manager,85020
5104,Alice Clark,Product Manager,54847
5105,Jane Anderson,Product Manager,79389
5106,Michael Lewis,Database Administrator,52508
5107,Olivia Harris,UX Designer,73745
5108,Olivia Lewis,Database Administrator,71849
5109,David Taylor,System Administrator,50123
5110,Michael Taylor,Network Engineer,69689
5111,Michael Clark,Network Engineer,97429
5112,Sophia Clark,AI Researcher,63835
5113,Emma Smith,Database Administrator,57502
5114,Sophia Walker,System Administrator,66044
5115,Bob Johnson,DevOps Engineer,76127
5116,John Martinez,Data Analyst,65173
5117,Emma Harris,Data Analyst,95898
5118,Michael Taylor,Data Analyst,64737
5119,Alice Walker,DevOps Engineer,52731
5120,Emma Johnson,DevOps Engineer,67397
5121,Olivia Taylor,Network Engineer,85828
5122,David Martinez,Data Analyst,78620
5123,Michael Taylor,Software Engineer,62161
5124,Emma Harris,Product Manager,84406
5125,Charlie Lewis,System Administrator,52087
5126,Sophia Anderson,Data Analyst,74073
5127,Bob Johnson,Network Engineer,63227
5128,John Lewis,Software Engineer,50210
5129,Sophia Harris,Network Engineer,58026
5130,Jane Smith,Database Administrator,87777
5131,Alice Lewis,AI Researcher,59337
5132,Olivia Johnson,Database Administrator,87303
5133,Jane Taylor,Network Engineer,64510
5134,Emma Lewis,System Administrator,61607
5135,Olivia Brown,Software Engineer,93237
5136,John Johnson,Project Manager,91471
5137,Sophia Harris,Data Analyst,68869
5138,Sophia Johnson,AI Researcher,55933
5139,John Taylor,Database Administrator,68113
5140,Emma Clark,System Administrator,93798
5141,Emma Clark,DevOps Engineer,53434
5142,Bob Smith,Software Engineer,97786
5143,Jane Brown,Network Engineer,97120
5144,John Walker,DevOps Engineer,56720
5145,John Martinez,UX Designer,96094
5146,John Clark,Database Administrator,57299
5147,Bob Smith,Data Analyst,86569
5148,Jane Taylor,Product Manager,66627
5149,Olivia Walker,Network Engineer,99742
5150,Bob Harris,Database Administrator,75768
5151,Olivia Lewis,Database Administrator,96117
5152,John Smith,Project Manager,88619
5153,David Lewis,Database Administrator,51798
5154,Emma Johnson,Database Administrator,93959
5155,Bob Taylor,Database Administrator,85257
5156,Alice Harris,AI Researcher,73174
5157,Sophia Taylor,Software Engineer,70105
5158,Emma Johnson,UX Designer,55757
5159,Charlie Taylor,DevOps Engineer,92348
5160,Emma Taylor,AI Researcher,93787
5161,Jane Clark,DevOps Engineer,74849
5162,Michael Harris,Data Analyst,70075
5163,Sophia Harris,DevOps Engineer,96794
5164,Bob Smith,DevOps Engineer,96559
5165,Olivia Taylor,Software Engineer,81751
5166,Jane Walker,DevOps Engineer,97413
5167,Charlie Brown,UX Designer,53024
5168,Michael Martinez,DevOps Engineer,82083
5169,Olivia Harris,Software Engineer,96332
5170,John Brown,DevOps Engineer,91065
5171,Jane Johnson,Project Manager,61438
5172,John Brown,Project Manager,66338
5173,Emma Taylor,AI Researcher,77141
5174,Olivia Taylor,Network Engineer,61119
5175,John Martinez,DevOps Engineer,52730
5176,Michael Harris,UX Designer,91473
5177,Sophia Clark,Database Administrator,58805
5178,Emma Brown,Database Administrator,83686
5179,Emma Walker,Database Administrator,63002
5180,Jane Anderson,Software Engineer,62871
5181,Michael Walker,Network Engineer,63837
5182,John Smith,UX Designer,90346
5183,Jane Walker,Data Analyst,55713
5184,Michael Lewis,Product Manager,75815
5185,Charlie Lewis,System Administrator,73709
5186,Charlie Clark,Software Engineer,87610
5187,Jane Brown,Software Engineer,83556
5188,John Smith,Project Manager,50579
5189,Bob Harris,Database Administrator,86387
5190,Michael Brown,DevOps Engineer,79148
5191,Alice Harris,UX Designer,84133
5192,Charlie Anderson,Project Manager,93343
5193,Charlie Lewis,System Administrator,86070
5194,Charlie Smith,Data Analyst,80697
5195,Olivia Anderson,Software Engineer,75176
5196,David Harris,DevOps Engineer,56978
5197,Michael Smith,Software Engineer,97089
5198,Sophia Harris,DevOps Engineer,57972
5199,Emma Harris,Database Administrator,50741
5200,Alice Harris,Product Manager,76673
5201,Michael Clark,DevOps Engineer,77357
5202,Emma Anderson,Network Engineer,66453
5203,John Martinez,Database Administrator,64471
5204,Alice Lewis,UX Designer,52697
5205,Emma Johnson,DevOps Engineer,65778
5206,Sophia Clark,Project Manager,58794
5207,Michael Walker,System Administrator,84504
5208,Jane Taylor,Database Administrator,69795
5209,Michael Martinez,Product Manager,62847
5210,John Walker,System Administrator,51001
5211,Olivia Johnson,AI Researcher,98558
5212,Emma Martinez,Project Manager,73783
5213,David Martinez,AI Researcher,81502
5214,John Lewis,Database Administrator,82261
5215,David Lewis,Network Engineer,67152
5216,Alice Lewis,UX Designer,89597
5217,Sophia Brown,Database Administrator,58527
5218,Emma Harris,Software Engineer,57825
5219,David Taylor,Data Analyst,51714
5220,Emma Taylor,AI Researcher,72884
5221,Bob Anderson,Software Engineer,78099
5222,John Brown,Database Administrator,75577
5223,Michael Taylor,Network Engineer,59193
5224,Sophia Harris,DevOps Engineer,76469
5225,Sophia Johnson,Product Manager,96014
5226,Charlie Walker,Product Manager,56435
5227,David Walker,UX Designer,67682
5228,Emma Clark,Data Analyst,51110
5229,David Johnson,Data Analyst,83076
5230,Jane Walker,Network Engineer,78680
5231,John Taylor,Database Administrator,69428
5232,Olivia Harris,System Administrator,72946
5233,Alice Harris,AI Researcher,59309
5234,Emma Smith,Network Engineer,50895
5235,Jane Clark,System Administrator,68453
5236,Bob Smith,Database Administrator,71094
5237,Emma Smith,Project Manager,61304
5238,Jane Smith,Project Manager,74165
5239,Sophia Smith,Software Engineer,87146
5240,David Harris,AI Researcher,56529
5241,Olivia Anderson,Network Engineer,57969
5242,Charlie Johnson,Product Manager,98578
5243,Bob Walker,Network Engineer,74290
5244,David Johnson,AI Researcher,72804
5245,Sophia Walker,DevOps Engineer,83185
5246,David Lewis,Network Engineer,96208
5247,Charlie Smith,Data Analyst,77620
5248,Sophia Walker,Database Administrator,72634
5249,Sophia Brown,System Administrator,87217
5250,John Brown,Software Engineer,56190
5251,Alice Taylor,UX Designer,64644
5252,Emma Harris,UX Designer,79881
5253,Michael Lewis,Data Analyst,52744
5254,Alice Harris,UX Designer,78122
5255,Olivia Smith,UX Designer,84471
5256,Charlie Lewis,Database Administrator,75229
5257,Jane Walker,DevOps Engineer,61661
5258,Bob Harris,Data Analyst,75813
5259,Jane Martinez,Software Engineer,72408
5260,Sophia Lewis,DevOps Engineer,84308
5261,Emma Taylor,Network Engineer,88115
5262,Charlie Martinez,Network Engineer,74022
5263,Olivia Smith,DevOps Engineer,72049
5264,Emma Walker,UX Designer,69909
5265,Charlie Brown,AI Researcher,65059
5266,Jane Clark,DevOps Engineer,96814
5267,Bob Brown,AI Researcher,59752
5268,Emma Smith,Database Administrator,92516
5269,Jane Taylor,Project Manager,84029
5270,Emma Lewis,Database Administrator,78429
5271,Emma Walker,Software Engineer,75873
5272,Bob Johnson,Product Manager,68139
5273,Sophia Martinez,Product Manager,88790
5274,Bob Smith,Project Manager,52877
5275,David Brown,Database Administrator,86613
5276,Emma Taylor,DevOps Engineer,66118
5277,John Clark,Data Analyst,76695
5278,Emma Lewis,Project Manager,76963
5279,Jane Harris,DevOps Engineer,58188
5280,Bob Smith,Software Engineer,50939
5281,Jane Clark,AI Researcher,60770
5282,Michael Lewis,System Administrator,72613
5283,David Walker,Data Analyst,92151
5284,Jane Brown,Data Analyst,83378
5285,Bob Johnson,System Administrator,62799
5286,Bob Walker,Network Engineer,78690
5287,Charlie Smith,Database Administrator,75081
5288,Michael Smith,Network Engineer,51856
5289,Emma Brown,Software Engineer,60779
5290,Michael Johnson,AI Researcher,75474
5291,David Clark,System Administrator,74667
5292,David Brown,System Administrator,91811
5293,Olivia Smith,Network Engineer,58083
5294,Sophia Brown,Project Manager,57463
5295,Olivia Lewis,System Administrator,54517
5296,John Harris,Data Analyst,97053
5297,Michael Brown,AI Researcher,85528
5298,John Harris,UX Designer,81047
5299,Alice Smith,Data Analyst,50792
5300,Charlie Martinez,Database Administrator,88513
5301,Jane Clark,AI Researcher,87950
5302,Olivia Smith,UX Designer,72602
5303,Sophia Anderson,Product Manager,85933
5304,David Johnson,AI Researcher,92594
5305,John Johnson,DevOps Engineer,96633
5306,Bob Brown,Project Manager,60168
5307,Jane Taylor,Database Administrator,78227
5308,John Harris,Software Engineer,99741
5309,Emma Harris,Software Engineer,93241
5310,David Clark,Database Administrator,76472
5311,John Clark,System Administrator,87050
5312,David Johnson,System Administrator,87457
5313,David Harris,Product Manager,99743
5314,Jane Smith,DevOps Engineer,83105
5315,Sophia Smith,Product Manager,57759
5316,Jane Brown,Product Manager,83585
5317,Olivia Harris,Network Engineer,73843
5318,Sophia Smith,Project Manager,94407
5319,Emma Martinez,DevOps Engineer,75244
5320,Emma Brown,AI Researcher,77931
5321,Emma Clark,System Administrator,69358
5322,Michael Johnson,Data Analyst,88658
5323,Alice Johnson,DevOps Engineer,93033
5324,Olivia Brown,System Administrator,90027
5325,Jane Smith,DevOps Engineer,60274
5326,David Smith,UX Designer,57828
5327,Sophia Anderson,Project Manager,88238
5328,John Lewis,Software Engineer,52840
5329,Olivia Brown,Database Administrator,88516
5330,Michael Brown,Product Manager,68926
5331,Jane Smith,Network Engineer,76089
5332,Bob Martinez,System Administrator,56878
5333,David Harris,Data Analyst,60288
5334,Bob Brown,UX Designer,81811
5335,Jane Smith,Database Administrator,50049
5336,Jane Anderson,Network Engineer,74355
5337,Jane Martinez,UX Designer,59763
5338,Sophia Brown,Software Engineer,90111
5339,Charlie Clark,Database Administrator,62062
5340,Bob Walker,Software Engineer,57297
5341,Charlie Harris,Project Manager,55559
5342,Sophia Clark,Product Manager,70235
5343,Sophia Clark,System Administrator,99054
5344,Bob Johnson,Product Manager,74038
5345,Bob Brown,Project Manager,80987
5346,Jane Taylor,Project Manager,88268
5347,Bob Martinez,Software Engineer,75461
5348,John Clark,DevOps Engineer,66898
5349,David Walker,Project Manager,82697
5350,Olivia Brown,DevOps Engineer,87494
5351,David Anderson,UX Designer,54318
5352,David Martinez,UX Designer,50764
5353,Charlie Smith,Product Manager,98344
5354,Michael Harris,DevOps Engineer,61591
5355,Bob Smith,Software Engineer,84675
5356,Charlie Harris,Project Manager,98724
5357,David Harris,Data Analyst,51530
5358,Bob Harris,Project Manager,57788
5359,Sophia Martinez,Project Manager,69639
5360,David Lewis,UX Designer,61785
5361,John Harris,Database Administrator,77540
5362,John Anderson,DevOps Engineer,77167
5363,Emma Lewis,Project Manager,69685
5364,David Taylor,Project Manager,72929
5365,David Martinez,System Administrator,76822
5366,Michael Walker,Data Analyst,53073
5367,Emma Harris,Software Engineer,94449
5368,Michael Martinez,UX Designer,52858
5369,Sophia Lewis,Database Administrator,61519
5370,Jane Harris,System Administrator,74245
5371,John Taylor,Project Manager,80110
5372,Alice Johnson,System Administrator,95018
5373,Bob Clark,UX Designer,96055
5374,Emma Harris,Database Administrator,95792
5375,David Taylor,Database Administrator,72438
5376,Olivia Harris,AI Researcher,75732
5377,Charlie Walker,UX Designer,83693
5378,Emma Martinez,Project Manager,51773
5379,Emma Martinez,Software Engineer,99237
5380,Jane Walker,Network Engineer,94381
5381,Emma Anderson,Product Manager,63455
5382,Alice Lewis,System Administrator,50259
5383,Jane Lewis,DevOps Engineer,65634
5384,Emma Smith,DevOps Engineer,50489
5385,Alice Lewis,DevOps Engineer,61773
5386,Jane Johnson,Data Analyst,51272
5387,David Walker,System Administrator,85588
5388,Bob Walker,System Administrator,60910
5389,John Smith,Project Manager,68476
5390,Emma Anderson,Product Manager,60243
5391,Alice Smith,System Administrator,79001
5392,Alice Smith,Network Engineer,68743
5393,Alice Walker,Project Manager,69264
5394,David Johnson,Network Engineer,71651
5395,Charlie Johnson,Project Manager,92587
5396,Jane Brown,Project Manager,52397
5397,John Brown,UX Designer,60720
5398,John Clark,DevOps Engineer,84481
5399,Jane Walker,Project Manager,97702
5400,Alice Brown,Data Analyst,60300
5401,Olivia Walker,System Administrator,95647
5402,John Harris,Data Analyst,85170
5403,Michael Walker,System Administrator,80855
5404,Bob Johnson,Project Manager,83708
5405,Michael Anderson,Data Analyst,71434
5406,David Walker,System Administrator,91200
5407,John Johnson,Network Engineer,56264
5408,Alice Walker,Data Analyst,50667
5409,Sophia Anderson,Software Engineer,98212
5410,Olivia Martinez,Software Engineer,63257
5411,John Walker,Product Manager,96997
5412,Olivia Johnson,Software Engineer,77452
5413,Olivia Lewis,Data Analyst,67022
5414,Bob Martinez,Network Engineer,74980
5415,Sophia Brown,DevOps Engineer,92531
5416,Michael Lewis,Network Engineer,50635
5417,Emma Walker,DevOps Engineer,54212
5418,John Martinez,System Administrator,63950
5419,Jane Johnson,AI Researcher,56630
5420,Jane Walker,Project Manager,62717
5421,Emma Anderson,DevOps Engineer,79356
5422,Jane Anderson,Product Manager,95411
5423,David Lewis,Network Engineer,54401
5424,Michael Lewis,Product Manager,62290
5425,David Martinez,Data Analyst,67441
5426,Bob Lewis,Database Administrator,68706
5427,Bob Taylor,UX Designer,69494
5428,David Martinez,UX Designer,52708
5429,Michael Lewis,Software Engineer,87883
5430,John Taylor,System Administrator,50890
5431,Charlie Brown,Product Manager,77449
5432,John Anderson,UX Designer,78720
5433,Sophia Clark,Data Analyst,97233
5434,John Clark,Data Analyst,80833
5435,Sophia Walker,System Administrator,87410
5436,Bob Lewis,Product Manager,71646
5437,John Martinez,Data Analyst,75032
5438,Charlie Johnson,Project Manager,80028
5439,Alice Harris,AI Researcher,69955
5440,John Martinez,UX Designer,53643
5441,Sophia Martinez,Product Manager,94200
5442,Alice Taylor,AI Researcher,61691
5443,David Smith,AI Researcher,50116
5444,Bob Johnson,AI Researcher,88466
5445,Olivia Anderson,Network Engineer,76444
5446,Bob Brown,Software Engineer,88885
5447,Charlie Anderson,Database Administrator,85092
5448,Alice Clark,Project Manager,71722
5449,Jane Harris,UX Designer,78181
5450,Jane Martinez,AI Researcher,71514
5451,Alice Harris,System Administrator,92355
5452,Bob Clark,DevOps Engineer,96286
5453,Emma Martinez,Software Engineer,68461
5454,Sophia Walker,Data Analyst,90703
5455,Bob Smith,Network Engineer,54039
5456,Charlie Johnson,System Administrator,56211
5457,Michael Smith,Database Administrator,56637
5458,Alice Smith,UX Designer,97998
5459,Emma Taylor,Product Manager,69737
5460,Bob Clark,Product Manager,98670
5461,Emma Martinez,Database Administrator,99261
5462,Charlie Clark,Database Administrator,92399
5463,John Lewis,Software Engineer,67847
5464,Emma Smith,Project Manager,56385
5465,Emma Johnson,Network Engineer,75945
5466,Jane Lewis,AI Researcher,96511
5467,Charlie Lewis,System Administrator,84253
5468,Michael Walker,Software Engineer,95159
5469,Alice Lewis,System Administrator,88661
5470,Charlie Johnson,Database Administrator,50534
5471,Alice Harris,AI Researcher,67922
5472,Bob Clark,Product Manager,68800
5473,Alice Martinez,Project Manager,98047
5474,David Brown,Database Administrator,88978
5475,Charlie Brown,Network Engineer,52964
5476,Olivia Lewis,Software Engineer,64302
5477,Jane Taylor,Product Manager,97145
5478,Jane Anderson,DevOps Engineer,64737
5479,David Lewis,System Administrator,72473
5480,Alice Taylor,Network Engineer,69738
5481,Michael Harris,Project Manager,80899
5482,Michael Taylor,Product Manager,77876
5483,Charlie Taylor,AI Researcher,85648
5484,Alice Walker,UX Designer,70350
5485,Emma Brown,Database Administrator,78672
5486,Olivia Clark,Network Engineer,55717
5487,Michael Martinez,Network Engineer,89475
5488,Bob Anderson,Product Manager,72182
5489,Olivia Johnson,AI Researcher,72674
5490,Jane Brown,UX Designer,63109
5491,David Anderson,Product Manager,90511
5492,Charlie Walker,Project Manager,89552
5493,Alice Lewis,Data Analyst,93407
5494,Alice Smith,Project Manager,62136
5495,David Martinez,DevOps Engineer,78389
5496,Olivia Clark,Data Analyst,77677
5497,Alice Harris,Database Administrator,56260
5498,Emma Lewis,Product Manager,66996
5499,Sophia Lewis,DevOps Engineer,94659
5500,Jane Clark,UX Designer,95010
5501,John Lewis,Network Engineer,85627
5502,David Brown,Database Administrator,53451
5503,David Harris,System Administrator,98407
5504,Michael Martinez,UX Designer,63218
5505,Charlie Johnson,Software Engineer,57513
5506,Sophia Smith,Data Analyst,78428
5507,Emma Martinez,Product Manager,86844
5508,Jane Taylor,Software Engineer,76247
5509,Michael Lewis,DevOps Engineer,71560
5510,Emma Lewis,AI Researcher,65125
5511,Bob Martinez,Data Analyst,92645
5512,Alice Walker,Network Engineer,96727
5513,Charlie Harris,Software Engineer,53811
5514,Michael Anderson,UX Designer,70254
5515,Bob Lewis,Software Engineer,99358
5516,Jane Smith,Network Engineer,76625
5517,Bob Lewis,Data Analyst,70290
5518,Charlie Anderson,DevOps Engineer,70722
5519,Olivia Lewis,Network Engineer,93765
5520,Emma Lewis,Product Manager,52654
5521,Bob Taylor,DevOps Engineer,55662
5522,John Johnson,Data Analyst,76529
5523,Sophia Martinez,Project Manager,75009
5524,Sophia Taylor,DevOps Engineer,78275
5525,Sophia Johnson,Network Engineer,76001
5526,Bob Harris,AI Researcher,51944
5527,Alice Clark,Database Administrator,58553
5528,Charlie Martinez,Data Analyst,79473
5529,Alice Johnson,Database Administrator,54902
5530,Bob Lewis,Network Engineer,68579
5531,Emma Taylor,Data Analyst,67436
5532,Alice Walker,Product Manager,64181
5533,David Johnson,Project Manager,63982
5534,John Taylor,UX Designer,59071
5535,Alice Harris,Software Engineer,90213
5536,Sophia Anderson,Data Analyst,56793
5537,Emma Smith,Database Administrator,72665
5538,John Anderson,Project Manager,93250
5539,Emma Smith,Database Administrator,97424
5540,Charlie Taylor,Database Administrator,77775
5541,Bob Lewis,AI Researcher,87972
5542,Olivia Martinez,Software Engineer,71643
5543,Bob Clark,UX Designer,67519
5544,Jane Anderson,AI Researcher,72971
5545,Emma Smith,Project Manager,97228
5546,Michael Anderson,System Administrator,72759
5547,Emma Anderson,Software Engineer,99536
5548,David Brown,Software Engineer,68984
5549,Emma Brown,Software Engineer,89171
5550,Charlie Johnson,Software Engineer,84431
5551,Alice Brown,Database Administrator,61691
5552,Michael Brown,Product Manager,52840
5553,Alice Martinez,Project Manager,96029
5554,Olivia Harris,Product Manager,60928
5555,Alice Lewis,Product Manager,74756
5556,David Harris,UX Designer,87794
5557,Olivia Taylor,AI Researcher,87286
5558,Michael Anderson,Project Manager,93662
5559,Charlie Taylor,Project Manager,69423
5560,Emma Clark,UX Designer,58232
5561,Bob Johnson,DevOps Engineer,86176
5562,Michael Johnson,Software Engineer,54035
5563,Charlie Brown,Data Analyst,67160
5564,Alice Lewis,DevOps Engineer,54962
5565,David Walker,Software Engineer,96045
5566,Jane Harris,AI Researcher,73633
5567,Michael Johnson,DevOps Engineer,61538
5568,Olivia Lewis,DevOps Engineer,66525
5569,Jane Clark,Data Analyst,82606
5570,John Lewis,Data Analyst,52229
5571,David Harris,System Administrator,57071
5572,Alice Martinez,Project Manager,80239
5573,Bob Taylor,Product Manager,57942
5574,Emma Anderson,Network Engineer,82674
5575,Olivia Anderson,AI Researcher,95492
5576,Bob Martinez,UX Designer,78979
5577,Bob Johnson,AI Researcher,60554
5578,Jane Harris,UX Designer,66274
5579,Sophia Anderson,Network Engineer,77063
5580,Sophia Harris,Software Engineer,57749
5581,John Johnson,Data Analyst,62758
5582,Jane Brown,UX Designer,61798
5583,John Harris,Database Administrator,95801
5584,Olivia Clark,Project Manager,94297
5585,Jane Harris,Software Engineer,80562
5586,David Anderson,AI Researcher,62054
5587,Sophia Smith,DevOps Engineer,79349
5588,Charlie Harris,Software Engineer,68180
5589,Olivia Walker,Software Engineer,79502
5590,Emma Lewis,DevOps Engineer,81313
5591,Alice Taylor,Network Engineer,57635
5592,Olivia Walker,Network Engineer,86381
5593,Michael Martinez,AI Researcher,83596
5594,Alice Walker,Project Manager,91107
5595,Olivia Harris,System Administrator,79506
5596,Bob Taylor,Software Engineer,86030
5597,Bob Walker,Network Engineer,65144
5598,David Clark,Product Manager,68501
5599,John Clark,AI Researcher,88112
5600,Charlie Harris,Network Engineer,98499
5601,Alice Walker,AI Researcher,52212
5602,Charlie Martinez,Database Administrator,99619
5603,Emma Brown,AI Researcher,66690
5604,Sophia Anderson,Data Analyst,82052
5605,Jane Martinez,Project Manager,93751
5606,Michael Brown,Software Engineer,70474
5607,Jane Martinez,Product Manager,50969
5608,Emma Johnson,System Administrator,71863
5609,Emma Clark,Product Manager,88329
5610,Emma Walker,DevOps Engineer,95548
5611,Michael Taylor,Project Manager,71593
5612,Michael Anderson,Network Engineer,70273
5613,Charlie Lewis,Data Analyst,81019
5614,John Martinez,System Administrator,69000
5615,Michael Walker,Database Administrator,71041
5616,Sophia Smith,Database Administrator,94111
5617,John Clark,DevOps Engineer,69837
5618,Olivia Lewis,UX Designer,50009
5619,Alice Martinez,UX Designer,60182
5620,John Smith,Database Administrator,94408
5621,Sophia Harris,Project Manager,94325
5622,David Lewis,Database Administrator,63086
5623,Emma Walker,System Administrator,64202
5624,John Harris,Software Engineer,63592
5625,David Lewis,Project Manager,92431
5626,Olivia Smith,System Administrator,78889
5627,Sophia Anderson,Product Manager,97985
5628,Michael Johnson,Data Analyst,53032
5629,Emma Johnson,Project Manager,83746
5630,Alice Walker,Project Manager,87255
5631,Sophia Johnson,Software Engineer,86429
5632,Bob Brown,DevOps Engineer,51473
5633,Alice Smith,DevOps Engineer,58869
5634,Michael Anderson,AI Researcher,99417
5635,Alice Anderson,AI Researcher,95954
5636,Alice Harris,UX Designer,75769
5637,Charlie Taylor,DevOps Engineer,85823
5638,Jane Brown,Software Engineer,56862
5639,Michael Martinez,DevOps Engineer,71108
5640,Olivia Taylor,AI Researcher,51731
5641,Charlie Clark,Project Manager,88356
5642,Alice Harris,Database Administrator,54169
5643,Michael Walker,Data Analyst,71079
5644,Bob Clark,AI Researcher,67324
5645,Bob Anderson,System Administrator,88981
5646,Michael Clark,DevOps Engineer,65413
5647,Bob Brown,Software Engineer,97086
5648,David Lewis,AI Researcher,53380
5649,Michael Anderson,System Administrator,79157
5650,John Martinez,Database Administrator,54237
5651,Emma Brown,Database Administrator,66488
5652,Alice Walker,Project Manager,95537
5653,Alice Lewis,DevOps Engineer,71689
5654,Emma Clark,Data Analyst,76324
5655,Jane Harris,Database Administrator,51957
5656,Sophia Harris,System Administrator,61077
5657,Olivia Martinez,Software Engineer,91331
5658,John Johnson,AI Researcher,58414
5659,Olivia Johnson,UX Designer,73478
5660,Bob Clark,DevOps Engineer,60079
5661,Sophia Walker,Database Administrator,61593
5662,Bob Smith,Network Engineer,71371
5663,John Walker,AI Researcher,66779
5664,Sophia Clark,DevOps Engineer,77459
5665,Charlie Johnson,UX Designer,92003
5666,Alice Brown,Database Administrator,86656
5667,Emma Smith,UX Designer,51435
5668,John Brown,AI Researcher,64477
5669,Sophia Lewis,Product Manager,61569
5670,John Walker,DevOps Engineer,95899
5671,Jane Martinez,Product Manager,73946
5672,Olivia Harris,Network Engineer,68768
5673,John Martinez,DevOps Engineer,68439
5674,Jane Martinez,Data Analyst,76558
5675,Emma Martinez,AI Researcher,89213
5676,David Walker,Data Analyst,59471
5677,Olivia Walker,System Administrator,58360
5678,Emma Clark,System Administrator,66508
5679,Olivia Smith,UX Designer,82979
5680,John Smith,UX Designer,82905
5681,Michael Johnson,DevOps Engineer,61779
5682,David Harris,DevOps Engineer,92705
5683,Sophia Walker,Product Manager,89971
5684,Alice Harris,DevOps Engineer,80397
5685,Emma Smith,Database Administrator,83040
5686,Sophia Taylor,Data Analyst,58099
5687,David Johnson,System Administrator,82979
5688,Olivia Brown,Network Engineer,87966
5689,Michael Taylor,Data Analyst,66264
5690,Sophia Anderson,AI Researcher,84835
5691,Alice Anderson,UX Designer,91670
5692,Olivia Lewis,Network Engineer,74519
5693,Bob Harris,Data Analyst,61039
5694,John Smith,Network Engineer,61505
5695,Bob Smith,Project Manager,57192
5696,Bob Martinez,Network Engineer,76011
5697,Sophia Smith,Product Manager,89816
5698,Olivia Clark,Software Engineer,70986
5699,Olivia Clark,Project Manager,91252
5700,Emma Smith,Product Manager,90975
5701,Bob Johnson,Project Manager,59319
5702,Michael Clark,UX Designer,73970
5703,Jane Taylor,Product Manager,85840
5704,Jane Taylor,Network Engineer,83818
5705,Jane Brown,AI Researcher,73120
5706,Jane Lewis,Database Administrator,82247
5707,Bob Johnson,UX Designer,70758
5708,Olivia Taylor,Data Analyst,86266
5709,David Martinez,AI Researcher,52204
5710,Sophia Brown,Database Administrator,54426
5711,Charlie Anderson,DevOps Engineer,55264
5712,Olivia Johnson,Network Engineer,82363
5713,Sophia Walker,Product Manager,99161
5714,Jane Anderson,Product Manager,78988
5715,Charlie Clark,System Administrator,86436
5716,Emma Lewis,UX Designer,53977
5717,Michael Harris,Database Administrator,65750
5718,Sophia Harris,AI Researcher,67411
5719,Bob Clark,Product Manager,77433
5720,Sophia Anderson,Software Engineer,64688
5721,Jane Martinez,DevOps Engineer,82151
5722,David Taylor,AI Researcher,50809
5723,Sophia Harris,System Administrator,78384
5724,Emma Martinez,DevOps Engineer,67728
5725,David Smith,Software Engineer,96579
5726,Alice Brown,Network Engineer,60382
5727,Alice Anderson,Product Manager,71561
5728,Sophia Walker,UX Designer,54806
5729,Charlie Anderson,AI Researcher,76022
5730,Bob Smith,Product Manager,78658
5731,Charlie Lewis,AI Researcher,96686
5732,Alice Johnson,DevOps Engineer,94855
5733,Sophia Clark,Database Administrator,99955
5734,John Brown,DevOps Engineer,73878
5735,Sophia Lewis,Data Analyst,87498
5736,Alice Johnson,DevOps Engineer,71971
5737,Olivia Smith,Product Manager,55307
5738,Jane Brown,Software Engineer,73666
5739,John Harris,AI Researcher,63180
5740,Michael Johnson,AI Researcher,82629
5741,Jane Martinez,DevOps Engineer,74419
5742,Alice Anderson,System Administrator,94370
5743,Olivia Martinez,DevOps Engineer,85420
5744,Charlie Johnson,AI Researcher,65999
5745,David Smith,DevOps Engineer,56281
5746,David Anderson,Project Manager,97961
5747,Bob Harris,Database Administrator,99732
5748,Bob Lewis,AI Researcher,68702
5749,Emma Taylor,AI Researcher,52866
5750,Sophia Taylor,Data Analyst,67858
5751,Bob Taylor,System Administrator,87502
5752,Alice Walker,Software Engineer,82367
5753,Charlie Brown,Data Analyst,56797
5754,John Martinez,Project Manager,90087
5755,Alice Anderson,DevOps Engineer,99119
5756,Olivia Johnson,AI Researcher,57094
5757,Jane Johnson,AI Researcher,90188
5758,Jane Walker,AI Researcher,84077
5759,Emma Lewis,Network Engineer,87083
5760,Charlie Lewis,Product Manager,64631
5761,Emma Anderson,AI Researcher,87280
5762,Alice Walker,Product Manager,65408
5763,Alice Harris,UX Designer,55430
5764,David Brown,Software Engineer,78898
5765,Michael Martinez,AI Researcher,92242
5766,Sophia Taylor,Product Manager,69119
5767,Michael Brown,Data Analyst,94911
5768,Bob Clark,DevOps Engineer,83148
5769,John Anderson,Product Manager,87413
5770,Emma Walker,Data Analyst,65328
5771,John Taylor,DevOps Engineer,59192
5772,David Smith,Network Engineer,58034
5773,Alice Taylor,Database Administrator,97204
5774,John Brown,System Administrator,82380
5775,Michael Smith,System Administrator,76595
5776,Bob Anderson,Project Manager,51114
5777,Jane Smith,UX Designer,71885
5778,Charlie Clark,Project Manager,57070
5779,David Johnson,AI Researcher,51979
5780,Michael Anderson,Data Analyst,78022
5781,Bob Clark,AI Researcher,66838
5782,Michael Harris,Network Engineer,71931
5783,Emma Brown,UX Designer,59723
5784,Emma Lewis,Data Analyst,57591
5785,Bob Walker,AI Researcher,79031
5786,Jane Johnson,Project Manager,65988
5787,Alice Walker,Database Administrator,95778
5788,Michael Martinez,Network Engineer,63097
5789,Charlie Lewis,Software Engineer,61552
5790,Alice Harris,UX Designer,78396
5791,David Harris,Database Administrator,84490
5792,Charlie Walker,Project Manager,69264
5793,Alice Johnson,DevOps Engineer,72726
5794,David Johnson,System Administrator,86346
5795,Charlie Harris,Product Manager,92521
5796,Olivia Anderson,Network Engineer,56847
5797,Bob Smith,Software Engineer,60271
5798,John Walker,AI Researcher,80971
5799,Sophia Lewis,AI Researcher,92593
5800,David Lewis,Data Analyst,58484
5801,Bob Lewis,Network Engineer,95787
5802,Sophia Clark,UX Designer,68812
5803,David Martinez,DevOps Engineer,59073
5804,Jane Smith,Network Engineer,81494
5805,Sophia Walker,AI Researcher,57089
5806,Charlie Lewis,System Administrator,61729
5807,Olivia Brown,Network Engineer,63140
5808,David Taylor,Database Administrator,55839
5809,David Lewis,AI Researcher,54512
5810,Alice Smith,Data Analyst,89929
5811,Michael Taylor,Software Engineer,80308
5812,Charlie Taylor,Product Manager,56297
5813,David Taylor,Network Engineer,84152
5814,Alice Smith,Network Engineer,70191
5815,Alice Anderson,Database Administrator,68219
5816,Emma Smith,Product Manager,54611
5817,Sophia Clark,DevOps Engineer,98933
5818,John Brown,Software Engineer,69196
5819,David Harris,System Administrator,64106
5820,Emma Harris,Product Manager,53600
5821,John Johnson,Software Engineer,64806
5822,Charlie Lewis,Network Engineer,53870
5823,Olivia Taylor,Product Manager,90587
5824,Michael Lewis,Product Manager,71163
5825,Jane Johnson,Project Manager,99314
5826,David Brown,Project Manager,93732
5827,Jane Walker,Data Analyst,75662
5828,Olivia Smith,Database Administrator,73296
5829,Jane Johnson,UX Designer,61588
5830,Sophia Taylor,UX Designer,89075
5831,Sophia Martinez,UX Designer,73813
5832,Olivia Walker,AI Researcher,96712
5833,Charlie Walker,Database Administrator,81154
5834,Sophia Martinez,System Administrator,94047
5835,David Anderson,Network Engineer,85318
5836,Sophia Anderson,Network Engineer,70040
5837,Olivia Brown,Database Administrator,73073
5838,Bob Johnson,DevOps Engineer,52098
5839,David Harris,Project Manager,65946
5840,Bob Harris,Data Analyst,56226
5841,Emma Walker,Software Engineer,69234
5842,Bob Martinez,Software Engineer,85495
5843,Alice Johnson,System Administrator,92189
5844,John Martinez,Data Analyst,65177
5845,Jane Johnson,Network Engineer,72069
5846,Emma Clark,Software Engineer,69757
5847,Charlie Anderson,Project Manager,64238
5848,Michael Martinez,Project Manager,68015
5849,Charlie Taylor,UX Designer,61076
5850,Michael Walker,Product Manager,74834
5851,Alice Johnson,System Administrator,71826
5852,Sophia Martinez,Data Analyst,54428
5853,John Lewis,Data Analyst,93865
5854,John Anderson,Data Analyst,68430
5855,Sophia Martinez,DevOps Engineer,59184
5856,John Harris,Data Analyst,68548
5857,John Clark,Network Engineer,69942
5858,Sophia Clark,Software Engineer,84767
5859,Emma Smith,Product Manager,83375
5860,Alice Taylor,DevOps Engineer,57275
5861,Bob Clark,Data Analyst,64625
5862,Michael Harris,AI Researcher,85025
5863,Sophia Anderson,Software Engineer,68028
5864,John Harris,UX Designer,83349
5865,Olivia Taylor,Project Manager,53041
5866,Bob Smith,Product Manager,80799
5867,Bob Clark,Project Manager,78661
5868,Michael Lewis,Project Manager,58610
5869,Emma Johnson,Project Manager,74049
5870,Michael Anderson,System Administrator,56664
5871,John Johnson,Product Manager,91977
5872,Michael Taylor,Product Manager,74732
5873,Michael Smith,Data Analyst,65089
5874,Alice Brown,Software Engineer,76559
5875,Michael Walker,Project Manager,96370
5876,David Martinez,AI Researcher,92092
5877,Sophia Harris,Data Analyst,69557
5878,John Lewis,Network Engineer,66492
5879,David Anderson,Database Administrator,53579
5880,Jane Smith,Network Engineer,63519
5881,Alice Lewis,Network Engineer,85457
5882,John Taylor,Database Administrator,80953
5883,Charlie Lewis,Project Manager,95371
5884,Charlie Martinez,UX Designer,56455
5885,Sophia Smith,DevOps Engineer,81960
5886,Michael Clark,Network Engineer,90294
5887,Alice Walker,Software Engineer,98532
5888,Jane Martinez,Product Manager,65982
5889,David Walker,Data Analyst,50893
5890,Olivia Smith,DevOps Engineer,95877
5891,Alice Smith,Project Manager,82422
5892,Jane Clark,Product Manager,92134
5893,John Taylor,Database Administrator,76144
5894,Alice Clark,Product Manager,51548
5895,Emma Brown,System Administrator,96219
5896,David Johnson,UX Designer,97777
5897,Jane Martinez,Network Engineer,90923
5898,Alice Johnson,AI Researcher,94150
5899,David Lewis,Database Administrator,69715
5900,Sophia Martinez,Data Analyst,62936
5901,John Taylor,UX Designer,57642
5902,Olivia Anderson,AI Researcher,69186
5903,Charlie Harris,DevOps Engineer,89599
5904,Sophia Johnson,Software Engineer,74502
5905,Olivia Harris,Product Manager,56011
5906,Sophia Brown,AI Researcher,56126
5907,Alice Harris,UX Designer,58211
5908,David Brown,Database Administrator,66631
5909,Charlie Harris,Network Engineer,70526
5910,Jane Johnson,UX Designer,90483
5911,Emma Walker,UX Designer,74038
5912,Olivia Johnson,Data Analyst,92046
5913,Charlie Clark,Network Engineer,72830
5914,David Brown,UX Designer,84218
5915,Alice Anderson,DevOps Engineer,97318
5916,Bob Clark,AI Researcher,72686
5917,Alice Martinez,AI Researcher,79072
5918,Jane Smith,Product Manager,86454
5919,Sophia Walker,System Administrator,58049
5920,Olivia Harris,Network Engineer,77963
5921,Charlie Brown,DevOps Engineer,89967
5922,Charlie Smith,DevOps Engineer,94694
5923,John Brown,Software Engineer,95943
5924,Olivia Clark,AI Researcher,54023
5925,David Anderson,Software Engineer,87262
5926,Olivia Harris,System Administrator,82388
5927,Olivia Lewis,AI Researcher,92521
5928,Emma Walker,Project Manager,70332
5929,David Johnson,DevOps Engineer,56542
5930,David Harris,Data Analyst,93190
5931,David Harris,Database Administrator,84306
5932,David Taylor,AI Researcher,71521
5933,Michael Martinez,System Administrator,54848
5934,Alice Walker,System Administrator,99685
5935,Emma Smith,AI Researcher,66726
5936,Bob Johnson,Software Engineer,92054
5937,Emma Brown,UX Designer,63373
5938,Alice Brown,AI Researcher,84502
5939,Alice Smith,Database Administrator,77119
5940,Olivia Johnson,Product Manager,89730
5941,Charlie Anderson,System Administrator,54759
5942,Charlie Johnson,DevOps Engineer,56127
5943,Jane Brown,Data Analyst,72828
5944,Michael Walker,Software Engineer,52613
5945,Michael Walker,Data Analyst,54242
5946,David Harris,Data Analyst,90487
5947,Emma Clark,AI Researcher,75921
5948,David Harris,DevOps Engineer,54645
5949,Emma Walker,Database Administrator,79367
5950,Sophia Taylor,UX Designer,92559
5951,Olivia Brown,Product Manager,74374
5952,David Lewis,UX Designer,98801
5953,Emma Martinez,Database Administrator,53214
5954,Michael Johnson,Product Manager,65041
5955,Sophia Martinez,Data Analyst,80891
5956,Bob Johnson,DevOps Engineer,96886
5957,Jane Taylor,Data Analyst,95088
5958,David Taylor,Database Administrator,54492
5959,Olivia Harris,Project Manager,96767
5960,Sophia Taylor,UX Designer,98689
5961,John Harris,AI Researcher,99258
5962,Sophia Brown,System Administrator,76495
5963,Alice Brown,UX Designer,80204
5964,Olivia Walker,System Administrator,99229
5965,John Smith,AI Researcher,51662
5966,Emma Harris,Software Engineer,66431
5967,Charlie Anderson,UX Designer,99646
5968,David Anderson,AI Researcher,59462
5969,Jane Anderson,AI Researcher,96913
5970,Emma Walker,System Administrator,87076
5971,David Anderson,Network Engineer,76777
5972,Olivia Walker,Data Analyst,87257
5973,Charlie Brown,Network Engineer,52554
5974,Emma Anderson,Software Engineer,54120
5975,Sophia Lewis,Network Engineer,93330
5976,Olivia Lewis,Network Engineer,93619
5977,Olivia Taylor,Project Manager,77765
5978,David Brown,AI Researcher,77700
5979,Olivia Clark,Network Engineer,98354
5980,Charlie Clark,Database Administrator,71557
5981,John Martinez,Software Engineer,67229
5982,Olivia Anderson,Network Engineer,66498
5983,Jane Anderson,Project Manager,61578
5984,Emma Anderson,DevOps Engineer,50404
5985,Alice Walker,Data Analyst,83769
5986,Michael Lewis,Data Analyst,64022
5987,John Anderson,AI Researcher,74067
5988,David Harris,UX Designer,90933
5989,Bob Walker,UX Designer,54562
5990,David Clark,Database Administrator,51396
5991,Jane Clark,System Administrator,85413
5992,Bob Harris,AI Researcher,89835
5993,Jane Harris,Network Engineer,83468
5994,Bob Clark,Network Engineer,95014
5995,David Taylor,System Administrator,55962
5996,John Johnson,System Administrator,88565
5997,Michael Taylor,Product Manager,72317
5998,John Walker,AI Researcher,99531
5999,Charlie Walker,System Administrator,60451
6000,Emma Johnson,DevOps Engineer,96345
6001,John Lewis,Database Administrator,50772
6002,Charlie Smith,UX Designer,92808
6003,Bob Lewis,DevOps Engineer,56987
6004,John Martinez,Product Manager,83391
6005,Michael Johnson,Project Manager,75649
6006,Bob Johnson,UX Designer,99232
6007,Michael Brown,Data Analyst,83910
6008,Alice Anderson,DevOps Engineer,75721
6009,Sophia Lewis,UX Designer,73138
6010,Bob Anderson,Project Manager,78562
6011,Olivia Martinez,Network Engineer,63031
6012,Sophia Walker,Database Administrator,67432
6013,John Taylor,AI Researcher,66797
6014,Jane Smith,Software Engineer,80387
6015,Michael Smith,Database Administrator,97914
6016,Sophia Lewis,UX Designer,67271
6017,Bob Harris,Project Manager,75790
6018,Olivia Clark,AI Researcher,60498
6019,Alice Anderson,Project Manager,91654
6020,John Johnson,Data Analyst,70435
6021,John Martinez,UX Designer,50085
6022,John Martinez,Product Manager,76107
6023,Michael Martinez,Project Manager,67576
6024,Charlie Smith,Product Manager,60171
6025,Jane Harris,DevOps Engineer,56752
6026,Michael Harris,AI Researcher,59154
6027,Sophia Walker,DevOps Engineer,96949
6028,Jane Anderson,UX Designer,85365
6029,Bob Martinez,Database Administrator,69513
6030,Sophia Walker,Data Analyst,70103
6031,Sophia Smith,Network Engineer,90988
6032,Jane Taylor,UX Designer,63443
6033,Charlie Taylor,Software Engineer,80932
6034,David Harris,System Administrator,91309
6035,David Martinez,Project Manager,78096
6036,Bob Walker,Network Engineer,63513
6037,Sophia Smith,Database Administrator,50463
6038,Olivia Lewis,Project Manager,93200
6039,Olivia Johnson,Data Analyst,84670
6040,Jane Lewis,AI Researcher,95226
6041,Olivia Taylor,AI Researcher,64090
6042,John Smith,DevOps Engineer,93427
6043,Sophia Harris,Software Engineer,73555
6044,Michael Taylor,UX Designer,68150
6045,Charlie Clark,System Administrator,78695
6046,Alice Walker,Network Engineer,74150
6047,Jane Harris,AI Researcher,81146
6048,Michael Martinez,UX Designer,57062
6049,David Anderson,Database Administrator,77487
6050,John Johnson,Product Manager,73577
6051,Michael Smith,Database Administrator,93850
6052,John Clark,Data Analyst,72204
6053,Bob Harris,System Administrator,72953
6054,Jane Lewis,Database Administrator,70985
6055,Olivia Walker,Network Engineer,53169
6056,John Taylor,Data Analyst,80982
6057,Bob Brown,Network Engineer,86606
6058,Sophia Anderson,UX Designer,80762
6059,David Clark,Project Manager,65579
6060,Sophia Brown,Software Engineer,64477
6061,Charlie Anderson,Data Analyst,79759
6062,Charlie Clark,UX Designer,88073
6063,Sophia Smith,System Administrator,96572
6064,David Johnson,UX Designer,82513
6065,Jane Clark,System Administrator,95441
6066,John Harris,Network Engineer,99228
6067,Sophia Walker,System Administrator,53534
6068,Bob Johnson,UX Designer,53386
6069,Bob Anderson,AI Researcher,80430
6070,David Martinez,AI Researcher,57408
6071,Michael Taylor,AI Researcher,54867
6072,Olivia Smith,Software Engineer,74872
6073,John Walker,Software Engineer,82983
6074,Alice Martinez,Product Manager,50881
6075,John Martinez,UX Designer,88243
6076,Emma Lewis,Data Analyst,79247
6077,Jane Anderson,AI Researcher,76072
6078,Michael Clark,Product Manager,75405
6079,Emma Martinez,UX Designer,50182
6080,Michael Johnson,Data Analyst,76292
6081,Charlie Harris,AI Researcher,92960
6082,Bob Anderson,Database Administrator,57595
6083,Sophia Taylor,Network Engineer,97203
6084,Michael Harris,Product Manager,70576
6085,Bob Martinez,System Administrator,76691
6086,Bob Clark,AI Researcher,74834
6087,Olivia Smith,Data Analyst,71035
6088,Charlie Lewis,Product Manager,50627
6089,Emma Taylor,UX Designer,69264
6090,Sophia Harris,AI Researcher,54612
6091,Alice Clark,Software Engineer,65954
6092,Olivia Smith,Project Manager,90345
6093,John Anderson,AI Researcher,54300
6094,Charlie Harris,Product Manager,96451
6095,John Harris,Software Engineer,66438
6096,Jane Brown,Project Manager,74800
6097,Emma Lewis,Data Analyst,96956
6098,Charlie Martinez,Database Administrator,58036
6099,Charlie Taylor,DevOps Engineer,67954
6100,David Harris,Software Engineer,76242
6101,Olivia Walker,Database Administrator,88530
6102,Sophia Taylor,Database Administrator,67872
6103,Michael Harris,DevOps Engineer,50363
6104,Charlie Harris,Product Manager,87212
6105,Sophia Johnson,AI Researcher,98244
6106,Alice Smith,Network Engineer,64833
6107,Olivia Johnson,Software Engineer,66163
6108,David Taylor,Data Analyst,92996
6109,Bob Harris,Database Administrator,85530
6110,John Walker,Data Analyst,75150
6111,Bob Taylor,System Administrator,86917
6112,Bob Walker,DevOps Engineer,78113
6113,David Harris,UX Designer,85229
6114,Bob Taylor,UX Designer,81306
6115,Charlie Martinez,AI Researcher,67145
6116,Bob Smith,Project Manager,97299
6117,David Lewis,Project Manager,63794
6118,Bob Martinez,UX Designer,79980
6119,Olivia Martinez,Project Manager,83581
6120,Sophia Lewis,DevOps Engineer,92327
6121,Olivia Johnson,Network Engineer,66450
6122,David Smith,Software Engineer,91089
6123,Emma Harris,Project Manager,71295
6124,Alice Lewis,Data Analyst,92693
6125,Sophia Brown,Product Manager,83058
6126,John Anderson,Project Manager,85416
6127,David Johnson,Product Manager,76769
6128,Alice Martinez,Database Administrator,55330
6129,Sophia Taylor,DevOps Engineer,63675
6130,Sophia Clark,Database Administrator,63213
6131,Charlie Lewis,Software Engineer,58153
6132,John Anderson,Project Manager,50564
6133,Michael Brown,Database Administrator,88924
6134,Sophia Anderson,Product Manager,53027
6135,David Martinez,AI Researcher,51044
6136,Jane Taylor,Software Engineer,58199
6137,John Anderson,DevOps Engineer,73196
6138,Alice Smith,UX Designer,60187
6139,Michael Johnson,Software Engineer,57367
6140,Charlie Walker,Network Engineer,95496
6141,Charlie Johnson,DevOps Engineer,70365
6142,Alice Brown,AI Researcher,88345
6143,Bob Taylor,AI Researcher,50650
6144,Charlie Taylor,Database Administrator,60097
6145,Bob Anderson,Network Engineer,87378
6146,Charlie Brown,Data Analyst,66356
6147,Charlie Lewis,UX Designer,67531
6148,Emma Brown,System Administrator,67212
6149,Emma Walker,Network Engineer,88751
6150,Jane Taylor,AI Researcher,70758
6151,Michael Harris,System Administrator,58409
6152,Alice Anderson,UX Designer,64740
6153,Jane Walker,Product Manager,92102
6154,Charlie Clark,Database Administrator,69768
6155,Bob Lewis,System Administrator,95571
6156,Jane Martinez,Project Manager,95712
6157,Sophia Lewis,Data Analyst,62758
6158,Jane Harris,Database Administrator,51705
6159,Charlie Anderson,System Administrator,86726
6160,Charlie Clark,UX Designer,52797
6161,Jane Martinez,Data Analyst,76770
6162,David Lewis,Project Manager,71324
6163,Charlie Walker,Network Engineer,55621
6164,Alice Clark,Product Manager,87874
6165,Jane Martinez,System Administrator,92292
6166,Emma Brown,Project Manager,50806
6167,Michael Brown,Software Engineer,60366
6168,Michael Walker,System Administrator,87074
6169,John Clark,Network Engineer,52799
6170,Bob Anderson,Database Administrator,61341
6171,Sophia Harris,Software Engineer,95431
6172,Olivia Taylor,Database Administrator,67948
6173,David Harris,DevOps Engineer,52195
6174,Jane Johnson,System Administrator,66797
6175,John Walker,Software Engineer,98541
6176,Jane Clark,Database Administrator,80625
6177,Olivia Clark,System Administrator,86977
6178,Bob Brown,AI Researcher,81581
6179,Charlie Johnson,System Administrator,88066
6180,Michael Anderson,Software Engineer,57437
6181,Jane Walker,System Administrator,87789
6182,Olivia Smith,Data Analyst,58500
6183,Charlie Walker,Database Administrator,92259
6184,John Martinez,Network Engineer,87654
6185,Alice Lewis,DevOps Engineer,89807
6186,Bob Taylor,AI Researcher,81409
6187,Michael Walker,Data Analyst,54642
6188,David Martinez,AI Researcher,93742
6189,Sophia Harris,AI Researcher,68572
6190,John Lewis,DevOps Engineer,53394
6191,Olivia Anderson,Product Manager,93788
6192,Olivia Brown,Database Administrator,66637
6193,Sophia Walker,Network Engineer,57121
6194,Sophia Clark,Network Engineer,94315
6195,Michael Lewis,Project Manager,58165
6196,Charlie Brown,AI Researcher,59110
6197,Charlie Johnson,Network Engineer,73962
6198,Olivia Harris,Project Manager,97133
6199,Jane Clark,UX Designer,79281
6200,Michael Clark,DevOps Engineer,53441
6201,David Johnson,Database Administrator,91080
6202,Olivia Johnson,UX Designer,62059
6203,Olivia Walker,Data Analyst,59782
6204,Olivia Harris,System Administrator,86754
6205,Sophia Martinez,Product Manager,75601
6206,Sophia Martinez,Product Manager,50447
6207,Michael Smith,AI Researcher,97925
6208,Olivia Smith,UX Designer,78765
6209,Alice Brown,Project Manager,68623
6210,Bob Lewis,Database Administrator,62879
6211,Olivia Clark,Network Engineer,93841
6212,Alice Anderson,Data Analyst,83058
6213,David Walker,DevOps Engineer,53999
6214,Charlie Martinez,Project Manager,73512
6215,Bob Martinez,UX Designer,60534
6216,Charlie Harris,UX Designer,99067
6217,Emma Johnson,Database Administrator,63737
6218,Sophia Johnson,AI Researcher,59431
6219,Olivia Smith,Database Administrator,69290
6220,Olivia Clark,Data Analyst,58357
6221,Sophia Johnson,Network Engineer,83847
6222,Alice Walker,DevOps Engineer,82082
6223,David Lewis,System Administrator,64684
6224,Michael Harris,UX Designer,83421
6225,Emma Lewis,DevOps Engineer,52053
6226,Olivia Taylor,DevOps Engineer,50787
6227,David Anderson,System Administrator,53848
6228,Emma Brown,Product Manager,64520
6229,Emma Brown,Project Manager,60650
6230,Jane Brown,Product Manager,64391
6231,Olivia Walker,AI Researcher,96480
6232,Michael Clark,Network Engineer,52263
6233,Alice Taylor,Project Manager,78564
6234,David Clark,Data Analyst,79062
6235,Alice Martinez,Network Engineer,62434
6236,John Johnson,Data Analyst,68983
6237,David Anderson,Software Engineer,85555
6238,Jane Johnson,UX Designer,74450
6239,Michael Smith,Database Administrator,53755
6240,Emma Lewis,DevOps Engineer,99961
6241,Jane Lewis,DevOps Engineer,91378
6242,Bob Taylor,DevOps Engineer,51702
6243,Emma Johnson,Software Engineer,67875
6244,John Walker,Software Engineer,67002
6245,Jane Smith,Network Engineer,57779
6246,Emma Clark,AI Researcher,96564
6247,Alice Anderson,Product Manager,54042
6248,Olivia Brown,UX Designer,71573
6249,Charlie Brown,Software Engineer,71185
6250,Jane Brown,Network Engineer,53302
6251,Charlie Clark,AI Researcher,70547
6252,Charlie Johnson,Product Manager,98951
6253,Sophia Brown,Software Engineer,75239
6254,Charlie Lewis,Product Manager,64174
6255,Alice Johnson,Project Manager,68631
6256,Alice Smith,Product Manager,56036
6257,John Johnson,Network Engineer,84869
6258,David Johnson,Product Manager,73087
6259,Jane Taylor,Data Analyst,83321
6260,Bob Anderson,Network Engineer,68638
6261,Bob Martinez,Network Engineer,98593
6262,John Taylor,DevOps Engineer,74332
6263,Michael Taylor,System Administrator,75116
6264,Jane Smith,Software Engineer,85837
6265,Charlie Smith,Data Analyst,79018
6266,Bob Anderson,Network Engineer,81212
6267,Emma Taylor,Software Engineer,81230
6268,Jane Walker,Product Manager,85271
6269,John Anderson,AI Researcher,67658
6270,Sophia Lewis,Project Manager,94860
6271,Sophia Lewis,System Administrator,51143
6272,David Taylor,Network Engineer,53113
6273,Jane Clark,System Administrator,51093
6274,Olivia Johnson,Network Engineer,89338
6275,Alice Johnson,Product Manager,73438
6276,David Harris,Product Manager,84334
6277,Michael Martinez,DevOps Engineer,81259
6278,Olivia Martinez,System Administrator,72969
6279,Michael Lewis,Network Engineer,97124
6280,Michael Anderson,Product Manager,63647
6281,Alice Anderson,Software Engineer,62797
6282,Olivia Walker,UX Designer,82124
6283,John Brown,System Administrator,86443
6284,Olivia Smith,Database Administrator,75621
6285,Alice Anderson,Network Engineer,66652
6286,Bob Anderson,Software Engineer,95874
6287,Alice Lewis,Product Manager,89663
6288,Charlie Clark,Software Engineer,70071
6289,Michael Lewis,UX Designer,60181
6290,Alice Brown,Software Engineer,82988
6291,Sophia Harris,UX Designer,91661
6292,Michael Anderson,Project Manager,57376
6293,Alice Lewis,Network Engineer,71677
6294,Sophia Clark,UX Designer,71435
6295,Jane Harris,Network Engineer,98855
6296,David Johnson,Database Administrator,67383
6297,Charlie Lewis,System Administrator,60376
6298,Alice Johnson,Project Manager,87294
6299,Emma Taylor,Project Manager,53564
6300,Emma Walker,UX Designer,66896
6301,Olivia Taylor,AI Researcher,62774
6302,Alice Clark,Product Manager,67816
6303,Alice Brown,Project Manager,80482
6304,Jane Lewis,Data Analyst,99071
6305,Jane Harris,Software Engineer,91556
6306,Charlie Johnson,UX Designer,86794
6307,Emma Taylor,DevOps Engineer,68696
6308,Jane Brown,AI Researcher,63531
6309,David Johnson,AI Researcher,79444
6310,John Anderson,Product Manager,75476
6311,Emma Brown,Network Engineer,84390
6312,Alice Taylor,Data Analyst,54625
6313,Charlie Clark,Project Manager,60006
6314,Bob Brown,AI Researcher,63811
6315,Emma Brown,Software Engineer,60125
6316,Olivia Brown,Network Engineer,72547
6317,Jane Smith,UX Designer,85271
6318,Emma Johnson,DevOps Engineer,90955
6319,Alice Brown,Data Analyst,50566
6320,Michael Harris,Network Engineer,91600
6321,Charlie Lewis,Software Engineer,63452
6322,Bob Taylor,System Administrator,89479
6323,Bob Clark,Software Engineer,50001
6324,Michael Brown,Project Manager,98602
6325,Olivia Brown,AI Researcher,88180
6326,Emma Johnson,UX Designer,67206
6327,David Smith,Project Manager,62089
6328,Bob Clark,DevOps Engineer,59529
6329,Emma Walker,Project Manager,87280
6330,David Brown,Software Engineer,54500
6331,Jane Johnson,Data Analyst,59625
6332,Emma Anderson,Database Administrator,66368
6333,Michael Walker,AI Researcher,75864
6334,Michael Brown,Data Analyst,84532
6335,Charlie Clark,Database Administrator,57886
6336,Olivia Walker,Project Manager,79802
6337,Charlie Clark,Network Engineer,57509
6338,Emma Walker,Project Manager,72581
6339,Sophia Brown,System Administrator,96934
6340,Jane Clark,UX Designer,80773
6341,Olivia Brown,Project Manager,92542
6342,Alice Martinez,Project Manager,52047
6343,John Clark,DevOps Engineer,98859
6344,Charlie Lewis,Project Manager,61096
6345,Sophia Smith,Data Analyst,82469
6346,Michael Martinez,Software Engineer,62882
6347,Bob Taylor,DevOps Engineer,68007
6348,Jane Lewis,Product Manager,79487
6349,Bob Martinez,Network Engineer,92491
6350,Michael Smith,System Administrator,50656
6351,John Lewis,Data Analyst,71719
6352,Charlie Walker,Database Administrator,64964
6353,Bob Clark,Product Manager,75624
6354,Bob Taylor,Project Manager,67943
6355,Alice Walker,System Administrator,60868
6356,Charlie Walker,Network Engineer,77125
6357,Jane Brown,Network Engineer,67502
6358,Emma Martinez,AI Researcher,56561
6359,Bob Johnson,Data Analyst,65992
6360,Sophia Anderson,Software Engineer,53493
6361,Jane Lewis,System Administrator,52009
6362,Sophia Martinez,Project Manager,63420
6363,Michael Anderson,DevOps Engineer,81227
6364,David Walker,Database Administrator,92409
6365,Michael Johnson,DevOps Engineer,94121
6366,John Smith,Project Manager,63267
6367,Michael Walker,System Administrator,96829
6368,Sophia Taylor,System Administrator,90595
6369,Olivia Martinez,Project Manager,68600
6370,Charlie Brown,Network Engineer,87004
6371,Michael Clark,Project Manager,60501
6372,Charlie Johnson,System Administrator,98425
6373,Bob Brown,Software Engineer,79204
6374,Emma Clark,Product Manager,95744
6375,Charlie Smith,AI Researcher,67287
6376,John Anderson,Software Engineer,56778
6377,Charlie Johnson,Network Engineer,84797
6378,David Taylor,DevOps Engineer,75440
6379,Charlie Harris,Database Administrator,97189
6380,Alice Harris,AI Researcher,93052
6381,Charlie Brown,AI Researcher,79957
6382,Emma Johnson,Software Engineer,67264
6383,Alice Johnson,Data Analyst,89220
6384,Olivia Brown,DevOps Engineer,79164
6385,Olivia Anderson,AI Researcher,54054
6386,Jane Taylor,Project Manager,85846
6387,Emma Brown,Data Analyst,67017
6388,Sophia Taylor,AI Researcher,83187
6389,Alice Clark,Project Manager,80399
6390,John Anderson,Database Administrator,69104
6391,Bob Brown,Project Manager,64537
6392,John Johnson,Product Manager,94769
6393,Jane Brown,Software Engineer,61219
6394,Charlie Walker,Data Analyst,56518
6395,Sophia Lewis,Data Analyst,88546
6396,John Taylor,DevOps Engineer,89139
6397,David Walker,Database Administrator,51600
6398,Alice Martinez,System Administrator,52924
6399,David Walker,DevOps Engineer,54168
6400,Alice Lewis,DevOps Engineer,94130
6401,David Martinez,Product Manager,78207
6402,Sophia Harris,Software Engineer,64834
6403,John Martinez,Project Manager,61041
6404,Jane Clark,UX Designer,53519
6405,Emma Lewis,Software Engineer,69551
6406,Bob Clark,AI Researcher,70411
6407,David Johnson,Data Analyst,72502
6408,Alice Smith,AI Researcher,88909
6409,Michael Taylor,Software Engineer,83995
6410,Bob Lewis,DevOps Engineer,71156
6411,Charlie Taylor,Project Manager,91501
6412,Bob Taylor,Project Manager,73791
6413,Sophia Brown,DevOps Engineer,56299
6414,Sophia Johnson,Product Manager,84691
6415,Jane Brown,AI Researcher,50924
6416,John Brown,Database Administrator,87733
6417,David Smith,System Administrator,78549
6418,John Harris,System Administrator,72616
6419,Emma Clark,Data Analyst,97462
6420,Bob Smith,AI Researcher,69534
6421,Jane Taylor,AI Researcher,91521
6422,Olivia Anderson,Network Engineer,63417
6423,Alice Martinez,Network Engineer,86142
6424,Bob Anderson,Network Engineer,71606
6425,Bob Brown,Project Manager,63370
6426,Bob Taylor,Data Analyst,67319
6427,David Clark,Project Manager,98952
6428,David Walker,Data Analyst,71063
6429,John Walker,Project Manager,60164
6430,Emma Brown,Database Administrator,80828
6431,Charlie Johnson,Network Engineer,98292
6432,Michael Johnson,Product Manager,74068
6433,Sophia Anderson,DevOps Engineer,60175
6434,Charlie Harris,Software Engineer,57507
6435,Charlie Walker,AI Researcher,54824
6436,Charlie Martinez,AI Researcher,64842
6437,David Johnson,System Administrator,85619
6438,John Smith,Project Manager,99163
6439,Alice Martinez,Data Analyst,95941
6440,Sophia Brown,Product Manager,85329
6441,Michael Lewis,Network Engineer,58992
6442,Sophia Lewis,System Administrator,96857
6443,Olivia Martinez,System Administrator,51036
6444,David Johnson,UX Designer,71882
6445,Alice Johnson,Project Manager,74565
6446,John Taylor,DevOps Engineer,96265
6447,Jane Lewis,Data Analyst,93881
6448,Emma Brown,Database Administrator,93731
6449,Sophia Harris,Data Analyst,97401
6450,Olivia Martinez,UX Designer,82538
6451,Michael Walker,AI Researcher,67011
6452,Michael Clark,Project Manager,99215
6453,Charlie Taylor,Network Engineer,53141
6454,Sophia Smith,Database Administrator,65542
6455,John Anderson,Software Engineer,76195
6456,David Anderson,Network Engineer,72102
6457,Michael Taylor,Database Administrator,85468
6458,Emma Brown,System Administrator,96096
6459,Charlie Brown,Software Engineer,54441
6460,David Anderson,Database Administrator,65048
6461,Alice Lewis,Network Engineer,96201
6462,Olivia Anderson,DevOps Engineer,63305
6463,Jane Lewis,Software Engineer,86541
6464,Michael Clark,Software Engineer,51437
6465,Bob Harris,Database Administrator,58349
6466,Olivia Anderson,Network Engineer,75096
6467,Alice Anderson,Database Administrator,83684
6468,Sophia Clark,Product Manager,58622
6469,Sophia Anderson,Project Manager,66479
6470,Jane Walker,Software Engineer,71464
6471,Michael Smith,Data Analyst,57882
6472,Emma Harris,Database Administrator,92961
6473,Olivia Johnson,Product Manager,65279
6474,Charlie Anderson,DevOps Engineer,74305
6475,Emma Johnson,Database Administrator,87485
6476,Bob Johnson,System Administrator,56311
6477,Michael Taylor,Project Manager,72449
6478,Charlie Anderson,Database Administrator,98314
6479,Michael Harris,Software Engineer,84561
6480,Emma Johnson,Network Engineer,97524
6481,Michael Martinez,Data Analyst,67617
6482,Sophia Clark,UX Designer,58824
6483,Sophia Taylor,System Administrator,63006
6484,Jane Walker,Database Administrator,93354
6485,John Taylor,AI Researcher,88396
6486,Charlie Lewis,System Administrator,66767
6487,Charlie Lewis,Data Analyst,78000
6488,Charlie Clark,AI Researcher,91283
6489,Jane Anderson,Software Engineer,51195
6490,Charlie Martinez,AI Researcher,57649
6491,David Harris,Network Engineer,76980
6492,Emma Clark,Database Administrator,91821
6493,Alice Brown,System Administrator,65275
6494,Jane Harris,UX Designer,59278
6495,Emma Lewis,Project Manager,51951
6496,Emma Johnson,Database Administrator,85915
6497,Olivia Walker,UX Designer,51211
6498,David Martinez,Data Analyst,99204
6499,Emma Martinez,AI Researcher,98950
6500,Bob Lewis,AI Researcher,79105
6501,Bob Anderson,Database Administrator,79387
6502,Emma Clark,Software Engineer,59521
6503,Alice Walker,Software Engineer,63483
6504,Michael Walker,Database Administrator,75602
6505,Charlie Anderson,Project Manager,93739
6506,Michael Walker,Project Manager,70091
6507,Bob Lewis,Project Manager,73666
6508,John Taylor,Software Engineer,71958
6509,Alice Walker,Data Analyst,55536
6510,Alice Anderson,Software Engineer,82149
6511,Sophia Johnson,Network Engineer,83497
6512,David Anderson,UX Designer,66669
6513,Sophia Lewis,Database Administrator,69563
6514,Michael Johnson,UX Designer,74410
6515,Olivia Clark,Software Engineer,59953
6516,Charlie Martinez,AI Researcher,97542
6517,Sophia Harris,UX Designer,68713
6518,Olivia Brown,Software Engineer,71407
6519,Emma Brown,Project Manager,78798
6520,Jane Brown,Product Manager,78886
6521,John Lewis,Data Analyst,89745
6522,Olivia Martinez,Project Manager,79098
6523,Jane Brown,Data Analyst,99426
6524,Michael Johnson,Software Engineer,98635
6525,David Taylor,Software Engineer,73749
6526,Michael Taylor,UX Designer,90145
6527,Emma Smith,Software Engineer,80688
6528,Charlie Clark,Network Engineer,51508
6529,Emma Harris,DevOps Engineer,60716
6530,Charlie Johnson,AI Researcher,56342
6531,Sophia Martinez,Data Analyst,60984
6532,Michael Johnson,System Administrator,64244
6533,Michael Brown,Network Engineer,50706
6534,John Taylor,AI Researcher,97460
6535,David Johnson,Database Administrator,70909
6536,Jane Walker,UX Designer,98902
6537,Alice Smith,AI Researcher,79483
6538,David Lewis,Project Manager,62006
6539,Bob Harris,Data Analyst,70963
6540,David Harris,System Administrator,87378
6541,David Johnson,Product Manager,78232
6542,Bob Anderson,Software Engineer,59747
6543,Michael Smith,Data Analyst,82019
6544,Alice Smith,System Administrator,80202
6545,Olivia Walker,Software Engineer,56487
6546,John Smith,Data Analyst,64631
6547,Olivia Smith,DevOps Engineer,91155
6548,Jane Walker,Data Analyst,70319
6549,Michael Harris,AI Researcher,94752
6550,Michael Martinez,Database Administrator,72494
6551,Jane Taylor,DevOps Engineer,87215
6552,Alice Taylor,Project Manager,77845
6553,Charlie Anderson,AI Researcher,59757
6554,Charlie Smith,Network Engineer,56960
6555,Sophia Martinez,Network Engineer,89472
6556,Charlie Clark,System Administrator,84970
6557,Michael Brown,AI Researcher,84126
6558,David Lewis,AI Researcher,78259
6559,Olivia Smith,Database Administrator,52274
6560,Bob Brown,DevOps Engineer,93647
6561,David Martinez,Database Administrator,51815
6562,Bob Johnson,Software Engineer,58719
6563,Alice Walker,System Administrator,94517
6564,John Johnson,Product Manager,62088
6565,David Clark,DevOps Engineer,52646
6566,Sophia Lewis,Software Engineer,88409
6567,Charlie Johnson,System Administrator,50170
6568,David Smith,Product Manager,81650
6569,John Martinez,DevOps Engineer,57186
6570,Charlie Walker,Database Administrator,55436
6571,David Smith,Network Engineer,53263
6572,Bob Smith,UX Designer,51889
6573,Emma Walker,Network Engineer,80494
6574,John Anderson,Network Engineer,70840
6575,Sophia Lewis,Software Engineer,73881
6576,Emma Brown,System Administrator,98514
6577,Michael Brown,Database Administrator,72661
6578,Emma Martinez,Product Manager,71514
6579,Olivia Smith,System Administrator,76145
6580,Bob Clark,Network Engineer,80958
6581,Sophia Anderson,Product Manager,79633
6582,Bob Walker,Project Manager,62354
6583,David Anderson,Project Manager,73480
6584,Charlie Clark,DevOps Engineer,99977
6585,Olivia Martinez,AI Researcher,70952
6586,David Smith,DevOps Engineer,95634
6587,Sophia Lewis,Project Manager,99180
6588,Emma Smith,AI Researcher,78207
6589,David Johnson,UX Designer,61081
6590,Charlie Anderson,UX Designer,59821
6591,Olivia Clark,Software Engineer,91434
6592,Olivia Harris,Data Analyst,95563
6593,Sophia Smith,AI Researcher,56406
6594,Sophia Martinez,AI Researcher,68323
6595,Emma Anderson,Software Engineer,69575
6596,Charlie Smith,System Administrator,91357
6597,Sophia Anderson,System Administrator,90002
6598,Bob Smith,Software Engineer,61590
6599,Emma Brown,Project Manager,88460
6600,Bob Martinez,Network Engineer,99362
6601,Jane Anderson,DevOps Engineer,88524
6602,Charlie Clark,Software Engineer,62543
6603,John Brown,Network Engineer,91382
6604,Sophia Brown,UX Designer,71262
6605,Emma Lewis,Project Manager,93170
6606,Alice Martinez,System Administrator,89994
6607,Olivia Anderson,System Administrator,88504
6608,Michael Taylor,Database Administrator,70445
6609,Olivia Anderson,Data Analyst,77313
6610,Charlie Clark,AI Researcher,72955
6611,John Brown,DevOps Engineer,63231
6612,Jane Anderson,UX Designer,85151
6613,Olivia Smith,Network Engineer,89177
6614,Jane Anderson,Network Engineer,86201
6615,Jane Harris,AI Researcher,61979
6616,Bob Clark,Database Administrator,95863
6617,Charlie Brown,DevOps Engineer,98762
6618,Sophia Anderson,Project Manager,83089
6619,Jane Lewis,Product Manager,83109
6620,John Walker,Data Analyst,84919
6621,Bob Smith,DevOps Engineer,93094
6622,Emma Brown,DevOps Engineer,67563
6623,David Walker,Software Engineer,93216
6624,Charlie Lewis,UX Designer,79573
6625,Michael Brown,Data Analyst,91459
6626,Jane Smith,UX Designer,78404
6627,John Taylor,Database Administrator,75423
6628,Bob Anderson,Network Engineer,76432
6629,Sophia Anderson,System Administrator,58976
6630,Bob Clark,Project Manager,70101
6631,Alice Martinez,System Administrator,98982
6632,Emma Taylor,Network Engineer,94857
6633,David Johnson,Network Engineer,93097
6634,Charlie Harris,Network Engineer,87249
6635,David Walker,Data Analyst,92108
6636,Michael Harris,AI Researcher,90391
6637,Bob Martinez,AI Researcher,68933
6638,Emma Harris,UX Designer,96495
6639,Michael Martinez,Network Engineer,62603
6640,David Anderson,AI Researcher,68264
6641,Alice Johnson,Data Analyst,56957
6642,Michael Martinez,Database Administrator,89806
6643,Sophia Brown,Product Manager,73217
6644,John Lewis,Product Manager,94890
6645,Charlie Martinez,Project Manager,69335
6646,Jane Martinez,UX Designer,84109
6647,David Johnson,Software Engineer,62172
6648,Bob Brown,Software Engineer,89835
6649,David Anderson,Project Manager,52472
6650,John Brown,Data Analyst,60746
6651,Alice Anderson,Data Analyst,94355
6652,Sophia Walker,Network Engineer,94448
6653,John Harris,Database Administrator,75686
6654,Olivia Anderson,Network Engineer,56423
6655,Alice Walker,Software Engineer,52737
6656,Bob Martinez,AI Researcher,60666
6657,Emma Brown,UX Designer,89946
6658,Jane Harris,Database Administrator,96164
6659,Bob Martinez,AI Researcher,92192
6660,John Lewis,Project Manager,95141
6661,John Brown,System Administrator,83926
6662,Charlie Anderson,Software Engineer,88696
6663,Jane Smith,DevOps Engineer,66989
6664,Olivia Clark,Software Engineer,53950
6665,Charlie Walker,Data Analyst,90978
6666,Jane Clark,DevOps Engineer,67218
6667,Jane Brown,Network Engineer,82629
6668,Bob Taylor,DevOps Engineer,84089
6669,Alice Clark,Software Engineer,96913
6670,Olivia Lewis,Network Engineer,50036
6671,Alice Lewis,Product Manager,92031
6672,Emma Harris,Project Manager,88952
6673,Alice Clark,Network Engineer,58640
6674,Bob Smith,DevOps Engineer,92960
6675,Bob Anderson,Software Engineer,91947
6676,Alice Clark,AI Researcher,94854
6677,Jane Walker,Project Manager,92227
6678,Charlie Smith,Product Manager,94609
6679,Sophia Harris,Project Manager,86739
6680,Jane Anderson,Network Engineer,59160
6681,Alice Smith,Software Engineer,74748
6682,Olivia Lewis,AI Researcher,89862
6683,Alice Johnson,Project Manager,61983
6684,David Walker,System Administrator,89498
6685,Jane Martinez,UX Designer,51653
6686,John Lewis,Network Engineer,69941
6687,Olivia Walker,System Administrator,68215
6688,Emma Lewis,UX Designer,66388
6689,Charlie Johnson,Network Engineer,74785
6690,Michael Brown,System Administrator,55633
6691,Michael Johnson,Project Manager,83417
6692,Olivia Lewis,Product Manager,67236
6693,David Walker,Software Engineer,94791
6694,Jane Harris,Software Engineer,98774
6695,John Smith,Software Engineer,99319
6696,David Lewis,Database Administrator,84632
6697,Bob Lewis,DevOps Engineer,83637
6698,Charlie Johnson,Data Analyst,96047
6699,Bob Smith,UX Designer,84473
6700,Jane Taylor,Network Engineer,80468
6701,Sophia Martinez,Software Engineer,52229
6702,John Johnson,System Administrator,57099
6703,Michael Harris,Database Administrator,75499
6704,John Johnson,Product Manager,70587
6705,David Walker,Project Manager,89461
6706,Charlie Clark,Project Manager,51136
6707,Michael Walker,AI Researcher,51232
6708,David Brown,System Administrator,58795
6709,John Clark,System Administrator,74270
6710,Emma Harris,UX Designer,83864
6711,Alice Johnson,Network Engineer,75505
6712,Sophia Smith,Database Administrator,50425
6713,Emma Smith,Software Engineer,56272
6714,Charlie Taylor,UX Designer,67915
6715,Sophia Anderson,Software Engineer,59167
6716,David Lewis,UX Designer,71810
6717,Olivia Taylor,Database Administrator,57103
6718,Olivia Johnson,System Administrator,97340
6719,Sophia Harris,DevOps Engineer,77696
6720,Alice Johnson,System Administrator,62523
6721,Jane Johnson,Project Manager,86273
6722,Emma Lewis,System Administrator,59665
6723,Alice Lewis,System Administrator,86273
6724,Michael Brown,UX Designer,61486
6725,Bob Brown,UX Designer,54527
6726,Olivia Anderson,Database Administrator,71059
6727,John Clark,System Administrator,61123
6728,Olivia Clark,AI Researcher,52054
6729,John Clark,Software Engineer,90680
6730,Emma Johnson,Software Engineer,74543
6731,Michael Johnson,AI Researcher,72336
6732,Jane Clark,DevOps Engineer,55225
6733,Bob Anderson,Project Manager,82733
6734,Michael Lewis,System Administrator,50142
6735,Emma Brown,Database Administrator,57126
6736,Jane Clark,Database Administrator,68031
6737,Emma Smith,DevOps Engineer,84716
6738,Emma Taylor,Software Engineer,78664
6739,David Taylor,Project Manager,74891
6740,Emma Brown,Product Manager,60119
6741,Alice Johnson,Project Manager,75719
6742,Charlie Martinez,System Administrator,93460
6743,Charlie Martinez,Database Administrator,76386
6744,Sophia Lewis,System Administrator,68018
6745,Olivia Brown,Database Administrator,63184
6746,Alice Harris,System Administrator,67090
6747,John Clark,DevOps Engineer,71312
6748,Bob Taylor,System Administrator,59958
6749,David Taylor,UX Designer,89585
6750,Jane Taylor,Software Engineer,74804
6751,Bob Walker,DevOps Engineer,51598
6752,Olivia Johnson,Network Engineer,72980
6753,John Johnson,Network Engineer,63012
6754,John Martinez,Software Engineer,74208
6755,Alice Smith,Network Engineer,61105
6756,John Taylor,Database Administrator,84156
6757,David Anderson,UX Designer,77247
6758,Jane Taylor,Network Engineer,78493
6759,Michael Anderson,Software Engineer,71909
6760,Charlie Walker,UX Designer,89114
6761,David Harris,Network Engineer,86583
6762,Alice Clark,Network Engineer,77113
6763,Alice Anderson,Software Engineer,51522
6764,John Taylor,Product Manager,79427
6765,Olivia Martinez,UX Designer,95733
6766,John Walker,Data Analyst,66775
6767,Alice Martinez,System Administrator,98062
6768,Jane Walker,Project Manager,91414
6769,Jane Taylor,DevOps Engineer,63226
6770,Emma Clark,Network Engineer,92563
6771,Michael Harris,System Administrator,56179
6772,Bob Lewis,Network Engineer,75471
6773,Sophia Anderson,DevOps Engineer,93199
6774,Emma Smith,System Administrator,88183
6775,Bob Clark,DevOps Engineer,82109
6776,Emma Walker,UX Designer,90516
6777,Bob Martinez,UX Designer,68005
6778,Emma Smith,Product Manager,72760
6779,Emma Lewis,UX Designer,92102
6780,John Taylor,DevOps Engineer,96422
6781,Alice Martinez,DevOps Engineer,76226
6782,Emma Anderson,AI Researcher,98371
6783,Emma Johnson,Data Analyst,58539
6784,Emma Anderson,Data Analyst,55477
6785,Michael Clark,Data Analyst,84454
6786,David Taylor,Project Manager,85404
6787,Jane Martinez,Project Manager,93266
6788,Jane Anderson,Database Administrator,82593
6789,Michael Anderson,Database Administrator,64945
6790,Bob Anderson,Network Engineer,75407
6791,Jane Anderson,System Administrator,55065
6792,Olivia Johnson,Database Administrator,90739
6793,Bob Harris,System Administrator,68825
6794,Sophia Smith,Product Manager,68143
6795,John Clark,UX Designer,53976
6796,Jane Lewis,Data Analyst,57989
6797,Charlie Taylor,Network Engineer,85434
6798,Bob Walker,System Administrator,53356
6799,David Lewis,AI Researcher,59727
6800,Bob Martinez,Project Manager,94613
6801,Bob Taylor,UX Designer,67579
6802,David Anderson,Product Manager,60332
6803,Emma Walker,Data Analyst,85230
6804,Alice Walker,DevOps Engineer,95321
6805,Alice Walker,Data Analyst,53435
6806,Jane Johnson,Network Engineer,72411
6807,Charlie Lewis,Data Analyst,76261
6808,Charlie Taylor,DevOps Engineer,90567
6809,Bob Harris,Data Analyst,64276
6810,David Harris,DevOps Engineer,59174
6811,John Anderson,Product Manager,82325
6812,Michael Taylor,Network Engineer,58177
6813,David Martinez,Network Engineer,69767
6814,David Walker,Database Administrator,75213
6815,Jane Brown,UX Designer,95077
6816,John Taylor,Database Administrator,58627
6817,Emma Lewis,Product Manager,64624
6818,Alice Brown,UX Designer,91556
6819,David Lewis,Network Engineer,86848
6820,Jane Brown,UX Designer,68610
6821,Bob Walker,DevOps Engineer,75641
6822,Jane Johnson,Data Analyst,95319
6823,Michael Anderson,Database Administrator,65302
6824,John Anderson,Project Manager,74469
6825,Sophia Taylor,Project Manager,66721
6826,Michael Brown,UX Designer,71890
6827,Michael Johnson,Project Manager,87814
6828,Bob Harris,Data Analyst,86768
6829,Emma Walker,Project Manager,82471
6830,Emma Clark,UX Designer,84870
6831,David Lewis,Project Manager,84747
6832,John Walker,Network Engineer,82343
6833,David Taylor,Project Manager,88055
6834,John Clark,System Administrator,66337
6835,Jane Smith,Project Manager,67180
6836,Alice Brown,UX Designer,90345
6837,Jane Taylor,Project Manager,55798
6838,Alice Martinez,Software Engineer,56496
6839,Sophia Clark,Network Engineer,51411
6840,Alice Brown,Data Analyst,88478
6841,Bob Anderson,Database Administrator,53300
6842,Jane Martinez,Project Manager,68639
6843,Emma Martinez,DevOps Engineer,56611
6844,Alice Brown,Data Analyst,78880
6845,Michael Harris,Network Engineer,57396
6846,Alice Johnson,Network Engineer,67921
6847,Alice Johnson,Data Analyst,98036
6848,Emma Anderson,Database Administrator,51117
6849,Olivia Martinez,Data Analyst,72569
6850,Olivia Johnson,Project Manager,84631
6851,Alice Smith,AI Researcher,88620
6852,Jane Martinez,Network Engineer,81371
6853,Olivia Anderson,System Administrator,60107
6854,John Brown,System Administrator,76610
6855,Emma Lewis,System Administrator,53287
6856,Olivia Walker,Software Engineer,74747
6857,Michael Harris,DevOps Engineer,65362
6858,Alice Lewis,Software Engineer,57457
6859,Bob Clark,Project Manager,83365
6860,Sophia Brown,AI Researcher,78242
6861,David Smith,System Administrator,99944
6862,Charlie Lewis,Software Engineer,81310
6863,Alice Harris,Project Manager,92983
6864,Olivia Anderson,Product Manager,85839
6865,Alice Clark,Network Engineer,74967
6866,John Johnson,Project Manager,72385
6867,Charlie Harris,Data Analyst,58913
6868,Emma Taylor,DevOps Engineer,87117
6869,Olivia Brown,System Administrator,71824
6870,Michael Brown,Software Engineer,67344
6871,Jane Taylor,DevOps Engineer,58655
6872,John Taylor,System Administrator,94193
6873,Charlie Smith,DevOps Engineer,75063
6874,Jane Taylor,Project Manager,96505
6875,Bob Johnson,Network Engineer,60868
6876,John Johnson,Network Engineer,81551
6877,Jane Lewis,Software Engineer,66083
6878,John Clark,Data Analyst,73690
6879,Sophia Brown,Data Analyst,90549
6880,Charlie Walker,DevOps Engineer,88099
6881,Emma Walker,DevOps Engineer,94680
6882,Sophia Harris,Product Manager,82927
6883,Olivia Brown,Data Analyst,84061
6884,Michael Harris,AI Researcher,66575
6885,David Martinez,Network Engineer,61407
6886,Emma Lewis,Database Administrator,63809
6887,Michael Brown,Software Engineer,87275
6888,Sophia Johnson,Software Engineer,53494
6889,Bob Taylor,DevOps Engineer,86543
6890,Charlie Walker,DevOps Engineer,77286
6891,Alice Smith,Data Analyst,51997
6892,Emma Anderson,UX Designer,62794
6893,John Lewis,AI Researcher,60849
6894,Sophia Harris,Data Analyst,77567
6895,Bob Walker,DevOps Engineer,99671
6896,Emma Martinez,Data Analyst,64138
6897,Alice Johnson,Product Manager,71892
6898,Jane Walker,Network Engineer,71316
6899,Jane Clark,Database Administrator,77887
6900,Bob Martinez,Network Engineer,60082
6901,Charlie Martinez,Database Administrator,63360
6902,Jane Martinez,DevOps Engineer,55505
6903,Alice Anderson,Project Manager,72239
6904,Olivia Brown,Database Administrator,70184
6905,John Clark,DevOps Engineer,82177
6906,Sophia Brown,AI Researcher,83147
6907,David Clark,Database Administrator,90414
6908,Bob Taylor,DevOps Engineer,82156
6909,Sophia Clark,Data Analyst,84212
6910,David Lewis,Product Manager,72103
6911,Jane Harris,Data Analyst,87389
6912,Sophia Martinez,Product Manager,99670
6913,John Brown,Project Manager,52826
6914,Alice Clark,Network Engineer,84672
6915,Bob Lewis,Software Engineer,91092
6916,Bob Clark,Data Analyst,74241
6917,Emma Lewis,Database Administrator,98131
6918,David Lewis,Network Engineer,61181
6919,Bob Walker,Software Engineer,67741
6920,Olivia Martinez,DevOps Engineer,66502
6921,Sophia Walker,System Administrator,94102
6922,Bob Smith,Product Manager,96336
6923,Charlie Brown,Network Engineer,82160
6924,Bob Clark,Project Manager,64396
6925,Olivia Taylor,UX Designer,84819
6926,Olivia Smith,System Administrator,67711
6927,John Smith,System Administrator,61453
6928,Bob Walker,Data Analyst,76270
6929,Emma Lewis,Database Administrator,83809
6930,Bob Smith,AI Researcher,56886
6931,Bob Smith,Database Administrator,66771
6932,Michael Lewis,Network Engineer,85151
6933,David Lewis,UX Designer,87896
6934,Charlie Brown,AI Researcher,98755
6935,David Lewis,UX Designer,57706
6936,Charlie Walker,DevOps Engineer,73433
6937,Alice Anderson,Software Engineer,80113
6938,Charlie Johnson,Database Administrator,86155
6939,David Brown,Software Engineer,86011
6940,David Johnson,Software Engineer,59498
6941,Michael Harris,UX Designer,94817
6942,Michael Taylor,Project Manager,72914
6943,Michael Clark,DevOps Engineer,98001
6944,Jane Anderson,UX Designer,66555
6945,Michael Martinez,AI Researcher,56202
6946,Sophia Taylor,Network Engineer,78598
6947,Sophia Lewis,UX Designer,89814
6948,Charlie Walker,Project Manager,75090
6949,Olivia Brown,UX Designer,67421
6950,John Walker,UX Designer,71211
6951,Bob Clark,Product Manager,86222
6952,Charlie Taylor,System Administrator,89113
6953,Sophia Anderson,Project Manager,84149
6954,Michael Clark,System Administrator,95671
6955,Charlie Smith,System Administrator,66814
6956,Sophia Johnson,DevOps Engineer,94899
6957,Charlie Harris,Network Engineer,69048
6958,David Smith,UX Designer,84179
6959,Bob Anderson,Software Engineer,75913
6960,Jane Martinez,Data Analyst,54630
6961,Alice Lewis,AI Researcher,58028
6962,Sophia Walker,Database Administrator,80853
6963,Alice Walker,DevOps Engineer,55779
6964,Charlie Martinez,Data Analyst,78180
6965,Emma Lewis,Software Engineer,79492
6966,Bob Johnson,Network Engineer,84780
6967,Emma Harris,Network Engineer,80719
6968,Charlie Walker,UX Designer,99714
6969,Bob Anderson,Project Manager,82534
6970,John Anderson,System Administrator,90914
6971,Charlie Johnson,DevOps Engineer,74099
6972,David Smith,UX Designer,62292
6973,Charlie Walker,Data Analyst,84419
6974,Bob Johnson,Data Analyst,51033
6975,Emma Smith,Data Analyst,96941
6976,Olivia Smith,Software Engineer,58601
6977,Jane Brown,Data Analyst,76448
6978,Bob Smith,Product Manager,88231
6979,Michael Clark,Project Manager,75541
6980,Charlie Walker,Data Analyst,80431
6981,Bob Lewis,DevOps Engineer,87520
6982,John Smith,UX Designer,64483
6983,John Anderson,Product Manager,62045
6984,Alice Taylor,DevOps Engineer,76805
6985,Charlie Walker,DevOps Engineer,77610
6986,John Taylor,DevOps Engineer,55142
6987,Sophia Brown,System Administrator,84364
6988,Jane Walker,Software Engineer,68108
6989,Emma Martinez,AI Researcher,90140
6990,John Taylor,Product Manager,54853
6991,Sophia Smith,AI Researcher,68309
6992,Jane Harris,Product Manager,58579
6993,Sophia Walker,Product Manager,86032
6994,Jane Taylor,AI Researcher,69356
6995,Sophia Harris,System Administrator,64509
6996,David Taylor,Software Engineer,52053
6997,Charlie Johnson,DevOps Engineer,91325
6998,David Martinez,Product Manager,64761
6999,Michael Anderson,DevOps Engineer,84503
7000,Bob Anderson,System Administrator,72080
7001,Emma Smith,Data Analyst,60830
7002,Charlie Taylor,System Administrator,58390
7003,Jane Martinez,Network Engineer,72134
7004,David Martinez,Software Engineer,84861
7005,Alice Anderson,DevOps Engineer,92555
7006,Sophia Walker,Project Manager,66417
7007,Michael Taylor,System Administrator,58303
7008,David Smith,Data Analyst,54648
7009,Charlie Lewis,Database Administrator,68092
7010,Jane Martinez,UX Designer,82473
7011,David Smith,AI Researcher,54832
7012,Bob Lewis,Project Manager,86448
7013,Olivia Martinez,Network Engineer,87995
7014,Charlie Brown,Database Administrator,73970
7015,Olivia Johnson,UX Designer,69766
7016,Olivia Harris,Software Engineer,90877
7017,Olivia Taylor,Data Analyst,54648
7018,Michael Lewis,Project Manager,75576
7019,Alice Walker,Project Manager,50498
7020,Michael Martinez,UX Designer,81277
7021,Charlie Anderson,Software Engineer,97828
7022,Olivia Harris,AI Researcher,82252
7023,Emma Johnson,System Administrator,56212
7024,John Martinez,AI Researcher,81514
7025,Olivia Harris,AI Researcher,56502
7026,Bob Johnson,UX Designer,83505
7027,Emma Anderson,Network Engineer,64269
7028,Charlie Taylor,UX Designer,77272
7029,Bob Brown,DevOps Engineer,98714
7030,Olivia Smith,Data Analyst,73259
7031,Sophia Anderson,AI Researcher,54474
7032,Emma Johnson,Data Analyst,88649
7033,David Martinez,Data Analyst,99455
7034,John Johnson,DevOps Engineer,91512
7035,Charlie Taylor,AI Researcher,75319
7036,Emma Walker,DevOps Engineer,68404
7037,David Brown,System Administrator,76417
7038,Alice Johnson,Network Engineer,52539
7039,Jane Taylor,Database Administrator,66865
7040,John Brown,DevOps Engineer,64723
7041,John Anderson,Network Engineer,80881
7042,Sophia Brown,AI Researcher,82685
7043,David Harris,UX Designer,50832
7044,Michael Walker,DevOps Engineer,53379
7045,Charlie Smith,Project Manager,68572
7046,Jane Smith,Product Manager,74216
7047,Olivia Clark,AI Researcher,66599
7048,Michael Taylor,System Administrator,55532
7049,Bob Walker,UX Designer,84412
7050,David Martinez,Network Engineer,80054
7051,Alice Walker,AI Researcher,80519
7052,Jane Brown,DevOps Engineer,84984
7053,Sophia Brown,AI Researcher,66818
7054,David Anderson,System Administrator,87809
7055,Alice Smith,DevOps Engineer,83935
7056,Jane Johnson,Product Manager,92860
7057,Bob Brown,DevOps Engineer,79260
7058,Michael Walker,Data Analyst,72962
7059,Michael Clark,Database Administrator,61318
7060,Sophia Anderson,Product Manager,54136
7061,Charlie Taylor,Project Manager,73053
7062,Michael Harris,Network Engineer,85298
7063,John Walker,Database Administrator,80581
7064,Bob Lewis,Network Engineer,70381
7065,Sophia Anderson,Data Analyst,54753
7066,David Taylor,Project Manager,51560
7067,Michael Smith,DevOps Engineer,56139
7068,Charlie Martinez,Product Manager,63901
7069,Alice Johnson,Network Engineer,69684
7070,Jane Clark,Network Engineer,79290
7071,Charlie Lewis,Project Manager,80413
7072,Michael Taylor,Software Engineer,53418
7073,Charlie Martinez,AI Researcher,74418
7074,Michael Lewis,Software Engineer,56977
7075,David Lewis,System Administrator,84198
7076,Alice Taylor,Product Manager,53307
7077,Sophia Brown,AI Researcher,50980
7078,John Clark,System Administrator,79122
7079,Olivia Clark,Data Analyst,82653
7080,John Johnson,Project Manager,96368
7081,John Walker,Data Analyst,50158
7082,Emma Taylor,Data Analyst,89600
7083,Sophia Smith,Project Manager,53978
7084,Sophia Anderson,System Administrator,62319
7085,Bob Lewis,System Administrator,59121
7086,Sophia Walker,Data Analyst,72460
7087,John Harris,Data Analyst,52269
7088,Jane Johnson,Product Manager,78852
7089,David Brown,UX Designer,84797
7090,Olivia Walker,Product Manager,55127
7091,Sophia Martinez,AI Researcher,59196
7092,Sophia Martinez,DevOps Engineer,95428
7093,Jane Martinez,Database Administrator,59257
7094,Michael Lewis,Data Analyst,92050
7095,Michael Lewis,System Administrator,99829
7096,David Harris,UX Designer,86773
7097,John Harris,AI Researcher,73104
7098,Jane Smith,Project Manager,68749
7099,David Johnson,Software Engineer,82497
7100,John Harris,Project Manager,92680
7101,David Clark,Network Engineer,50657
7102,Jane Brown,Network Engineer,76350
7103,John Walker,AI Researcher,75777
7104,Alice Martinez,Network Engineer,62083
7105,John Smith,Network Engineer,99092
7106,Alice Walker,AI Researcher,62186
7107,Emma Martinez,Network Engineer,69137
7108,John Smith,Data Analyst,67937
7109,Jane Taylor,Project Manager,63373
7110,Sophia Anderson,AI Researcher,58328
7111,John Clark,System Administrator,63469
7112,Charlie Harris,System Administrator,88146
7113,Emma Harris,DevOps Engineer,60392
7114,Jane Walker,Network Engineer,61661
7115,Emma Clark,Product Manager,64211
7116,David Lewis,UX Designer,82474
7117,Charlie Martinez,Database Administrator,88688
7118,John Walker,Product Manager,60932
7119,John Brown,Data Analyst,71521
7120,Olivia Anderson,AI Researcher,97319
7121,Charlie Taylor,AI Researcher,61009
7122,Bob Brown,AI Researcher,94322
7123,John Clark,Software Engineer,51264
7124,Bob Brown,AI Researcher,70697
7125,Bob Walker,Product Manager,65984
7126,Olivia Anderson,Database Administrator,70720
7127,John Smith,Project Manager,77225
7128,Olivia Harris,Data Analyst,57133
7129,Jane Smith,Network Engineer,86950
7130,David Johnson,Project Manager,77208
7131,Michael Martinez,Software Engineer,91646
7132,Emma Taylor,Network Engineer,53507
7133,Michael Martinez,Database Administrator,97595
7134,Jane Harris,Database Administrator,55381
7135,Alice Anderson,Database Administrator,54172
7136,David Johnson,Database Administrator,60101
7137,Emma Smith,Network Engineer,79316
7138,Alice Lewis,Database Administrator,97466
7139,Bob Harris,Project Manager,68744
7140,Jane Martinez,Data Analyst,54982
7141,Bob Clark,Software Engineer,73572
7142,John Brown,UX Designer,75699
7143,David Clark,Software Engineer,91652
7144,Sophia Smith,Database Administrator,61894
7145,Emma Anderson,System Administrator,70502
7146,Emma Johnson,Software Engineer,97198
7147,David Brown,Data Analyst,64372
7148,Michael Lewis,Project Manager,92716
7149,Olivia Lewis,Software Engineer,58141
7150,Olivia Taylor,Software Engineer,93715
7151,Charlie Taylor,UX Designer,85445
7152,Charlie Harris,DevOps Engineer,59170
7153,Bob Anderson,System Administrator,58538
7154,David Martinez,UX Designer,96075
7155,Sophia Walker,Network Engineer,51632
7156,John Brown,Database Administrator,54047
7157,John Brown,Project Manager,89575
7158,Alice Taylor,Software Engineer,50929
7159,Charlie Smith,System Administrator,51803
7160,Charlie Johnson,AI Researcher,72775
7161,Bob Taylor,Project Manager,82931
7162,David Martinez,System Administrator,94171
7163,Alice Clark,Data Analyst,71123
7164,Olivia Martinez,System Administrator,70376
7165,Michael Taylor,Software Engineer,78944
7166,David Taylor,Database Administrator,52004
7167,Sophia Harris,UX Designer,72125
7168,John Anderson,Project Manager,51975
7169,Sophia Johnson,UX Designer,53763
7170,Bob Walker,Data Analyst,55563
7171,David Lewis,Project Manager,66630
7172,Michael Harris,System Administrator,73859
7173,Emma Taylor,Software Engineer,57196
7174,Charlie Harris,System Administrator,65010
7175,John Harris,Software Engineer,92202
7176,Alice Harris,Product Manager,71278
7177,Michael Anderson,System Administrator,97393
7178,Charlie Clark,DevOps Engineer,57064
7179,Sophia Martinez,Product Manager,54168
7180,Jane Taylor,UX Designer,71979
7181,Emma Anderson,Database Administrator,80413
7182,Charlie Johnson,UX Designer,99260
7183,Bob Smith,Database Administrator,70776
7184,David Johnson,Network Engineer,79678
7185,Jane Martinez,Software Engineer,62395
7186,Charlie Clark,Project Manager,77005
7187,Jane Smith,Project Manager,91199
7188,Bob Johnson,Data Analyst,62619
7189,Sophia Harris,System Administrator,54287
7190,Jane Johnson,Database Administrator,71802
7191,Bob Clark,UX Designer,64069
7192,Alice Walker,DevOps Engineer,79691
7193,David Harris,Project Manager,79323
7194,Michael Brown,AI Researcher,64258
7195,Alice Walker,Product Manager,54787
7196,Sophia Walker,Project Manager,77485
7197,Jane Martinez,AI Researcher,58678
7198,Charlie Harris,Data Analyst,70093
7199,Michael Martinez,Project Manager,96813
7200,Jane Taylor,DevOps Engineer,62318
7201,Bob Anderson,Software Engineer,71398
7202,Emma Clark,Data Analyst,67114
7203,Bob Brown,Product Manager,72262
7204,Jane Lewis,Database Administrator,99752
7205,Jane Anderson,AI Researcher,56500
7206,Bob Clark,System Administrator,90528
7207,Olivia Anderson,UX Designer,50654
7208,Michael Martinez,System Administrator,71793
7209,Alice Harris,Database Administrator,50415
7210,Michael Harris,Database Administrator,72592
7211,David Martinez,System Administrator,70094
7212,Bob Johnson,DevOps Engineer,50748
7213,Sophia Brown,Data Analyst,80578
7214,Bob Johnson,DevOps Engineer,76654
7215,David Anderson,Software Engineer,55364
7216,Bob Harris,Product Manager,63463
7217,Charlie Anderson,AI Researcher,56603
7218,Sophia Martinez,Product Manager,81206
7219,Charlie Anderson,Database Administrator,76480
7220,Olivia Brown,Network Engineer,95071
7221,Alice Smith,Software Engineer,89729
7222,Alice Martinez,DevOps Engineer,61144
7223,Bob Martinez,AI Researcher,64820
7224,Emma Taylor,System Administrator,82146
7225,Bob Brown,Software Engineer,53468
7226,Bob Anderson,AI Researcher,92161
7227,Charlie Clark,Project Manager,50252
7228,Bob Smith,Software Engineer,79826
7229,Olivia Lewis,AI Researcher,55131
7230,Charlie Smith,Project Manager,60947
7231,Jane Smith,DevOps Engineer,83496
7232,Bob Brown,Network Engineer,55729
7233,Emma Clark,Product Manager,81707
7234,Sophia Brown,Database Administrator,98419
7235,Alice Taylor,System Administrator,76292
7236,Jane Brown,DevOps Engineer,83014
7237,Sophia Martinez,Network Engineer,76406
7238,Jane Smith,Project Manager,72696
7239,Jane Walker,DevOps Engineer,71912
7240,Alice Anderson,Network Engineer,87145
7241,Olivia Johnson,Product Manager,55311
7242,Olivia Lewis,DevOps Engineer,99179
7243,John Anderson,Software Engineer,81463
7244,Jane Taylor,Product Manager,77444
7245,David Martinez,Database Administrator,98885
7246,Sophia Harris,UX Designer,58510
7247,Alice Lewis,Project Manager,82814
7248,Sophia Taylor,Project Manager,74377
7249,Bob Smith,AI Researcher,83027
7250,Olivia Harris,Network Engineer,59429
7251,Sophia Lewis,Software Engineer,94949
7252,Michael Brown,Database Administrator,66567
7253,Emma Smith,Database Administrator,95494
7254,Michael Clark,Network Engineer,70436
7255,David Taylor,Network Engineer,70496
7256,Michael Martinez,UX Designer,53257
7257,Michael Anderson,Database Administrator,59910
7258,Bob Anderson,System Administrator,96226
7259,Emma Harris,Software Engineer,57019
7260,David Walker,Network Engineer,69565
7261,Olivia Smith,Software Engineer,68428
7262,Michael Brown,System Administrator,89686
7263,Michael Martinez,Database Administrator,65750
7264,Michael Smith,UX Designer,53184
7265,Sophia Taylor,Project Manager,77242
7266,Olivia Martinez,DevOps Engineer,62028
7267,Olivia Brown,DevOps Engineer,72198
7268,Alice Walker,System Administrator,81847
7269,Charlie Walker,Network Engineer,61936
7270,Bob Harris,System Administrator,54524
7271,Sophia Anderson,Data Analyst,94879
7272,Olivia Lewis,DevOps Engineer,97733
7273,Emma Martinez,Data Analyst,63038
7274,Emma Martinez,Network Engineer,76866
7275,Olivia Lewis,DevOps Engineer,77147
7276,Charlie Taylor,Data Analyst,66203
7277,Jane Walker,DevOps Engineer,64694
7278,Olivia Harris,Product Manager,62249
7279,Sophia Taylor,DevOps Engineer,52710
7280,John Smith,UX Designer,70490
7281,Charlie Clark,Network Engineer,78110
7282,Michael Clark,DevOps Engineer,63374
7283,John Anderson,DevOps Engineer,73867
7284,David Anderson,System Administrator,56566
7285,David Martinez,Database Administrator,72096
7286,Michael Anderson,Product Manager,94709
7287,David Johnson,AI Researcher,53397
7288,Jane Harris,Data Analyst,79281
7289,Alice Clark,AI Researcher,76430
7290,Emma Anderson,DevOps Engineer,56240
7291,David Anderson,Database Administrator,62512
7292,Michael Clark,System Administrator,92433
7293,Charlie Clark,Data Analyst,85825
7294,John Clark,DevOps Engineer,73728
7295,Emma Clark,Product Manager,98008
7296,Olivia Johnson,System Administrator,70518
7297,David Walker,AI Researcher,96649
7298,Emma Smith,Project Manager,61030
7299,David Lewis,Network Engineer,52308
7300,David Lewis,Database Administrator,78681
7301,Alice Johnson,DevOps Engineer,57055
7302,Emma Anderson,Data Analyst,80767
7303,Charlie Lewis,Project Manager,82692
7304,Michael Smith,Data Analyst,57038
7305,Charlie Clark,Data Analyst,99308
7306,Charlie Anderson,Network Engineer,65332
7307,David Anderson,UX Designer,74407
7308,Jane Brown,Product Manager,85365
7309,Charlie Anderson,UX Designer,83217
7310,Emma Taylor,Network Engineer,84384
7311,John Smith,System Administrator,75963
7312,Emma Brown,UX Designer,73971
7313,Alice Walker,DevOps Engineer,50307
7314,Emma Clark,Network Engineer,56265
7315,Michael Brown,Software Engineer,98422
7316,Alice Walker,UX Designer,69396
7317,Charlie Johnson,Data Analyst,67003
7318,Bob Smith,System Administrator,57535
7319,Alice Lewis,Database Administrator,65636
7320,Charlie Anderson,Project Manager,60893
7321,Alice Harris,UX Designer,53579
7322,Olivia Harris,DevOps Engineer,92615
7323,Olivia Clark,DevOps Engineer,73012
7324,John Johnson,DevOps Engineer,67600
7325,Olivia Smith,UX Designer,62640
7326,Sophia Lewis,Network Engineer,80577
7327,Jane Harris,System Administrator,67885
7328,Michael Anderson,Data Analyst,75507
7329,Sophia Lewis,Project Manager,98602
7330,Bob Lewis,System Administrator,86835
7331,Bob Martinez,UX Designer,63149
7332,Bob Harris,Network Engineer,77964
7333,Alice Smith,Software Engineer,72792
7334,Olivia Johnson,Software Engineer,95707
7335,David Anderson,Product Manager,87363
7336,Sophia Walker,Software Engineer,80106
7337,Michael Clark,UX Designer,97820
7338,Olivia Harris,AI Researcher,54468
7339,Alice Brown,UX Designer,74228
7340,David Lewis,System Administrator,83157
7341,John Martinez,System Administrator,88537
7342,Jane Harris,Network Engineer,51803
7343,Olivia Clark,Product Manager,65030
7344,David Anderson,Database Administrator,56077
7345,Jane Johnson,Product Manager,57523
7346,Michael Smith,UX Designer,88540
7347,Emma Johnson,Network Engineer,57755
7348,Alice Harris,Database Administrator,97145
7349,Jane Taylor,Project Manager,52069
7350,David Harris,UX Designer,53007
7351,Charlie Johnson,System Administrator,60753
7352,Michael Harris,AI Researcher,76080
7353,Jane Anderson,AI Researcher,70015
7354,Michael Taylor,DevOps Engineer,92070
7355,Alice Lewis,DevOps Engineer,56192
7356,Alice Harris,Project Manager,72672
7357,Sophia Johnson,Database Administrator,77586
7358,Olivia Taylor,System Administrator,72105
7359,Jane Martinez,Project Manager,60820
7360,Michael Lewis,System Administrator,54255
7361,Emma Anderson,Data Analyst,70638
7362,Bob Taylor,Product Manager,98354
7363,Alice Johnson,AI Researcher,54969
7364,Sophia Martinez,DevOps Engineer,50446
7365,Olivia Martinez,Project Manager,70486
7366,Bob Lewis,Software Engineer,68844
7367,Bob Lewis,AI Researcher,71405
7368,Alice Harris,Database Administrator,50629
7369,Bob Smith,Project Manager,71896
7370,Sophia Smith,Product Manager,99366
7371,Emma Lewis,UX Designer,92257
7372,Bob Anderson,Data Analyst,66879
7373,Alice Harris,Database Administrator,64055
7374,Bob Clark,UX Designer,84660
7375,Sophia Smith,Database Administrator,89261
7376,Alice Clark,Software Engineer,79132
7377,Michael Anderson,Project Manager,65939
7378,Michael Smith,Product Manager,77031
7379,Olivia Johnson,Network Engineer,63106
7380,Alice Johnson,Database Administrator,52341
7381,David Martinez,DevOps Engineer,69576
7382,Jane Johnson,Data Analyst,86530
7383,Michael Walker,DevOps Engineer,76970
7384,Bob Harris,Data Analyst,53512
7385,Charlie Anderson,Product Manager,82034
7386,Alice Lewis,Project Manager,77516
7387,Sophia Lewis,Project Manager,62752
7388,Charlie Clark,Network Engineer,72864
7389,David Smith,System Administrator,60211
7390,Sophia Lewis,Product Manager,68639
7391,Sophia Smith,Product Manager,68907
7392,Jane Brown,Project Manager,99682
7393,Bob Brown,AI Researcher,56594
7394,Bob Smith,Project Manager,79089
7395,Sophia Martinez,AI Researcher,90575
7396,Charlie Brown,Network Engineer,56559
7397,Emma Walker,System Administrator,64815
7398,Jane Harris,Product Manager,74080
7399,Jane Martinez,Project Manager,91073
7400,Michael Smith,UX Designer,87336
7401,Michael Smith,AI Researcher,60517
7402,Olivia Smith,Project Manager,68105
7403,Charlie Martinez,Database Administrator,64127
7404,Emma Smith,Project Manager,78588
7405,Emma Taylor,Product Manager,54821
7406,Olivia Brown,Project Manager,97651
7407,David Smith,Data Analyst,52327
7408,Michael Lewis,AI Researcher,96615
7409,Sophia Taylor,Software Engineer,96055
7410,Michael Smith,Network Engineer,89957
7411,Jane Anderson,Data Analyst,75238
7412,Olivia Clark,DevOps Engineer,90145
7413,Emma Anderson,Network Engineer,94556
7414,Olivia Brown,AI Researcher,79593
7415,Michael Walker,System Administrator,58805
7416,Charlie Walker,System Administrator,63342
7417,Jane Taylor,Product Manager,60305
7418,Jane Lewis,AI Researcher,93044
7419,Olivia Smith,Database Administrator,72452
7420,Olivia Johnson,UX Designer,87393
7421,Sophia Harris,Network Engineer,90424
7422,Olivia Anderson,UX Designer,58343
7423,John Smith,Network Engineer,77628
7424,Michael Harris,Database Administrator,59297
7425,Olivia Lewis,Network Engineer,61942
7426,Jane Johnson,Product Manager,62816
7427,Bob Lewis,UX Designer,69269
7428,Olivia Walker,Network Engineer,68606
7429,Michael Clark,AI Researcher,97731
7430,Olivia Smith,Data Analyst,87497
7431,Charlie Martinez,Data Analyst,95892
7432,Olivia Smith,Network Engineer,54568
7433,Charlie Brown,Data Analyst,83652
7434,Alice Johnson,Software Engineer,89534
7435,Charlie Martinez,Network Engineer,82209
7436,Olivia Johnson,System Administrator,64977
7437,Bob Taylor,AI Researcher,63568
7438,John Harris,Project Manager,66401
7439,Alice Anderson,DevOps Engineer,51058
7440,Emma Smith,Project Manager,98645
7441,Sophia Walker,System Administrator,50117
7442,Bob Walker,AI Researcher,66798
7443,David Johnson,UX Designer,63273
7444,Emma Brown,Network Engineer,59624
7445,David Lewis,Project Manager,55237
7446,John Johnson,DevOps Engineer,69870
7447,Bob Anderson,AI Researcher,71726
7448,Sophia Smith,Database Administrator,90579
7449,Sophia Lewis,Product Manager,95208
7450,John Smith,System Administrator,92406
7451,David Clark,Project Manager,90148
7452,Jane Johnson,Network Engineer,68654
7453,Alice Taylor,Software Engineer,72439
7454,Michael Clark,Database Administrator,52002
7455,Bob Taylor,UX Designer,83991
7456,Emma Walker,Data Analyst,82996
7457,David Johnson,AI Researcher,66116
7458,Alice Walker,Network Engineer,53469
7459,Jane Martinez,Database Administrator,76383
7460,Alice Walker,Network Engineer,81344
7461,Charlie Harris,Software Engineer,65895
7462,Jane Martinez,Network Engineer,81647
7463,Sophia Johnson,AI Researcher,87495
7464,Jane Johnson,System Administrator,75174
7465,Emma Smith,UX Designer,63896
7466,Sophia Clark,Database Administrator,73151
7467,John Martinez,DevOps Engineer,95127
7468,Jane Walker,Product Manager,71669
7469,John Martinez,AI Researcher,96747
7470,Sophia Brown,Project Manager,62455
7471,John Clark,AI Researcher,71473
7472,Alice Anderson,Project Manager,84161
7473,David Clark,Software Engineer,61660
7474,John Brown,Data Analyst,84686
7475,Jane Harris,Product Manager,69333
7476,Michael Martinez,UX Designer,60843
7477,John Smith,System Administrator,67474
7478,David Johnson,UX Designer,56688
7479,David Anderson,Data Analyst,70268
7480,Bob Anderson,System Administrator,88676
7481,Emma Anderson,Network Engineer,68464
7482,David Johnson,AI Researcher,86800
7483,Sophia Brown,DevOps Engineer,67420
7484,Bob Lewis,Product Manager,77914
7485,John Johnson,Project Manager,75001
7486,Charlie Martinez,Software Engineer,55211
7487,Bob Anderson,Network Engineer,73961
7488,Michael Walker,AI Researcher,89437
7489,John Harris,AI Researcher,65053
7490,Alice Johnson,Network Engineer,91523
7491,John Brown,Network Engineer,92110
7492,John Johnson,System Administrator,96968
7493,David Clark,Data Analyst,51610
7494,Alice Walker,Product Manager,67535
7495,David Harris,Network Engineer,93561
7496,Sophia Anderson,Software Engineer,53883
7497,David Clark,DevOps Engineer,50406
7498,Sophia Taylor,Network Engineer,81300
7499,Jane Martinez,DevOps Engineer,63105
7500,Jane Johnson,Data Analyst,85193
7501,Emma Brown,UX Designer,54756
7502,Olivia Taylor,Database Administrator,76653
7503,John Harris,System Administrator,97618
7504,Charlie Walker,System Administrator,90112
7505,John Clark,Project Manager,69434
7506,Charlie Anderson,Data Analyst,96885
7507,Alice Harris,UX Designer,98769
7508,David Clark,Network Engineer,89149
7509,Michael Smith,Database Administrator,77280
7510,Jane Smith,Database Administrator,91825
7511,Sophia Harris,System Administrator,56881
7512,Alice Johnson,Software Engineer,90113
7513,Jane Smith,Data Analyst,77072
7514,Jane Martinez,AI Researcher,51953
7515,Emma Anderson,Project Manager,63719
7516,Sophia Clark,Network Engineer,83088
7517,Michael Clark,Product Manager,99526
7518,John Taylor,UX Designer,78954
7519,David Taylor,Network Engineer,68496
7520,Emma Taylor,Network Engineer,73129
7521,David Harris,Data Analyst,61426
7522,John Lewis,Data Analyst,70380
7523,Bob Clark,Data Analyst,96839
7524,Sophia Brown,DevOps Engineer,76394
7525,Charlie Clark,AI Researcher,65360
7526,Charlie Lewis,Product Manager,88903
7527,David Martinez,UX Designer,58042
7528,Alice Johnson,DevOps Engineer,58799
7529,Jane Martinez,Database Administrator,77732
7530,Jane Anderson,Product Manager,52540
7531,John Brown,Product Manager,57500
7532,Emma Walker,UX Designer,95873
7533,Alice Clark,Project Manager,68684
7534,Olivia Clark,Software Engineer,59916
7535,John Smith,UX Designer,88996
7536,Sophia Brown,DevOps Engineer,89238
7537,Charlie Clark,Database Administrator,89043
7538,Michael Harris,Database Administrator,67781
7539,Alice Johnson,AI Researcher,56893
7540,David Walker,DevOps Engineer,67851
7541,Olivia Martinez,DevOps Engineer,60362
7542,Charlie Johnson,Software Engineer,99385
7543,John Lewis,Data Analyst,96556
7544,David Lewis,System Administrator,69286
7545,Emma Walker,Data Analyst,64239
7546,Michael Brown,Product Manager,57309
7547,Charlie Smith,AI Researcher,80791
7548,Emma Johnson,AI Researcher,97229
7549,David Walker,AI Researcher,94732
7550,Alice Anderson,Database Administrator,55987
7551,Emma Walker,Software Engineer,63784
7552,Bob Taylor,AI Researcher,74313
7553,Bob Walker,AI Researcher,51379
7554,David Anderson,Data Analyst,65554
7555,Sophia Martinez,Database Administrator,57894
7556,Alice Clark,DevOps Engineer,92848
7557,Charlie Martinez,System Administrator,67436
7558,David Clark,AI Researcher,60713
7559,Charlie Anderson,Product Manager,59301
7560,Bob Lewis,Product Manager,72680
7561,John Taylor,UX Designer,74651
7562,Michael Clark,Software Engineer,64544
7563,Emma Clark,AI Researcher,88230
7564,Jane Anderson,Software Engineer,67709
7565,Jane Walker,Product Manager,64940
7566,Charlie Martinez,DevOps Engineer,74539
7567,Sophia Anderson,System Administrator,76608
7568,Charlie Anderson,Network Engineer,87853
7569,Emma Anderson,Database Administrator,86877
7570,Jane Taylor,UX Designer,83463
7571,John Lewis,AI Researcher,54320
7572,Bob Anderson,Product Manager,61107
7573,Charlie Anderson,AI Researcher,80958
7574,Bob Smith,System Administrator,54983
7575,Sophia Johnson,Software Engineer,97763
7576,Charlie Clark,System Administrator,65887
7577,Olivia Harris,System Administrator,71225
7578,Alice Johnson,DevOps Engineer,78911
7579,Michael Brown,Project Manager,55210
7580,John Clark,Network Engineer,85607
7581,Alice Taylor,System Administrator,96874
7582,David Clark,UX Designer,97935
7583,Sophia Smith,System Administrator,95872
7584,Jane Martinez,AI Researcher,54649
7585,David Clark,DevOps Engineer,92660
7586,Alice Lewis,Network Engineer,63852
7587,Olivia Johnson,DevOps Engineer,60463
7588,John Martinez,UX Designer,51741
7589,John Brown,Software Engineer,73279
7590,Charlie Clark,DevOps Engineer,57636
7591,Sophia Walker,Network Engineer,84048
7592,Olivia Harris,Database Administrator,59321
7593,David Walker,AI Researcher,69504
7594,Olivia Brown,System Administrator,53971
7595,John Taylor,System Administrator,59114
7596,Jane Harris,Software Engineer,95468
7597,Sophia Taylor,UX Designer,77585
7598,Jane Johnson,DevOps Engineer,91964
7599,Michael Martinez,Network Engineer,71785
7600,Emma Taylor,Product Manager,51534
7601,John Anderson,Data Analyst,70349
7602,Sophia Anderson,Project Manager,77404
7603,Michael Anderson,Project Manager,78598
7604,David Clark,AI Researcher,93812
7605,Jane Harris,Network Engineer,75068
7606,Michael Anderson,Software Engineer,61440
7607,Alice Harris,AI Researcher,77082
7608,Michael Clark,AI Researcher,88488
7609,Olivia Harris,UX Designer,62462
7610,John Brown,DevOps Engineer,63483
7611,Jane Brown,Software Engineer,98624
7612,John Lewis,Network Engineer,72800
7613,Michael Lewis,UX Designer,94382
7614,Olivia Taylor,AI Researcher,83757
7615,Michael Taylor,UX Designer,80901
7616,David Anderson,Software Engineer,63601
7617,John Johnson,Project Manager,59953
7618,Sophia Smith,AI Researcher,94864
7619,Emma Lewis,AI Researcher,72235
7620,Alice Brown,Network Engineer,66370
7621,Jane Walker,System Administrator,62308
7622,Charlie Martinez,Software Engineer,99033
7623,Bob Taylor,Network Engineer,58271
7624,David Brown,Database Administrator,61344
7625,Charlie Harris,DevOps Engineer,67632
7626,Olivia Harris,Product Manager,64259
7627,Bob Anderson,System Administrator,76707
7628,Olivia Lewis,DevOps Engineer,83856
7629,Sophia Lewis,Network Engineer,81572
7630,Olivia Lewis,System Administrator,59168
7631,Charlie Brown,Network Engineer,52916
7632,Alice Johnson,Product Manager,75002
7633,Bob Clark,System Administrator,93228
7634,Michael Brown,System Administrator,78252
7635,David Lewis,Data Analyst,77439
7636,Bob Harris,Project Manager,58674
7637,Jane Walker,AI Researcher,53489
7638,Charlie Taylor,DevOps Engineer,55851
7639,John Anderson,Database Administrator,99445
7640,Charlie Anderson,Project Manager,53027
7641,Charlie Anderson,Network Engineer,86703
7642,Michael Clark,DevOps Engineer,59920
7643,John Clark,Product Manager,62377
7644,Michael Taylor,DevOps Engineer,99774
7645,Charlie Anderson,Software Engineer,58788
7646,Olivia Martinez,DevOps Engineer,57545
7647,David Lewis,Project Manager,89049
7648,Sophia Anderson,Network Engineer,99018
7649,Jane Taylor,Product Manager,66519
7650,Olivia Taylor,Data Analyst,95041
7651,Bob Walker,Network Engineer,52231
7652,Charlie Martinez,Database Administrator,77782
7653,Emma Anderson,UX Designer,83259
7654,Michael Brown,Product Manager,59534
7655,Olivia Harris,Database Administrator,74673
7656,Emma Johnson,System Administrator,97976
7657,Bob Smith,UX Designer,91604
7658,Jane Taylor,Project Manager,71305
7659,Jane Johnson,Data Analyst,59129
7660,Michael Anderson,DevOps Engineer,51116
7661,Olivia Lewis,DevOps Engineer,92277
7662,Jane Walker,System Administrator,74356
7663,Sophia Anderson,Project Manager,64992
7664,Sophia Johnson,Product Manager,57806
7665,Bob Harris,AI Researcher,64472
7666,David Anderson,Data Analyst,98311
7667,Olivia Harris,Software Engineer,89659
7668,Emma Walker,DevOps Engineer,73307
7669,Michael Anderson,AI Researcher,85054
7670,Alice Smith,Database Administrator,98086
7671,Bob Anderson,UX Designer,52058
7672,Olivia Anderson,System Administrator,99197
7673,Michael Martinez,Network Engineer,76547
7674,John Taylor,Data Analyst,70568
7675,Sophia Harris,Database Administrator,68451
7676,Sophia Walker,Database Administrator,53066
7677,Alice Taylor,AI Researcher,50069
7678,Olivia Smith,Network Engineer,54206
7679,Sophia Anderson,System Administrator,97551
7680,Jane Taylor,Product Manager,92121
7681,Emma Martinez,AI Researcher,66025
7682,Michael Clark,UX Designer,51982
7683,Olivia Taylor,Network Engineer,87545
7684,Alice Brown,Database Administrator,80472
7685,Emma Taylor,Data Analyst,94415
7686,David Walker,Data Analyst,94735
7687,John Lewis,System Administrator,66604
7688,David Johnson,Data Analyst,90737
7689,David Harris,UX Designer,55156
7690,Alice Harris,DevOps Engineer,62648
7691,Alice Smith,DevOps Engineer,50705
7692,Bob Walker,UX Designer,80307
7693,Michael Taylor,Product Manager,83631
7694,John Walker,DevOps Engineer,78930
7695,Alice Lewis,UX Designer,52835
7696,Emma Smith,AI Researcher,92810
7697,Alice Smith,Project Manager,84966
7698,John Clark,Project Manager,99924
7699,David Martinez,Network Engineer,50510
7700,David Clark,Product Manager,78010
7701,Sophia Walker,Software Engineer,64759
7702,Olivia Clark,Network Engineer,68557
7703,Charlie Taylor,DevOps Engineer,66051
7704,Bob Brown,AI Researcher,91716
7705,Alice Smith,AI Researcher,88675
7706,Jane Taylor,Database Administrator,76911
7707,John Anderson,Software Engineer,55495
7708,Bob Clark,Project Manager,90475
7709,John Anderson,DevOps Engineer,94075
7710,Emma Johnson,Project Manager,87943
7711,Charlie Clark,Product Manager,61147
7712,Alice Lewis,DevOps Engineer,77386
7713,Jane Brown,Product Manager,55579
7714,Sophia Taylor,AI Researcher,70825
7715,Jane Taylor,Product Manager,70773
7716,Olivia Harris,AI Researcher,70165
7717,Charlie Johnson,AI Researcher,68945
7718,Alice Harris,Project Manager,98272
7719,Sophia Harris,AI Researcher,79698
7720,Jane Anderson,Software Engineer,92628
7721,Sophia Smith,Data Analyst,94129
7722,David Smith,System Administrator,63163
7723,Sophia Lewis,Project Manager,52896
7724,Bob Martinez,UX Designer,54284
7725,Jane Brown,Project Manager,93461
7726,Jane Smith,Database Administrator,51785
7727,David Walker,Software Engineer,82733
7728,Alice Walker,System Administrator,73274
7729,Olivia Harris,Data Analyst,56351
7730,David Lewis,Product Manager,61860
7731,David Walker,System Administrator,59817
7732,Olivia Smith,Software Engineer,83552
7733,Alice Walker,Project Manager,54001
7734,Jane Walker,Database Administrator,84619
7735,Sophia Walker,Network Engineer,81095
7736,Olivia Harris,DevOps Engineer,51829
7737,Michael Anderson,DevOps Engineer,55688
7738,Bob Smith,AI Researcher,68752
7739,Michael Martinez,Network Engineer,74867
7740,David Smith,Project Manager,60936
7741,Jane Clark,Product Manager,50664
7742,Michael Lewis,UX Designer,81436
7743,Emma Harris,UX Designer,55809
7744,John Clark,Product Manager,96131
7745,Olivia Taylor,Software Engineer,81067
7746,Olivia Martinez,Data Analyst,66216
7747,Charlie Anderson,Database Administrator,58846
7748,Sophia Brown,Software Engineer,91598
7749,Sophia Martinez,AI Researcher,94435
7750,Jane Taylor,UX Designer,81009
7751,David Clark,Database Administrator,77206
7752,Jane Johnson,Network Engineer,76603
7753,Emma Harris,Project Manager,81090
7754,Sophia Lewis,Network Engineer,95631
7755,Charlie Smith,DevOps Engineer,57535
7756,David Martinez,Data Analyst,94190
7757,David Taylor,Network Engineer,82320
7758,Jane Martinez,Project Manager,75692
7759,Sophia Lewis,Database Administrator,79173
7760,Michael Lewis,Product Manager,90642
7761,Charlie Walker,AI Researcher,86366
7762,Sophia Lewis,Software Engineer,89899
7763,Charlie Martinez,Network Engineer,50105
7764,Michael Lewis,UX Designer,78258
7765,Charlie Brown,Network Engineer,95215
7766,Charlie Lewis,AI Researcher,89044
7767,David Lewis,Data Analyst,72853
7768,Bob Anderson,DevOps Engineer,71383
7769,David Lewis,AI Researcher,79840
7770,David Martinez,AI Researcher,79201
7771,David Taylor,Product Manager,90160
7772,Olivia Taylor,Project Manager,98816
7773,Jane Harris,AI Researcher,91142
7774,Alice Clark,Product Manager,69437
7775,Michael Taylor,AI Researcher,52674
7776,Jane Walker,Data Analyst,97797
7777,Bob Clark,Project Manager,92485
7778,Jane Smith,Product Manager,53111
7779,David Martinez,DevOps Engineer,69072
7780,Michael Johnson,Project Manager,86305
7781,Michael Anderson,DevOps Engineer,87524
7782,John Martinez,Software Engineer,87422
7783,Alice Anderson,Product Manager,67431
7784,Olivia Johnson,Project Manager,70570
7785,Olivia Martinez,AI Researcher,84184
7786,Sophia Brown,Software Engineer,84333
7787,David Martinez,Project Manager,68461
7788,Emma Clark,AI Researcher,88631
7789,Charlie Brown,Database Administrator,92321
7790,Bob Brown,AI Researcher,88577
7791,Olivia Lewis,Database Administrator,80179
7792,David Taylor,Database Administrator,50924
7793,Bob Brown,UX Designer,97672
7794,Olivia Harris,Product Manager,92512
7795,Alice Taylor,Product Manager,73342
7796,Michael Smith,AI Researcher,66494
7797,Jane Clark,Software Engineer,80001
7798,Bob Johnson,AI Researcher,66408
7799,Charlie Johnson,Product Manager,61801
7800,Charlie Taylor,Network Engineer,85011
7801,Sophia Martinez,Network Engineer,66267
7802,Sophia Martinez,Software Engineer,63858
7803,Olivia Taylor,AI Researcher,54638
7804,Charlie Martinez,UX Designer,53089
7805,Michael Smith,Network Engineer,75689
7806,Sophia Clark,Database Administrator,90747
7807,Olivia Johnson,System Administrator,67586
7808,Michael Anderson,DevOps Engineer,97032
7809,John Smith,Product Manager,84173
7810,Jane Brown,Product Manager,92246
7811,Jane Johnson,Project Manager,56563
7812,Jane Taylor,DevOps Engineer,59003
7813,Emma Clark,Network Engineer,84137
7814,Michael Johnson,Project Manager,61984
7815,John Martinez,DevOps Engineer,62560
7816,Sophia Clark,Software Engineer,95861
7817,Bob Johnson,Data Analyst,85255
7818,Alice Anderson,Network Engineer,65634
7819,Olivia Walker,UX Designer,97551
7820,Bob Harris,Network Engineer,78671
7821,Emma Smith,Product Manager,61771
7822,Alice Lewis,System Administrator,68508
7823,Michael Brown,Software Engineer,86844
7824,Emma Clark,Database Administrator,94583
7825,Olivia Martinez,Software Engineer,86697
7826,John Taylor,Network Engineer,87950
7827,Alice Brown,Network Engineer,87670
7828,Charlie Johnson,AI Researcher,62948
7829,Alice Lewis,DevOps Engineer,57966
7830,Charlie Martinez,DevOps Engineer,62977
7831,Olivia Brown,Project Manager,90674
7832,Bob Clark,Database Administrator,80717
7833,Jane Smith,Network Engineer,50432
7834,Emma Smith,Network Engineer,89296
7835,Olivia Lewis,Product Manager,66579
7836,Michael Clark,UX Designer,85128
7837,David Taylor,AI Researcher,80800
7838,Alice Smith,UX Designer,91800
7839,Emma Brown,Software Engineer,75722
7840,Jane Clark,Network Engineer,67980
7841,John Taylor,Data Analyst,72251
7842,John Brown,Data Analyst,99531
7843,David Martinez,AI Researcher,73072
7844,Bob Harris,Network Engineer,66075
7845,John Martinez,System Administrator,76221
7846,Bob Brown,System Administrator,59751
7847,Alice Brown,Network Engineer,56100
7848,Emma Harris,Data Analyst,55724
7849,Bob Harris,System Administrator,75885
7850,David Walker,System Administrator,54363
7851,Jane Walker,UX Designer,70059
7852,Olivia Brown,DevOps Engineer,74212
7853,Emma Brown,Project Manager,84011
7854,Bob Brown,Database Administrator,81483
7855,Emma Clark,Database Administrator,90766
7856,Emma Walker,Database Administrator,81511
7857,Charlie Walker,Software Engineer,88262
7858,Jane Harris,Database Administrator,52024
7859,Charlie Anderson,System Administrator,97636
7860,Emma Harris,Software Engineer,75318
7861,Jane Lewis,AI Researcher,51358
7862,Olivia Walker,Network Engineer,80989
7863,Michael Johnson,Project Manager,51885
7864,David Clark,Project Manager,84865
7865,Alice Harris,Database Administrator,69749
7866,Alice Anderson,DevOps Engineer,68046
7867,Emma Walker,Network Engineer,59496
7868,Michael Brown,Network Engineer,57180
7869,Bob Taylor,System Administrator,67416
7870,David Harris,Product Manager,77950
7871,John Taylor,System Administrator,83230
7872,David Taylor,Network Engineer,86263
7873,Sophia Harris,UX Designer,90655
7874,Michael Smith,Product Manager,60127
7875,Charlie Harris,Software Engineer,94427
7876,Jane Taylor,AI Researcher,54052
7877,Jane Anderson,DevOps Engineer,98478
7878,Olivia Johnson,System Administrator,81339
7879,David Smith,DevOps Engineer,96818
7880,Emma Clark,Data Analyst,51708
7881,Charlie Martinez,Software Engineer,84832
7882,Olivia Johnson,Network Engineer,50902
7883,Michael Clark,Database Administrator,96248
7884,Jane Harris,Project Manager,95974
7885,Emma Johnson,Network Engineer,75543
7886,Olivia Martinez,DevOps Engineer,79211
7887,Charlie Anderson,Data Analyst,88679
7888,Sophia Harris,AI Researcher,60927
7889,Jane Anderson,UX Designer,75123
7890,Olivia Harris,Network Engineer,97298
7891,Jane Lewis,Product Manager,78133
7892,Emma Martinez,Data Analyst,67194
7893,Jane Harris,AI Researcher,76694
7894,Jane Johnson,Project Manager,98540
7895,Jane Martinez,System Administrator,83580
7896,Emma Taylor,Product Manager,54156
7897,Bob Johnson,DevOps Engineer,96821
7898,Michael Brown,Software Engineer,97087
7899,Jane Johnson,AI Researcher,98182
7900,John Taylor,Data Analyst,85962
7901,Jane Clark,DevOps Engineer,76960
7902,Jane Brown,Database Administrator,57755
7903,Alice Lewis,UX Designer,60466
7904,Alice Johnson,UX Designer,91864
7905,Michael Harris,Data Analyst,99966
7906,John Walker,Product Manager,72739
7907,Bob Walker,Database Administrator,75865
7908,Jane Harris,Project Manager,94605
7909,Emma Smith,Product Manager,55800
7910,Bob Johnson,UX Designer,70718
7911,Michael Martinez,AI Researcher,91763
7912,Bob Clark,AI Researcher,90743
7913,Jane Lewis,System Administrator,58954
7914,David Lewis,Product Manager,88967
7915,Bob Lewis,System Administrator,95320
7916,Alice Lewis,Software Engineer,60482
7917,Charlie Anderson,Data Analyst,53468
7918,David Taylor,Database Administrator,96893
7919,Michael Brown,Database Administrator,76190
7920,Bob Martinez,DevOps Engineer,65651
7921,Emma Martinez,Project Manager,63298
7922,Bob Lewis,Network Engineer,58058
7923,Jane Clark,Data Analyst,55329
7924,Sophia Lewis,Database Administrator,87244
7925,Charlie Clark,Data Analyst,77998
7926,Jane Smith,Software Engineer,95267
7927,David Walker,Project Manager,69153
7928,Jane Lewis,Software Engineer,57120
7929,Michael Walker,UX Designer,57576
7930,John Anderson,UX Designer,87019
7931,Alice Walker,System Administrator,65439
7932,Bob Walker,Database Administrator,75334
7933,Sophia Clark,Database Administrator,99472
7934,Emma Martinez,Network Engineer,90762
7935,Olivia Anderson,Database Administrator,72924
7936,Olivia Taylor,Database Administrator,71809
7937,Emma Harris,Product Manager,74147
7938,Olivia Walker,Project Manager,65992
7939,John Clark,Database Administrator,51570
7940,David Clark,Project Manager,63718
7941,Charlie Harris,Project Manager,72805
7942,Emma Johnson,Product Manager,94391
7943,Sophia Taylor,DevOps Engineer,80210
7944,Charlie Taylor,UX Designer,55024
7945,David Brown,UX Designer,65058
7946,David Johnson,Network Engineer,74092
7947,Jane Johnson,DevOps Engineer,63562
7948,Bob Martinez,System Administrator,55758
7949,Jane Smith,DevOps Engineer,81521
7950,Alice Clark,Data Analyst,69614
7951,Bob Anderson,System Administrator,86817
7952,Olivia Clark,Project Manager,81992
7953,John Martinez,System Administrator,74407
7954,John Martinez,UX Designer,78814
7955,David Anderson,DevOps Engineer,71304
7956,Charlie Anderson,AI Researcher,89095
7957,Sophia Johnson,UX Designer,57737
7958,Emma Lewis,UX Designer,72234
7959,John Anderson,DevOps Engineer,92593
7960,Charlie Walker,System Administrator,75396
7961,John Taylor,UX Designer,71503
7962,Sophia Brown,Database Administrator,97057
7963,Alice Lewis,AI Researcher,93015
7964,Jane Johnson,UX Designer,79192
7965,Sophia Clark,Project Manager,73137
7966,David Anderson,Product Manager,98086
7967,Charlie Johnson,Product Manager,86573
7968,Olivia Lewis,Project Manager,82361
7969,Michael Martinez,System Administrator,96583
7970,Michael Clark,Project Manager,81119
7971,Bob Smith,Data Analyst,71403
7972,Alice Martinez,Data Analyst,58086
7973,Michael Taylor,Data Analyst,67766
7974,David Brown,Database Administrator,85678
7975,Michael Clark,Software Engineer,92492
7976,Alice Harris,DevOps Engineer,87002
7977,Charlie Taylor,Database Administrator,61521
7978,Jane Martinez,Database Administrator,50017
7979,John Clark,DevOps Engineer,55266
7980,Jane Walker,Data Analyst,92594
7981,John Harris,DevOps Engineer,88203
7982,Bob Johnson,AI Researcher,61523
7983,Michael Walker,Project Manager,98512
7984,Sophia Martinez,Network Engineer,78930
7985,Charlie Johnson,Network Engineer,56102
7986,Alice Smith,System Administrator,52771
7987,Olivia Taylor,Software Engineer,83582
7988,Alice Johnson,Product Manager,53522
7989,Sophia Taylor,DevOps Engineer,82154
7990,Emma Smith,DevOps Engineer,86916
7991,John Taylor,Project Manager,69410
7992,Charlie Clark,Project Manager,82913
7993,Olivia Brown,Software Engineer,75580
7994,Charlie Walker,Database Administrator,64211
7995,Olivia Martinez,Project Manager,54134
7996,Olivia Lewis,DevOps Engineer,52747
7997,John Brown,Database Administrator,67532
7998,Alice Anderson,Database Administrator,66003
7999,Bob Harris,Network Engineer,85990
8000,Jane Anderson,Data Analyst,90992
8001,Jane Johnson,Project Manager,72404
8002,Sophia Clark,Software Engineer,72046
8003,Jane Smith,Software Engineer,59736
8004,Emma Walker,Network Engineer,64986
8005,Olivia Lewis,Project Manager,74254
8006,David Clark,AI Researcher,55303
8007,Emma Brown,AI Researcher,55335
8008,Emma Clark,Network Engineer,96463
8009,Charlie Lewis,Network Engineer,94333
8010,Michael Martinez,Software Engineer,65071
8011,Michael Brown,Product Manager,93876
8012,Sophia Clark,Database Administrator,58140
8013,Charlie Martinez,Project Manager,57016
8014,Jane Harris,Network Engineer,82216
8015,John Smith,Project Manager,63408
8016,Olivia Anderson,Database Administrator,80305
8017,Olivia Lewis,Project Manager,75805
8018,David Smith,UX Designer,56823
8019,John Taylor,Database Administrator,51868
8020,David Johnson,Database Administrator,80433
8021,David Taylor,AI Researcher,90100
8022,Alice Smith,Network Engineer,82382
8023,Charlie Taylor,Database Administrator,89178
8024,Michael Smith,DevOps Engineer,77382
8025,John Taylor,Data Analyst,64514
8026,Michael Harris,UX Designer,69673
8027,Charlie Harris,AI Researcher,94439
8028,Jane Clark,Database Administrator,56114
8029,Michael Anderson,UX Designer,95947
8030,Emma Brown,DevOps Engineer,75130
8031,John Johnson,Database Administrator,92493
8032,Olivia Harris,Software Engineer,70676
8033,John Lewis,UX Designer,89632
8034,Charlie Brown,Data Analyst,78777
8035,David Brown,Software Engineer,61489
8036,Bob Lewis,Database Administrator,56571
8037,John Harris,Product Manager,55762
8038,Olivia Taylor,System Administrator,98479
8039,Charlie Walker,Project Manager,72792
8040,Sophia Walker,UX Designer,61810
8041,Michael Martinez,Data Analyst,96626
8042,Jane Walker,Software Engineer,73452
8043,Charlie Clark,Network Engineer,56411
8044,Michael Martinez,Network Engineer,76494
8045,Bob Taylor,Database Administrator,78302
8046,David Walker,AI Researcher,53124
8047,Bob Smith,Network Engineer,79448
8048,Charlie Taylor,DevOps Engineer,97498
8049,David Johnson,Software Engineer,94641
8050,Alice Lewis,Database Administrator,93527
8051,Sophia Anderson,UX Designer,84085
8052,Sophia Clark,DevOps Engineer,95944
8053,Jane Smith,System Administrator,98375
8054,John Clark,UX Designer,53680
8055,Charlie Harris,Software Engineer,87162
8056,Bob Walker,DevOps Engineer,53675
8057,Michael Walker,DevOps Engineer,86774
8058,David Lewis,Network Engineer,67998
8059,Charlie Walker,UX Designer,68717
8060,Charlie Taylor,Project Manager,86991
8061,Olivia Martinez,Network Engineer,89327
8062,Bob Johnson,Software Engineer,70306
8063,John Walker,DevOps Engineer,50881
8064,Alice Taylor,AI Researcher,79073
8065,John Taylor,Data Analyst,72202
8066,Alice Clark,Database Administrator,93773
8067,John Taylor,Product Manager,88167
8068,Charlie Smith,System Administrator,59750
8069,Charlie Harris,Software Engineer,83150
8070,Sophia Taylor,DevOps Engineer,61285
8071,Sophia Anderson,UX Designer,90874
8072,John Johnson,Network Engineer,83657
8073,Michael Martinez,UX Designer,62609
8074,Jane Brown,DevOps Engineer,57420
8075,Alice Harris,UX Designer,75311
8076,Sophia Anderson,Data Analyst,65778
8077,Jane Smith,Network Engineer,92969
8078,Charlie Walker,Data Analyst,58794
8079,Charlie Taylor,System Administrator,58515
8080,Jane Taylor,AI Researcher,73714
8081,Jane Harris,AI Researcher,66969
8082,Olivia Johnson,System Administrator,72596
8083,Jane Martinez,AI Researcher,76597
8084,Sophia Harris,Data Analyst,96675
8085,Emma Smith,Project Manager,82654
8086,Bob Johnson,DevOps Engineer,77024
8087,Jane Johnson,DevOps Engineer,71753
8088,Bob Brown,Database Administrator,98115
8089,Alice Martinez,Network Engineer,62721
8090,Michael Brown,Project Manager,81392
8091,Charlie Johnson,AI Researcher,68337
8092,Emma Taylor,UX Designer,62146
8093,John Smith,DevOps Engineer,64405
8094,Charlie Brown,Project Manager,82784
8095,David Brown,AI Researcher,56863
8096,Michael Harris,System Administrator,74909
8097,Alice Lewis,Network Engineer,63209
8098,Sophia Martinez,Software Engineer,56244
8099,Jane Smith,Network Engineer,98786
8100,Michael Clark,Data Analyst,72572
8101,Emma Clark,AI Researcher,74870
8102,Sophia Smith,UX Designer,57062
8103,Charlie Brown,AI Researcher,87787
8104,Michael Taylor,UX Designer,73302
8105,Alice Brown,System Administrator,56411
8106,Sophia Brown,System Administrator,91372
8107,Alice Smith,System Administrator,69362
8108,Olivia Harris,Product Manager,63829
8109,Sophia Martinez,Software Engineer,85032
8110,Olivia Anderson,System Administrator,69078
8111,Olivia Clark,DevOps Engineer,50378
8112,Bob Lewis,UX Designer,94571
8113,Olivia Clark,System Administrator,86425
8114,John Harris,Network Engineer,84282
8115,Emma Brown,Product Manager,60259
8116,Olivia Walker,UX Designer,51029
8117,John Brown,System Administrator,92127
8118,Alice Martinez,Data Analyst,94773
8119,Bob Harris,DevOps Engineer,89109
8120,Olivia Brown,DevOps Engineer,67650
8121,John Lewis,UX Designer,71351
8122,David Johnson,Product Manager,50992
8123,Alice Lewis,DevOps Engineer,98688
8124,Alice Brown,System Administrator,59405
8125,John Martinez,Software Engineer,82538
8126,Olivia Martinez,Product Manager,62906
8127,Olivia Johnson,Product Manager,65892
8128,Emma Johnson,Data Analyst,87861
8129,Jane Martinez,Product Manager,55835
8130,David Harris,UX Designer,94129
8131,Sophia Walker,AI Researcher,95915
8132,Michael Harris,Software Engineer,62012
8133,Bob Lewis,Project Manager,80208
8134,Emma Walker,Database Administrator,67687
8135,Charlie Clark,DevOps Engineer,97871
8136,Alice Taylor,Product Manager,91221
8137,Jane Taylor,Network Engineer,52302
8138,Charlie Smith,Network Engineer,91934
8139,Sophia Taylor,UX Designer,89735
8140,Bob Smith,DevOps Engineer,66679
8141,Olivia Anderson,Software Engineer,81145
8142,Sophia Johnson,Project Manager,53208
8143,Jane Walker,Data Analyst,82913
8144,Jane Anderson,Product Manager,50979
8145,Michael Clark,Product Manager,72647
8146,Michael Harris,Data Analyst,62257
8147,Sophia Harris,System Administrator,68538
8148,Olivia Smith,Project Manager,84176
8149,Michael Anderson,Project Manager,67632
8150,Charlie Johnson,Database Administrator,85320
8151,Sophia Lewis,AI Researcher,81981
8152,Bob Johnson,Network Engineer,56248
8153,Bob Martinez,DevOps Engineer,59122
8154,Jane Martinez,Project Manager,71858
8155,David Brown,AI Researcher,56606
8156,Michael Walker,System Administrator,93330
8157,Charlie Lewis,Project Manager,67833
8158,Jane Smith,Data Analyst,83698
8159,Bob Anderson,Network Engineer,57805
8160,Alice Martinez,Project Manager,62844
8161,John Martinez,Product Manager,98686
8162,Olivia Martinez,Data Analyst,68379
8163,Olivia Harris,Software Engineer,62406
8164,Charlie Walker,Product Manager,52456
8165,Michael Brown,UX Designer,91613
8166,Michael Clark,UX Designer,97165
8167,Emma Harris,System Administrator,51826
8168,Sophia Smith,Software Engineer,94843
8169,John Lewis,System Administrator,67936
8170,Alice Martinez,Software Engineer,82039
8171,John Clark,System Administrator,78818
8172,John Lewis,System Administrator,76342
8173,Bob Johnson,AI Researcher,50133
8174,Alice Harris,Software Engineer,89196
8175,David Brown,Database Administrator,89546
8176,John Harris,Data Analyst,81132
8177,Alice Smith,Data Analyst,92915
8178,Michael Anderson,AI Researcher,94200
8179,Michael Walker,System Administrator,83555
8180,Alice Clark,DevOps Engineer,97937
8181,Charlie Taylor,Network Engineer,50488
8182,Bob Anderson,Software Engineer,79474
8183,Sophia Brown,Network Engineer,57854
8184,Charlie Harris,Project Manager,92677
8185,Jane Martinez,UX Designer,76691
8186,Michael Anderson,AI Researcher,62846
8187,Sophia Brown,Data Analyst,57816
8188,David Taylor,Software Engineer,63006
8189,Jane Lewis,UX Designer,99696
8190,Emma Lewis,System Administrator,51445
8191,John Harris,Network Engineer,77052
8192,Olivia Anderson,Data Analyst,89199
8193,Michael Walker,Database Administrator,63921
8194,Sophia Harris,Data Analyst,61446
8195,Charlie Smith,DevOps Engineer,70232
8196,David Harris,Software Engineer,69985
8197,Jane Anderson,Network Engineer,68632
8198,Jane Taylor,Project Manager,82206
8199,Olivia Lewis,Software Engineer,54152
8200,Emma Anderson,AI Researcher,64243
8201,Alice Lewis,UX Designer,95283
8202,Sophia Anderson,Project Manager,94518
8203,Charlie Clark,Database Administrator,84854
8204,Bob Martinez,Product Manager,89297
8205,Emma Walker,Database Administrator,86235
8206,Michael Harris,System Administrator,59299
8207,Emma Johnson,Software Engineer,55285
8208,Bob Smith,AI Researcher,86881
8209,John Anderson,Project Manager,54681
8210,David Taylor,Product Manager,88178
8211,John Brown,Database Administrator,94918
8212,David Martinez,Product Manager,65071
8213,Olivia Clark,Software Engineer,78532
8214,Emma Harris,System Administrator,67547
8215,Michael Martinez,AI Researcher,57076
8216,John Clark,System Administrator,97589
8217,Bob Martinez,Database Administrator,74950
8218,Sophia Walker,AI Researcher,70203
8219,Jane Martinez,AI Researcher,55060
8220,Jane Clark,Data Analyst,90527
8221,John Taylor,Database Administrator,87952
8222,David Johnson,Database Administrator,72081
8223,Sophia Martinez,UX Designer,50830
8224,Bob Taylor,AI Researcher,98464
8225,John Harris,Product Manager,74698
8226,David Smith,Database Administrator,75064
8227,Olivia Smith,Project Manager,85821
8228,Olivia Smith,Product Manager,75056
8229,Charlie Clark,Product Manager,56050
8230,Emma Harris,Data Analyst,86517
8231,Alice Smith,Software Engineer,79181
8232,Jane Martinez,Software Engineer,90623
8233,Alice Johnson,UX Designer,55961
8234,Charlie Taylor,System Administrator,79180
8235,Emma Walker,DevOps Engineer,83571
8236,Olivia Johnson,AI Researcher,81473
8237,Olivia Johnson,Software Engineer,99327
8238,Charlie Smith,Software Engineer,81522
8239,Alice Taylor,Data Analyst,56953
8240,Olivia Anderson,UX Designer,78028
8241,Michael Smith,System Administrator,55112
8242,John Harris,DevOps Engineer,98339
8243,Bob Brown,Data Analyst,77154
8244,Bob Lewis,System Administrator,99159
8245,Olivia Smith,Database Administrator,63552
8246,David Smith,DevOps Engineer,87836
8247,John Harris,DevOps Engineer,58197
8248,Jane Clark,DevOps Engineer,62703
8249,Michael Walker,Software Engineer,85957
8250,Charlie Smith,AI Researcher,78147
8251,Emma Smith,Project Manager,84138
8252,Jane Anderson,UX Designer,96678
8253,Bob Walker,System Administrator,52587
8254,Charlie Clark,Project Manager,76872
8255,Olivia Taylor,Software Engineer,72325
8256,Jane Anderson,AI Researcher,71473
8257,John Lewis,System Administrator,82596
8258,Alice Walker,System Administrator,68734
8259,David Clark,Data Analyst,50981
8260,Sophia Lewis,AI Researcher,93993
8261,Charlie Lewis,Database Administrator,83416
8262,Michael Johnson,Software Engineer,52080
8263,Charlie Walker,Software Engineer,89213
8264,John Lewis,AI Researcher,74094
8265,Olivia Lewis,DevOps Engineer,69379
8266,Emma Johnson,Network Engineer,94794
8267,David Walker,Project Manager,61419
8268,Olivia Walker,Data Analyst,78132
8269,Olivia Anderson,AI Researcher,83061
8270,Bob Martinez,AI Researcher,51589
8271,Emma Clark,Database Administrator,55727
8272,Olivia Walker,Database Administrator,64310
8273,Sophia Walker,Database Administrator,89913
8274,Emma Walker,Network Engineer,66884
8275,Michael Smith,Software Engineer,76446
8276,Olivia Anderson,Project Manager,52383
8277,David Taylor,System Administrator,50118
8278,Olivia Johnson,DevOps Engineer,93005
8279,Emma Anderson,Network Engineer,96101
8280,Emma Martinez,Project Manager,85797
8281,David Martinez,UX Designer,96871
8282,Michael Taylor,UX Designer,97348
8283,Bob Smith,AI Researcher,72735
8284,Sophia Johnson,System Administrator,58021
8285,Sophia Walker,Data Analyst,58184
8286,John Taylor,Data Analyst,92300
8287,Jane Clark,Software Engineer,63033
8288,Alice Walker,Network Engineer,95435
8289,Emma Harris,Database Administrator,95057
8290,John Brown,Network Engineer,54007
8291,John Anderson,System Administrator,66153
8292,Michael Walker,Product Manager,92361
8293,Charlie Anderson,AI Researcher,88984
8294,Michael Martinez,UX Designer,52742
8295,Charlie Harris,Data Analyst,52648
8296,Michael Brown,System Administrator,80764
8297,Alice Taylor,AI Researcher,61558
8298,Charlie Smith,Software Engineer,81282
8299,Bob Lewis,System Administrator,87205
8300,Alice Taylor,DevOps Engineer,98158
8301,John Martinez,AI Researcher,79504
8302,Alice Taylor,Network Engineer,96534
8303,John Smith,AI Researcher,90865
8304,Charlie Anderson,Product Manager,81075
8305,Michael Smith,System Administrator,99368
8306,Michael Brown,Network Engineer,96263
8307,Sophia Anderson,Project Manager,69465
8308,John Anderson,Network Engineer,50520
8309,Olivia Harris,System Administrator,52324
8310,Sophia Brown,Software Engineer,79277
8311,Olivia Johnson,Network Engineer,61538
8312,Sophia Harris,Software Engineer,81280
8313,John Brown,DevOps Engineer,99492
8314,Olivia Walker,Product Manager,77819
8315,Emma Brown,Database Administrator,58559
8316,Charlie Clark,Software Engineer,98880
8317,Charlie Clark,AI Researcher,56448
8318,Jane Smith,Software Engineer,87844
8319,Michael Johnson,DevOps Engineer,96712
8320,Sophia Taylor,Software Engineer,61713
8321,Sophia Brown,Network Engineer,84217
8322,Bob Taylor,Network Engineer,95775
8323,John Brown,AI Researcher,71328
8324,Olivia Walker,Software Engineer,87865
8325,Sophia Harris,UX Designer,50643
8326,Sophia Brown,System Administrator,54794
8327,Sophia Clark,UX Designer,90025
8328,Sophia Smith,Project Manager,99821
8329,Emma Martinez,Database Administrator,79779
8330,David Johnson,Project Manager,70294
8331,Michael Anderson,Project Manager,95324
8332,David Smith,System Administrator,77433
8333,David Taylor,AI Researcher,69367
8334,Michael Taylor,Network Engineer,94583
8335,Sophia Johnson,Database Administrator,81546
8336,Jane Harris,Network Engineer,55677
8337,Charlie Lewis,DevOps Engineer,64374
8338,Bob Harris,Project Manager,81848
8339,Bob Taylor,Software Engineer,59408
8340,John Martinez,Software Engineer,62818
8341,Charlie Martinez,System Administrator,99818
8342,Emma Taylor,UX Designer,62109
8343,Michael Johnson,System Administrator,65765
8344,Michael Harris,UX Designer,93088
8345,John Walker,DevOps Engineer,58384
8346,Emma Martinez,Project Manager,91598
8347,Sophia Johnson,System Administrator,53979
8348,John Martinez,System Administrator,82121
8349,Olivia Johnson,DevOps Engineer,95055
8350,Charlie Johnson,DevOps Engineer,70272
8351,Jane Walker,UX Designer,98898
8352,Michael Brown,Product Manager,54317
8353,Michael Walker,Data Analyst,92243
8354,John Johnson,AI Researcher,56542
8355,Charlie Brown,AI Researcher,73487
8356,Sophia Brown,System Administrator,70220
8357,Emma Walker,DevOps Engineer,91256
8358,John Smith,Network Engineer,83360
8359,Charlie Martinez,Data Analyst,73548
8360,Jane Taylor,UX Designer,54115
8361,Alice Brown,UX Designer,82806
8362,John Clark,System Administrator,92298
8363,David Anderson,Database Administrator,57396
8364,Olivia Harris,Product Manager,68932
8365,Emma Martinez,AI Researcher,68041
8366,Alice Clark,Network Engineer,63638
8367,Michael Johnson,Network Engineer,89205
8368,Bob Harris,Software Engineer,86653
8369,David Smith,Data Analyst,78076
8370,David Anderson,Database Administrator,84131
8371,Alice Martinez,AI Researcher,53429
8372,Michael Anderson,DevOps Engineer,99785
8373,Michael Taylor,Network Engineer,68730
8374,Emma Taylor,Data Analyst,55386
8375,David Walker,Project Manager,80774
8376,Alice Harris,Project Manager,68059
8377,Jane Martinez,System Administrator,75523
8378,David Brown,Network Engineer,77029
8379,Bob Harris,Database Administrator,76952
8380,Michael Smith,System Administrator,73242
8381,Bob Harris,Software Engineer,67167
8382,Sophia Johnson,Data Analyst,94222
8383,John Brown,UX Designer,65050
8384,Emma Lewis,Project Manager,75585
8385,Alice Brown,UX Designer,99464
8386,Sophia Brown,Project Manager,66327
8387,Jane Johnson,Network Engineer,51939
8388,Sophia Johnson,UX Designer,58244
8389,Emma Brown,System Administrator,68885
8390,Sophia Brown,Project Manager,79477
8391,John Anderson,UX Designer,73131
8392,Olivia Harris,Network Engineer,90949
8393,Jane Johnson,Software Engineer,86928
8394,John Clark,Project Manager,92963
8395,Charlie Smith,System Administrator,56203
8396,Jane Anderson,Network Engineer,56796
8397,Michael Anderson,Database Administrator,84429
8398,Bob Harris,Data Analyst,64865
8399,John Walker,Network Engineer,50760
8400,Jane Clark,Database Administrator,60108
8401,Emma Smith,System Administrator,69796
8402,John Clark,Product Manager,61395
8403,Jane Taylor,Software Engineer,62175
8404,John Johnson,DevOps Engineer,57467
8405,Alice Brown,AI Researcher,96320
8406,Jane Harris,Data Analyst,97096
8407,Jane Johnson,Software Engineer,63229
8408,Bob Lewis,Product Manager,59526
8409,Michael Taylor,Software Engineer,80521
8410,Jane Johnson,DevOps Engineer,77250
8411,Charlie Lewis,UX Designer,97061
8412,Michael Martinez,AI Researcher,62554
8413,Olivia Harris,UX Designer,94690
8414,John Johnson,Product Manager,50678
8415,Olivia Smith,DevOps Engineer,84488
8416,Sophia Smith,AI Researcher,84665
8417,Jane Harris,Data Analyst,73906
8418,Charlie Clark,Network Engineer,79728
8419,John Harris,System Administrator,85754
8420,Olivia Brown,UX Designer,66242
8421,Alice Taylor,Database Administrator,78642
8422,Charlie Clark,Project Manager,88582
8423,John Johnson,Network Engineer,83825
8424,Alice Brown,Software Engineer,77555
8425,David Harris,System Administrator,74790
8426,Alice Johnson,Software Engineer,53040
8427,Bob Clark,Product Manager,75915
8428,Alice Lewis,System Administrator,69226
8429,Alice Lewis,DevOps Engineer,85585
8430,Charlie Walker,Network Engineer,94674
8431,Bob Lewis,Project Manager,68859
8432,Emma Smith,Product Manager,88206
8433,Olivia Harris,Network Engineer,82477
8434,Olivia Brown,DevOps Engineer,73307
8435,Charlie Martinez,Project Manager,55119
8436,Sophia Anderson,Database Administrator,68745
8437,Alice Clark,UX Designer,99103
8438,John Walker,AI Researcher,78521
8439,Emma Martinez,System Administrator,66801
8440,Charlie Johnson,Project Manager,93698
8441,David Harris,UX Designer,67363
8442,Bob Taylor,Database Administrator,87977
8443,Michael Lewis,Project Manager,81552
8444,Olivia Johnson,Project Manager,75768
8445,John Walker,Project Manager,71985
8446,Michael Clark,UX Designer,98474
8447,Olivia Harris,Data Analyst,62014
8448,Emma Lewis,Network Engineer,95301
8449,Jane Taylor,AI Researcher,95233
8450,Alice Smith,DevOps Engineer,51624
8451,Charlie Brown,AI Researcher,93993
8452,Michael Johnson,Data Analyst,73884
8453,David Harris,AI Researcher,77804
8454,Alice Anderson,Data Analyst,95498
8455,Jane Martinez,Network Engineer,75351
8456,Bob Lewis,System Administrator,82583
8457,John Brown,Data Analyst,60030
8458,Olivia Walker,DevOps Engineer,51257
8459,Sophia Brown,AI Researcher,98135
8460,Jane Walker,Software Engineer,98363
8461,Jane Johnson,Database Administrator,59044
8462,John Martinez,Network Engineer,88304
8463,Charlie Clark,AI Researcher,89301
8464,John Brown,UX Designer,75544
8465,Jane Clark,Product Manager,53605
8466,Emma Brown,Data Analyst,60098
8467,Alice Harris,Network Engineer,78696
8468,John Anderson,Data Analyst,88307
8469,Olivia Smith,Software Engineer,90982
8470,Bob Harris,DevOps Engineer,79220
8471,Sophia Brown,AI Researcher,84701
8472,Olivia Walker,UX Designer,61637
8473,Emma Martinez,Data Analyst,81146
8474,Michael Anderson,AI Researcher,83187
8475,John Lewis,Data Analyst,94866
8476,Olivia Clark,AI Researcher,81074
8477,Sophia Smith,UX Designer,77019
8478,David Clark,Project Manager,59754
8479,Alice Lewis,Data Analyst,73260
8480,Sophia Martinez,Project Manager,82919
8481,Bob Walker,Data Analyst,85670
8482,Bob Smith,Project Manager,66348
8483,Alice Brown,Product Manager,91046
8484,Alice Walker,UX Designer,51896
8485,Michael Harris,Software Engineer,96963
8486,Bob Lewis,DevOps Engineer,66414
8487,Michael Martinez,Software Engineer,75343
8488,Jane Martinez,Software Engineer,86687
8489,Olivia Martinez,UX Designer,58908
8490,Charlie Smith,System Administrator,87689
8491,Bob Lewis,Software Engineer,79322
8492,Jane Johnson,Project Manager,57370
8493,Charlie Lewis,System Administrator,73962
8494,John Brown,Software Engineer,89712
8495,Jane Walker,Software Engineer,56377
8496,Jane Smith,Project Manager,57646
8497,Charlie Walker,Project Manager,89157
8498,Olivia Lewis,Database Administrator,90352
8499,Jane Anderson,Product Manager,55833
8500,Emma Martinez,DevOps Engineer,81136
8501,Bob Harris,UX Designer,79292
8502,Alice Smith,Product Manager,59009
8503,Alice Walker,AI Researcher,89916
8504,Sophia Lewis,Network Engineer,54254
8505,Emma Johnson,Network Engineer,86207
8506,Alice Harris,AI Researcher,66403
8507,Jane Harris,AI Researcher,85370
8508,Bob Harris,UX Designer,96232
8509,Michael Walker,AI Researcher,52292
8510,Olivia Lewis,Product Manager,51476
8511,Alice Martinez,Data Analyst,92114
8512,David Martinez,Product Manager,82409
8513,Emma Taylor,Software Engineer,74646
8514,Olivia Martinez,Network Engineer,76177
8515,Olivia Walker,Project Manager,95467
8516,John Taylor,Project Manager,78445
8517,Alice Brown,UX Designer,70949
8518,Jane Anderson,Product Manager,52474
8519,John Walker,Network Engineer,90976
8520,David Lewis,AI Researcher,98906
8521,John Smith,Software Engineer,73548
8522,Michael Brown,Network Engineer,78050
8523,Michael Johnson,DevOps Engineer,68939
8524,Sophia Martinez,Project Manager,96824
8525,John Taylor,System Administrator,56241
8526,Charlie Walker,System Administrator,80748
8527,Jane Taylor,UX Designer,53107
8528,Charlie Johnson,Project Manager,67342
8529,Sophia Lewis,Network Engineer,81723
8530,Jane Clark,System Administrator,77384
8531,Alice Lewis,DevOps Engineer,78495
8532,Emma Taylor,System Administrator,60997
8533,Sophia Walker,Product Manager,55024
8534,John Taylor,UX Designer,70854
8535,Emma Taylor,Software Engineer,84738
8536,Jane Johnson,UX Designer,97291
8537,Jane Johnson,Database Administrator,93560
8538,Alice Smith,AI Researcher,83580
8539,Charlie Martinez,Data Analyst,94196
8540,Jane Walker,Database Administrator,54951
8541,Sophia Anderson,Project Manager,82273
8542,Sophia Anderson,System Administrator,55287
8543,Emma Johnson,AI Researcher,68155
8544,Charlie Clark,UX Designer,95211
8545,Jane Clark,Software Engineer,79724
8546,David Harris,AI Researcher,95612
8547,Michael Brown,Network Engineer,94607
8548,Bob Smith,Project Manager,90414
8549,Michael Walker,DevOps Engineer,94176
8550,Sophia Anderson,Project Manager,87559
8551,Sophia Martinez,Data Analyst,86398
8552,Charlie Smith,Database Administrator,63748
8553,Sophia Lewis,Database Administrator,63563
8554,Michael Johnson,Network Engineer,79381
8555,Olivia Lewis,AI Researcher,77573
8556,Emma Harris,Project Manager,74589
8557,Jane Lewis,Product Manager,77576
8558,Emma Anderson,Product Manager,71953
8559,Bob Harris,Database Administrator,97268
8560,Olivia Johnson,Data Analyst,63953
8561,John Martinez,Product Manager,91448
8562,David Walker,AI Researcher,67729
8563,Jane Johnson,Data Analyst,51402
8564,David Clark,Database Administrator,75420
8565,Bob Lewis,Software Engineer,57465
8566,Emma Anderson,Network Engineer,80746
8567,Olivia Lewis,UX Designer,71210
8568,Emma Lewis,Project Manager,74694
8569,Jane Lewis,DevOps Engineer,79030
8570,Alice Harris,Network Engineer,65084
8571,David Taylor,Software Engineer,79176
8572,Charlie Clark,Network Engineer,76780
8573,Sophia Smith,System Administrator,98735
8574,Olivia Martinez,UX Designer,74611
8575,Jane Martinez,Data Analyst,66894
8576,Bob Lewis,Software Engineer,96400
8577,Olivia Martinez,System Administrator,99141
8578,David Clark,Database Administrator,61968
8579,John Lewis,Product Manager,56947
8580,Emma Harris,AI Researcher,77696
8581,Bob Walker,System Administrator,60862
8582,Charlie Lewis,System Administrator,89568
8583,Jane Smith,AI Researcher,56669
8584,Olivia Harris,Data Analyst,71778
8585,Sophia Harris,Data Analyst,70000
8586,Sophia Harris,Project Manager,82024
8587,Sophia Clark,Product Manager,82279
8588,Jane Johnson,Data Analyst,90814
8589,John Anderson,System Administrator,80575
8590,Jane Harris,Product Manager,79428
8591,Charlie Taylor,Product Manager,78131
8592,Emma Smith,System Administrator,99676
8593,John Taylor,UX Designer,57164
8594,Charlie Harris,System Administrator,98226
8595,Jane Harris,UX Designer,93882
8596,Olivia Brown,System Administrator,75583
8597,Charlie Clark,Software Engineer,73731
8598,Sophia Clark,AI Researcher,74792
8599,John Anderson,UX Designer,57646
8600,Michael Martinez,Project Manager,60115
8601,David Walker,DevOps Engineer,69990
8602,Jane Anderson,Product Manager,79286
8603,Sophia Brown,Database Administrator,95774
8604,John Johnson,Database Administrator,52083
8605,Emma Clark,Product Manager,52384
8606,Emma Brown,System Administrator,73128
8607,John Martinez,Software Engineer,62300
8608,Bob Taylor,DevOps Engineer,63867
8609,Olivia Harris,DevOps Engineer,74134
8610,Sophia Taylor,Product Manager,51752
8611,Michael Taylor,DevOps Engineer,65336
8612,John Brown,Software Engineer,80978
8613,Michael Lewis,System Administrator,79679
8614,David Johnson,Network Engineer,73308
8615,Sophia Brown,Project Manager,68000
8616,Jane Smith,Product Manager,91100
8617,Bob Lewis,AI Researcher,74166
8618,Michael Lewis,Data Analyst,63219
8619,John Martinez,Database Administrator,76112
8620,Charlie Smith,System Administrator,85707
8621,David Lewis,UX Designer,71305
8622,Charlie Smith,Product Manager,93531
8623,Alice Walker,System Administrator,56000
8624,Alice Johnson,System Administrator,85969
8625,Charlie Johnson,Project Manager,99428
8626,David Walker,Network Engineer,53100
8627,John Taylor,DevOps Engineer,61488
8628,Jane Walker,Network Engineer,91998
8629,Emma Johnson,Data Analyst,94101
8630,Jane Walker,Software Engineer,66296
8631,Jane Anderson,AI Researcher,69777
8632,Emma Walker,DevOps Engineer,68184
8633,Bob Johnson,System Administrator,91393
8634,Bob Martinez,Project Manager,93136
8635,Michael Taylor,Data Analyst,74516
8636,John Harris,UX Designer,52632
8637,John Taylor,UX Designer,55406
8638,Emma Lewis,System Administrator,91166
8639,Alice Brown,Database Administrator,99139
8640,David Harris,Database Administrator,54007
8641,John Walker,DevOps Engineer,94281
8642,Emma Taylor,Data Analyst,56356
8643,Jane Johnson,UX Designer,75822
8644,Charlie Lewis,UX Designer,80219
8645,Charlie Walker,Product Manager,73274
8646,Jane Lewis,Product Manager,88979
8647,John Martinez,AI Researcher,94475
8648,David Smith,Network Engineer,81440
8649,Michael Johnson,UX Designer,97166
8650,Michael Anderson,Product Manager,97677
8651,Michael Johnson,UX Designer,64160
8652,Sophia Anderson,UX Designer,50120
8653,Bob Martinez,Data Analyst,68823
8654,John Johnson,System Administrator,52255
8655,Michael Martinez,Project Manager,58237
8656,Alice Martinez,Database Administrator,63435
8657,Sophia Harris,Network Engineer,57244
8658,David Clark,UX Designer,93151
8659,Olivia Johnson,UX Designer,51345
8660,Bob Walker,System Administrator,72994
8661,Alice Walker,UX Designer,92950
8662,Bob Smith,Product Manager,84246
8663,Sophia Brown,Software Engineer,68879
8664,Michael Brown,UX Designer,61594
8665,Michael Martinez,Software Engineer,87404
8666,Bob Harris,Software Engineer,75754
8667,Sophia Taylor,AI Researcher,76335
8668,Emma Martinez,System Administrator,85187
8669,Charlie Clark,UX Designer,53086
8670,Emma Lewis,Project Manager,52779
8671,Michael Anderson,Data Analyst,66907
8672,Bob Anderson,UX Designer,90203
8673,Bob Walker,Software Engineer,65630
8674,John Anderson,Data Analyst,83332
8675,Emma Walker,Product Manager,85790
8676,Alice Martinez,Product Manager,92440
8677,Alice Martinez,DevOps Engineer,65009
8678,Bob Anderson,Software Engineer,82752
8679,Jane Anderson,DevOps Engineer,67591
8680,Olivia Johnson,Project Manager,66334
8681,Sophia Martinez,UX Designer,83136
8682,John Brown,Network Engineer,51869
8683,Alice Brown,Network Engineer,63080
8684,Sophia Johnson,System Administrator,79141
8685,Bob Lewis,Product Manager,91909
8686,John Clark,AI Researcher,66912
8687,Alice Anderson,Data Analyst,97406
8688,Olivia Johnson,UX Designer,68204
8689,Jane Johnson,Product Manager,62017
8690,Bob Clark,Database Administrator,90730
8691,Michael Lewis,AI Researcher,79580
8692,Michael Martinez,Data Analyst,63903
8693,Charlie Smith,System Administrator,71290
8694,Jane Taylor,System Administrator,89694
8695,Michael Lewis,Data Analyst,82710
8696,David Walker,Project Manager,86093
8697,Alice Smith,Data Analyst,63940
8698,Jane Anderson,Database Administrator,62511
8699,Olivia Johnson,DevOps Engineer,60696
8700,Sophia Taylor,Network Engineer,52080
8701,Olivia Walker,Project Manager,97756
8702,Charlie Martinez,Project Manager,54236
8703,Alice Lewis,System Administrator,80765
8704,Michael Martinez,AI Researcher,60604
8705,Olivia Smith,Product Manager,66043
8706,David Brown,AI Researcher,50679
8707,Charlie Harris,Network Engineer,61388
8708,Olivia Anderson,Software Engineer,88104
8709,Jane Clark,Network Engineer,56400
8710,Olivia Harris,Database Administrator,91059
8711,Olivia Harris,Database Administrator,59500
8712,Jane Harris,Project Manager,65809
8713,David Walker,Network Engineer,61578
8714,Jane Clark,Project Manager,94616
8715,Emma Harris,System Administrator,56430
8716,Jane Harris,Project Manager,60571
8717,John Harris,UX Designer,58596
8718,Bob Johnson,Software Engineer,97823
8719,David Clark,UX Designer,98699
8720,Charlie Martinez,Project Manager,89024
8721,Bob Harris,Database Administrator,68470
8722,Michael Anderson,Network Engineer,58932
8723,Michael Johnson,AI Researcher,71553
8724,Bob Martinez,Data Analyst,69945
8725,Olivia Lewis,System Administrator,59796
8726,Emma Taylor,Product Manager,73546
8727,Sophia Clark,Data Analyst,70141
8728,Michael Anderson,Software Engineer,71760
8729,John Walker,Data Analyst,50998
8730,Emma Brown,UX Designer,55116
8731,Bob Brown,AI Researcher,94436
8732,Olivia Walker,UX Designer,67603
8733,Michael Harris,Network Engineer,79716
8734,Sophia Brown,Network Engineer,61801
8735,Michael Harris,Network Engineer,74075
8736,John Anderson,UX Designer,84521
8737,David Johnson,Data Analyst,85420
8738,Alice Lewis,Data Analyst,56733
8739,Emma Taylor,Data Analyst,83577
8740,David Smith,Project Manager,88906
8741,Charlie Brown,System Administrator,63843
8742,Jane Walker,DevOps Engineer,79073
8743,Bob Brown,AI Researcher,63933
8744,Charlie Brown,Database Administrator,77870
8745,Olivia Taylor,Database Administrator,99201
8746,Charlie Martinez,UX Designer,72760
8747,Emma Harris,Software Engineer,53507
8748,John Martinez,DevOps Engineer,54112
8749,Charlie Lewis,UX Designer,60116
8750,Alice Taylor,Database Administrator,55593
8751,Alice Martinez,Product Manager,55277
8752,Emma Clark,Product Manager,65035
8753,David Taylor,Database Administrator,91388
8754,Emma Walker,Product Manager,58679
8755,Michael Smith,Project Manager,95099
8756,David Brown,UX Designer,98208
8757,Jane Anderson,Network Engineer,52044
8758,Jane Walker,UX Designer,95042
8759,Bob Harris,AI Researcher,89297
8760,Emma Lewis,Software Engineer,67995
8761,David Taylor,Product Manager,95197
8762,John Martinez,UX Designer,72900
8763,David Walker,UX Designer,88494
8764,Olivia Brown,Data Analyst,96488
8765,David Smith,Project Manager,91883
8766,David Harris,Data Analyst,87423
8767,David Martinez,System Administrator,92129
8768,Charlie Lewis,UX Designer,60202
8769,Alice Brown,Database Administrator,53134
8770,Emma Harris,AI Researcher,83746
8771,Bob Lewis,Project Manager,97646
8772,Sophia Anderson,Data Analyst,56251
8773,John Taylor,Project Manager,68152
8774,Alice Smith,System Administrator,88497
8775,Olivia Lewis,Product Manager,82937
8776,Jane Clark,System Administrator,51881
8777,John Anderson,Database Administrator,84336
8778,David Johnson,Network Engineer,58963
8779,Jane Smith,Product Manager,85379
8780,Sophia Martinez,Software Engineer,57748
8781,Olivia Walker,System Administrator,60426
8782,John Lewis,Network Engineer,54706
8783,Emma Clark,Software Engineer,81302
8784,Michael Anderson,AI Researcher,74263
8785,Alice Johnson,System Administrator,83046
8786,Bob Taylor,DevOps Engineer,96499
8787,Olivia Harris,UX Designer,50752
8788,Sophia Brown,AI Researcher,83336
8789,Jane Harris,AI Researcher,94747
8790,Bob Johnson,System Administrator,66743
8791,Olivia Lewis,Product Manager,74983
8792,Sophia Brown,Database Administrator,59901
8793,Emma Martinez,Software Engineer,72103
8794,John Smith,UX Designer,72696
8795,David Martinez,AI Researcher,75349
8796,Jane Clark,Network Engineer,88893
8797,Charlie Lewis,Software Engineer,70011
8798,Olivia Smith,Network Engineer,58612
8799,Sophia Johnson,AI Researcher,93990
8800,John Harris,Network Engineer,53321
8801,David Anderson,UX Designer,93376
8802,John Walker,Software Engineer,71269
8803,Alice Walker,System Administrator,99962
8804,John Martinez,Data Analyst,76245
8805,Alice Martinez,Network Engineer,60595
8806,Charlie Anderson,Project Manager,53946
8807,Olivia Martinez,Database Administrator,63611
8808,David Martinez,Database Administrator,60755
8809,Bob Smith,Database Administrator,88095
8810,Michael Lewis,Project Manager,99482
8811,Alice Martinez,UX Designer,63719
8812,Jane Harris,Network Engineer,55533
8813,Michael Taylor,Project Manager,55042
8814,Emma Clark,Data Analyst,74102
8815,Olivia Brown,Software Engineer,82369
8816,Bob Taylor,Software Engineer,68601
8817,Michael Brown,Database Administrator,69951
8818,Michael Martinez,DevOps Engineer,72313
8819,Jane Taylor,Project Manager,89894
8820,Charlie Smith,Software Engineer,94614
8821,David Walker,System Administrator,52384
8822,Alice Brown,UX Designer,96513
8823,Sophia Smith,AI Researcher,66127
8824,John Walker,AI Researcher,60267
8825,Sophia Anderson,DevOps Engineer,69473
8826,Michael Smith,Network Engineer,89632
8827,Alice Taylor,Software Engineer,95753
8828,Charlie Walker,Product Manager,50289
8829,Emma Taylor,System Administrator,98038
8830,Bob Smith,Data Analyst,94135
8831,Alice Taylor,Project Manager,83422
8832,Michael Brown,UX Designer,63359
8833,David Anderson,Project Manager,74674
8834,Emma Taylor,Software Engineer,88342
8835,Emma Walker,Database Administrator,83998
8836,David Taylor,AI Researcher,51670
8837,Olivia Clark,Software Engineer,61025
8838,David Harris,Project Manager,72832
8839,Michael Martinez,Network Engineer,97642
8840,Alice Martinez,AI Researcher,92933
8841,Bob Harris,Software Engineer,95289
8842,John Johnson,Product Manager,71255
8843,Emma Harris,Product Manager,98941
8844,Sophia Johnson,Data Analyst,93275
8845,Olivia Smith,UX Designer,76376
8846,Bob Walker,Data Analyst,82862
8847,Emma Martinez,Network Engineer,58543
8848,Alice Martinez,Software Engineer,75090
8849,Alice Anderson,Product Manager,70971
8850,Bob Lewis,Network Engineer,64425
8851,Jane Anderson,System Administrator,88673
8852,Emma Taylor,Software Engineer,65149
8853,Michael Walker,Network Engineer,78842
8854,Olivia Brown,DevOps Engineer,59705
8855,Emma Walker,AI Researcher,73907
8856,Olivia Walker,Software Engineer,81758
8857,Jane Clark,Project Manager,58882
8858,Sophia Johnson,Product Manager,91904
8859,Emma Harris,UX Designer,66864
8860,David Taylor,Project Manager,98542
8861,David Anderson,Data Analyst,94811
8862,Emma Lewis,System Administrator,83187
8863,David Clark,Network Engineer,95625
8864,Jane Martinez,Data Analyst,62091
8865,Sophia Martinez,UX Designer,55941
8866,Jane Walker,AI Researcher,94074
8867,Emma Clark,AI Researcher,80566
8868,Michael Martinez,UX Designer,64881
8869,Michael Lewis,UX Designer,73220
8870,Charlie Johnson,Database Administrator,90345
8871,David Clark,Product Manager,54535
8872,Emma Brown,Project Manager,87368
8873,John Lewis,System Administrator,81865
8874,Alice Harris,UX Designer,70389
8875,Michael Smith,Data Analyst,96232
8876,Michael Lewis,AI Researcher,89116
8877,John Martinez,UX Designer,71170
8878,Alice Lewis,UX Designer,97298
8879,Jane Taylor,DevOps Engineer,59695
8880,John Walker,Network Engineer,58810
8881,Emma Smith,Data Analyst,74768
8882,Alice Taylor,AI Researcher,71496
8883,Olivia Brown,Database Administrator,51046
8884,Sophia Anderson,Data Analyst,86160
8885,John Walker,System Administrator,59945
8886,John Harris,DevOps Engineer,50446
8887,Michael Taylor,UX Designer,59189
8888,Bob Johnson,UX Designer,78890
8889,Alice Martinez,Project Manager,78963
8890,Emma Lewis,Software Engineer,62272
8891,Bob Walker,UX Designer,91086
8892,Olivia Lewis,AI Researcher,61693
8893,Bob Johnson,UX Designer,85725
8894,Emma Taylor,Software Engineer,70386
8895,David Lewis,Project Manager,74669
8896,Sophia Martinez,Database Administrator,59969
8897,David Johnson,Database Administrator,54604
8898,Sophia Taylor,Network Engineer,54027
8899,Bob Smith,DevOps Engineer,63155
8900,Bob Taylor,Software Engineer,56979
8901,Charlie Walker,DevOps Engineer,65809
8902,John Harris,AI Researcher,97243
8903,Sophia Harris,AI Researcher,93952
8904,Alice Johnson,DevOps Engineer,72015
8905,Charlie Martinez,AI Researcher,70247
8906,Sophia Lewis,DevOps Engineer,78539
8907,David Johnson,AI Researcher,82990
8908,David Lewis,Database Administrator,59223
8909,Emma Anderson,Software Engineer,50031
8910,Charlie Anderson,Software Engineer,50828
8911,Sophia Johnson,AI Researcher,62932
8912,John Harris,Product Manager,64858
8913,Bob Walker,Database Administrator,67240
8914,Alice Martinez,Software Engineer,75437
8915,Alice Brown,Software Engineer,79220
8916,John Anderson,DevOps Engineer,98954
8917,Emma Martinez,Project Manager,85091
8918,John Smith,DevOps Engineer,57321
8919,Alice Martinez,System Administrator,78562
8920,Emma Johnson,UX Designer,51625
8921,David Johnson,Data Analyst,66334
8922,John Clark,DevOps Engineer,80736
8923,John Smith,AI Researcher,52090
8924,Alice Martinez,Software Engineer,72254
8925,Olivia Walker,System Administrator,95257
8926,Emma Walker,Data Analyst,75653
8927,Olivia Harris,Software Engineer,69534
8928,Emma Johnson,Project Manager,94608
8929,Olivia Martinez,UX Designer,64736
8930,Olivia Smith,Network Engineer,97308
8931,Alice Clark,Network Engineer,56762
8932,Jane Smith,Database Administrator,57002
8933,Alice Martinez,DevOps Engineer,59013
8934,Charlie Anderson,Database Administrator,90433
8935,Jane Walker,Software Engineer,71039
8936,Bob Taylor,Project Manager,80211
8937,John Taylor,System Administrator,69562
8938,John Clark,Software Engineer,60696
8939,Bob Smith,Project Manager,67653
8940,Bob Taylor,System Administrator,65569
8941,Michael Taylor,Project Manager,52065
8942,Emma Lewis,UX Designer,69672
8943,Jane Harris,AI Researcher,50033
8944,David Clark,UX Designer,53336
8945,Emma Anderson,UX Designer,90344
8946,John Taylor,Software Engineer,51990
8947,Michael Smith,Network Engineer,89469
8948,Jane Brown,Product Manager,98520
8949,Emma Brown,Product Manager,93281
8950,John Clark,Product Manager,51854
8951,Alice Clark,System Administrator,74569
8952,Alice Harris,System Administrator,87348
8953,Sophia Anderson,Database Administrator,51640
8954,Olivia Martinez,Data Analyst,96725
8955,John Johnson,Network Engineer,60869
8956,Jane Martinez,Software Engineer,99881
8957,John Harris,Project Manager,77899
8958,Charlie Smith,Software Engineer,51296
8959,Emma Anderson,Product Manager,74335
8960,Olivia Clark,Product Manager,97169
8961,Emma Taylor,Data Analyst,93792
8962,Emma Lewis,Software Engineer,55039
8963,John Taylor,UX Designer,52532
8964,Emma Walker,UX Designer,85509
8965,Jane Walker,Product Manager,89278
8966,Jane Harris,DevOps Engineer,85854
8967,Michael Taylor,AI Researcher,63871
8968,Alice Johnson,Project Manager,89160
8969,John Taylor,Product Manager,71680
8970,Alice Lewis,Project Manager,62973
8971,Olivia Clark,Database Administrator,95044
8972,Olivia Anderson,Project Manager,73015
8973,Olivia Walker,DevOps Engineer,75810
8974,David Harris,Database Administrator,79925
8975,Michael Johnson,Product Manager,84888
8976,John Clark,Data Analyst,56435
8977,John Smith,Project Manager,66043
8978,Jane Harris,System Administrator,87114
8979,Alice Taylor,Product Manager,51183
8980,Alice Lewis,Project Manager,62703
8981,Olivia Brown,DevOps Engineer,69162
8982,Bob Martinez,Data Analyst,95599
8983,Bob Smith,Software Engineer,90345
8984,Charlie Smith,Product Manager,92353
8985,Olivia Taylor,UX Designer,96287
8986,Charlie Martinez,Data Analyst,52478
8987,Emma Walker,AI Researcher,77353
8988,Charlie Harris,Network Engineer,95662
8989,Sophia Walker,DevOps Engineer,64193
8990,Bob Martinez,AI Researcher,66998
8991,Olivia Anderson,Database Administrator,92965
8992,Charlie Anderson,Data Analyst,71543
8993,Charlie Lewis,Product Manager,90044
8994,David Anderson,Software Engineer,67458
8995,Emma Walker,Software Engineer,60783
8996,Emma Johnson,Product Manager,87256
8997,Emma Harris,Software Engineer,99508
8998,Alice Walker,Database Administrator,79067
8999,Sophia Clark,AI Researcher,69480
9000,Charlie Lewis,Data Analyst,67719
9001,Emma Johnson,Data Analyst,78645
9002,Bob Anderson,System Administrator,69684
9003,Sophia Johnson,Project Manager,67986
9004,Charlie Johnson,Product Manager,97099
9005,David Taylor,Data Analyst,93871
9006,Charlie Anderson,UX Designer,77447
9007,Michael Clark,Data Analyst,63021
9008,Michael Taylor,AI Researcher,98319
9009,Jane Brown,Product Manager,67929
9010,Charlie Walker,Database Administrator,74763
9011,John Walker,UX Designer,71298
9012,Charlie Clark,UX Designer,50000
9013,Olivia Johnson,System Administrator,73954
9014,Bob Johnson,UX Designer,87916
9015,Olivia Clark,System Administrator,87751
9016,Charlie Smith,Database Administrator,55927
9017,Bob Martinez,System Administrator,82666
9018,Jane Harris,UX Designer,64532
9019,Michael Harris,Database Administrator,93653
9020,Charlie Brown,AI Researcher,89902
9021,David Johnson,Project Manager,78867
9022,David Martinez,UX Designer,51795
9023,Olivia Martinez,Project Manager,70020
9024,Charlie Brown,Product Manager,60736
9025,Olivia Clark,DevOps Engineer,60717
9026,Emma Brown,Project Manager,90990
9027,Bob Brown,System Administrator,53549
9028,Emma Clark,System Administrator,94096
9029,Michael Taylor,Project Manager,75800
9030,Sophia Smith,Database Administrator,52333
9031,Jane Martinez,Data Analyst,75486
9032,John Taylor,Database Administrator,92779
9033,Bob Smith,Database Administrator,89413
9034,Bob Lewis,Project Manager,91833
9035,Alice Johnson,Software Engineer,58462
9036,David Clark,Project Manager,83216
9037,Bob Anderson,Network Engineer,61753
9038,Alice Taylor,Network Engineer,81452
9039,Michael Walker,Software Engineer,85540
9040,Bob Brown,DevOps Engineer,89407
9041,John Anderson,UX Designer,85868
9042,Michael Taylor,Database Administrator,73980
9043,Sophia Johnson,DevOps Engineer,86830
9044,Emma Clark,Product Manager,56635
9045,David Lewis,Database Administrator,87990
9046,Emma Walker,Network Engineer,91663
9047,Bob Taylor,UX Designer,96905
9048,Michael Smith,Data Analyst,63240
9049,John Clark,Project Manager,88103
9050,Sophia Johnson,AI Researcher,65704
9051,Bob Lewis,System Administrator,64992
9052,Sophia Anderson,DevOps Engineer,89912
9053,Jane Clark,Data Analyst,77565
9054,Sophia Martinez,Software Engineer,97668
9055,Jane Walker,Software Engineer,64745
9056,Bob Harris,System Administrator,53955
9057,Charlie Clark,Project Manager,58722
9058,John Johnson,Data Analyst,77437
9059,Alice Martinez,DevOps Engineer,73411
9060,David Anderson,Project Manager,85547
9061,Emma Johnson,AI Researcher,56277
9062,Charlie Harris,System Administrator,50302
9063,Sophia Lewis,Product Manager,84038
9064,Bob Johnson,Data Analyst,87754
9065,Emma Brown,System Administrator,90084
9066,Bob Brown,Network Engineer,92795
9067,Bob Harris,AI Researcher,92026
9068,David Brown,UX Designer,60208
9069,Jane Clark,UX Designer,95301
9070,John Walker,AI Researcher,76479
9071,Charlie Lewis,Data Analyst,99357
9072,Sophia Smith,AI Researcher,77662
9073,Olivia Martinez,DevOps Engineer,75521
9074,Sophia Walker,AI Researcher,56676
9075,David Walker,Network Engineer,95807
9076,Bob Johnson,System Administrator,82947
9077,Olivia Johnson,Data Analyst,63745
9078,Jane Smith,System Administrator,84478
9079,Alice Martinez,DevOps Engineer,62219
9080,Jane Walker,UX Designer,65220
9081,Alice Anderson,Software Engineer,84382
9082,Michael Walker,Product Manager,71475
9083,Bob Harris,DevOps Engineer,92948
9084,John Martinez,AI Researcher,77782
9085,Jane Johnson,Software Engineer,74288
9086,Alice Harris,Network Engineer,88718
9087,Bob Johnson,DevOps Engineer,59860
9088,Michael Johnson,Project Manager,84390
9089,Emma Harris,Database Administrator,60088
9090,Olivia Walker,System Administrator,58963
9091,Charlie Johnson,Product Manager,92331
9092,John Harris,DevOps Engineer,73788
9093,Olivia Clark,Database Administrator,55027
9094,Emma Smith,Product Manager,90594
9095,Alice Brown,DevOps Engineer,89248
9096,Alice Johnson,Database Administrator,79659
9097,Emma Anderson,Project Manager,59232
9098,John Martinez,Network Engineer,58203
9099,Bob Lewis,Product Manager,90349
9100,Olivia Martinez,Software Engineer,82342
9101,Charlie Taylor,Product Manager,57427
9102,Jane Lewis,System Administrator,65993
9103,Bob Johnson,UX Designer,83930
9104,David Martinez,Network Engineer,52173
9105,Olivia Walker,Database Administrator,63695
9106,Olivia Anderson,Database Administrator,55415
9107,David Brown,Network Engineer,62608
9108,David Lewis,Network Engineer,93973
9109,Emma Harris,System Administrator,59076
9110,Michael Anderson,Network Engineer,53058
9111,Olivia Anderson,Project Manager,79135
9112,Sophia Lewis,Network Engineer,54243
9113,Alice Johnson,DevOps Engineer,96580
9114,Jane Clark,Product Manager,96375
9115,David Johnson,AI Researcher,69172
9116,Olivia Lewis,Software Engineer,58178
9117,John Smith,AI Researcher,81620
9118,Bob Clark,DevOps Engineer,98960
9119,Jane Walker,UX Designer,70395
9120,Emma Lewis,DevOps Engineer,67697
9121,Alice Harris,Network Engineer,72799
9122,Alice Martinez,Product Manager,86580
9123,Alice Martinez,Software Engineer,66986
9124,David Lewis,Project Manager,82840
9125,John Smith,Project Manager,83733
9126,Sophia Clark,UX Designer,89484
9127,David Harris,Network Engineer,58119
9128,Alice Lewis,Project Manager,56203
9129,Alice Smith,Data Analyst,95352
9130,Sophia Walker,AI Researcher,80934
9131,David Lewis,AI Researcher,80055
9132,John Brown,UX Designer,73597
9133,David Clark,DevOps Engineer,76252
9134,Alice Taylor,Database Administrator,73653
9135,Emma Martinez,Product Manager,78698
9136,Sophia Smith,Product Manager,53737
9137,Charlie Martinez,Product Manager,88562
9138,Sophia Johnson,Project Manager,70497
9139,Sophia Lewis,Product Manager,67495
9140,Alice Walker,Network Engineer,73034
9141,Michael Smith,Product Manager,77450
9142,Sophia Anderson,Data Analyst,50257
9143,Charlie Anderson,DevOps Engineer,62256
9144,Sophia Smith,UX Designer,52618
9145,Charlie Clark,DevOps Engineer,86311
9146,John Lewis,DevOps Engineer,51768
9147,Emma Brown,Data Analyst,77237
9148,Olivia Lewis,Project Manager,93318
9149,Emma Smith,System Administrator,62571
9150,Michael Johnson,Project Manager,99402
9151,Alice Smith,Software Engineer,89727
9152,John Walker,DevOps Engineer,59088
9153,David Anderson,UX Designer,82829
9154,John Johnson,System Administrator,68624
9155,Jane Smith,Database Administrator,88306
9156,Alice Smith,Database Administrator,87045
9157,Michael Martinez,AI Researcher,66306
9158,Sophia Lewis,AI Researcher,96892
9159,Sophia Martinez,Product Manager,73088
9160,Emma Martinez,Database Administrator,63568
9161,David Martinez,Database Administrator,94281
9162,Sophia Clark,Project Manager,71683
9163,Emma Brown,System Administrator,51548
9164,David Harris,UX Designer,66152
9165,Jane Harris,Project Manager,72531
9166,Emma Harris,Product Manager,96911
9167,John Taylor,Network Engineer,69812
9168,Sophia Martinez,Database Administrator,50550
9169,David Anderson,Network Engineer,82903
9170,Jane Clark,Data Analyst,77045
9171,Alice Lewis,System Administrator,80547
9172,Jane Martinez,System Administrator,91622
9173,Michael Johnson,DevOps Engineer,63983
9174,Sophia Taylor,Database Administrator,96353
9175,John Johnson,Database Administrator,54181
9176,Jane Walker,UX Designer,60370
9177,Alice Taylor,AI Researcher,64047
9178,Charlie Lewis,Network Engineer,93639
9179,David Brown,System Administrator,51467
9180,Emma Lewis,DevOps Engineer,85658
9181,Michael Lewis,Project Manager,65007
9182,Charlie Clark,Database Administrator,74430
9183,Charlie Brown,Network Engineer,67014
9184,John Clark,Database Administrator,69711
9185,John Lewis,Software Engineer,62973
9186,Michael Smith,System Administrator,77850
9187,Michael Smith,AI Researcher,58903
9188,Michael Walker,Database Administrator,64660
9189,Alice Lewis,Database Administrator,88426
9190,David Lewis,Data Analyst,60455
9191,David Brown,Data Analyst,85051
9192,Emma Lewis,Database Administrator,85590
9193,Michael Walker,DevOps Engineer,89437
9194,David Lewis,Software Engineer,81167
9195,Sophia Walker,DevOps Engineer,55054
9196,Jane Johnson,Product Manager,88865
9197,Olivia Harris,UX Designer,77795
9198,Michael Taylor,Project Manager,76886
9199,Sophia Brown,Product Manager,98970
9200,Emma Harris,Network Engineer,85984
9201,Michael Martinez,Project Manager,67838
9202,Jane Johnson,UX Designer,63489
9203,Emma Walker,Database Administrator,73993
9204,Michael Clark,Data Analyst,66476
9205,Michael Smith,System Administrator,92175
9206,Sophia Harris,Network Engineer,82642
9207,Bob Smith,Product Manager,90144
9208,Emma Lewis,Database Administrator,53021
9209,David Brown,UX Designer,63063
9210,Jane Harris,Database Administrator,61069
9211,Michael Lewis,Network Engineer,67170
9212,Olivia Clark,Database Administrator,59377
9213,Olivia Taylor,Database Administrator,73481
9214,Olivia Johnson,AI Researcher,50995
9215,Olivia Smith,Data Analyst,66028
9216,Bob Lewis,Software Engineer,95833
9217,Charlie Brown,Network Engineer,78186
9218,Charlie Harris,System Administrator,67808
9219,John Martinez,Data Analyst,67010
9220,Olivia Anderson,System Administrator,89835
9221,David Taylor,System Administrator,62169
9222,Charlie Walker,Network Engineer,66326
9223,Emma Clark,AI Researcher,65207
9224,John Clark,Product Manager,88051
9225,Charlie Johnson,DevOps Engineer,85058
9226,Michael Johnson,Product Manager,95586
9227,Jane Martinez,System Administrator,78049
9228,Sophia Anderson,AI Researcher,83657
9229,Michael Clark,Network Engineer,80384
9230,Sophia Clark,AI Researcher,55453
9231,Michael Johnson,Network Engineer,50151
9232,Olivia Brown,Product Manager,98472
9233,Emma Taylor,AI Researcher,63963
9234,Charlie Lewis,DevOps Engineer,88650
9235,Alice Smith,Database Administrator,96152
9236,Olivia Martinez,Data Analyst,98075
9237,Bob Johnson,Project Manager,54138
9238,Michael Taylor,AI Researcher,91325
9239,Alice Taylor,Network Engineer,69637
9240,Jane Walker,Project Manager,57282
9241,Bob Clark,UX Designer,88967
9242,Olivia Lewis,UX Designer,83332
9243,John Johnson,Data Analyst,55273
9244,John Anderson,Network Engineer,52366
9245,Michael Lewis,Network Engineer,99477
9246,Emma Smith,Data Analyst,55694
9247,Emma Smith,System Administrator,70492
9248,Bob Johnson,Software Engineer,63130
9249,Alice Clark,Database Administrator,75812
9250,David Martinez,System Administrator,61334
9251,Michael Brown,UX Designer,80212
9252,Bob Smith,Database Administrator,67595
9253,John Walker,DevOps Engineer,56948
9254,David Martinez,System Administrator,81148
9255,David Anderson,UX Designer,76687
9256,Jane Walker,System Administrator,88558
9257,John Walker,Project Manager,96430
9258,David Anderson,System Administrator,55325
9259,John Anderson,System Administrator,54096
9260,Alice Taylor,Project Manager,71903
9261,Alice Lewis,Software Engineer,84279
9262,Charlie Harris,Project Manager,73028
9263,David Clark,Data Analyst,67753
9264,David Smith,DevOps Engineer,93701
9265,Charlie Martinez,Network Engineer,72284
9266,Sophia Martinez,DevOps Engineer,79520
9267,Michael Martinez,Project Manager,89561
9268,Bob Johnson,Software Engineer,96317
9269,Sophia Taylor,Database Administrator,75242
9270,John Taylor,DevOps Engineer,80486
9271,Jane Smith,Project Manager,98961
9272,David Clark,System Administrator,80231
9273,John Walker,AI Researcher,97131
9274,Jane Walker,AI Researcher,64870
9275,David Smith,AI Researcher,70461
9276,Michael Smith,Network Engineer,51202
9277,Charlie Walker,DevOps Engineer,68131
9278,Jane Smith,Network Engineer,71854
9279,Michael Taylor,Data Analyst,83610
9280,Jane Martinez,Data Analyst,90765
9281,David Harris,UX Designer,90925
9282,Bob Anderson,Data Analyst,98329
9283,Bob Lewis,DevOps Engineer,56583
9284,Bob Taylor,Software Engineer,72332
9285,Alice Johnson,Database Administrator,54841
9286,Bob Johnson,DevOps Engineer,55643
9287,David Lewis,Data Analyst,61285
9288,David Clark,Project Manager,72931
9289,David Smith,System Administrator,77324
9290,David Walker,Software Engineer,50432
9291,Bob Taylor,UX Designer,58881
9292,Olivia Johnson,Product Manager,65011
9293,Alice Walker,Network Engineer,55137
9294,Michael Anderson,System Administrator,75647
9295,Jane Taylor,Database Administrator,93323
9296,Sophia Clark,Network Engineer,67985
9297,David Smith,Network Engineer,92347
9298,David Martinez,Project Manager,56955
9299,David Taylor,System Administrator,59111
9300,Bob Smith,Database Administrator,87608
9301,Bob Harris,Project Manager,54335
9302,Michael Harris,Product Manager,76079
9303,Bob Harris,Database Administrator,72144
9304,Charlie Harris,Data Analyst,66397
9305,Olivia Johnson,Software Engineer,88733
9306,Sophia Brown,UX Designer,86581
9307,Michael Smith,Data Analyst,59304
9308,Bob Smith,Project Manager,61043
9309,John Clark,Database Administrator,86382
9310,Sophia Harris,Data Analyst,96620
9311,Charlie Walker,UX Designer,64805
9312,Olivia Clark,AI Researcher,60077
9313,John Brown,Data Analyst,55156
9314,Jane Johnson,Network Engineer,52145
9315,John Anderson,UX Designer,97718
9316,Emma Clark,Data Analyst,73486
9317,Michael Brown,Data Analyst,68731
9318,Jane Smith,Data Analyst,66594
9319,David Clark,DevOps Engineer,85501
9320,Emma Brown,Project Manager,83684
9321,Bob Brown,DevOps Engineer,66031
9322,Bob Clark,Software Engineer,61402
9323,Michael Smith,System Administrator,59744
9324,David Brown,Database Administrator,90107
9325,Alice Brown,AI Researcher,60527
9326,Charlie Brown,Project Manager,72058
9327,Sophia Smith,Data Analyst,92992
9328,Alice Brown,UX Designer,52558
9329,Jane Walker,System Administrator,77578
9330,Bob Walker,Network Engineer,86954
9331,Olivia Lewis,Database Administrator,99489
9332,Michael Lewis,Data Analyst,84741
9333,Bob Martinez,Product Manager,96991
9334,Charlie Taylor,Network Engineer,53413
9335,John Brown,Product Manager,89087
9336,David Lewis,AI Researcher,86249
9337,Emma Anderson,Network Engineer,78887
9338,David Lewis,DevOps Engineer,81502
9339,John Smith,Network Engineer,96997
9340,Michael Walker,System Administrator,68505
9341,Emma Lewis,Product Manager,79688
9342,Michael Johnson,Product Manager,70136
9343,Sophia Taylor,AI Researcher,57153
9344,Emma Clark,System Administrator,60065
9345,Michael Johnson,Project Manager,92735
9346,Alice Anderson,Project Manager,68073
9347,Olivia Anderson,Database Administrator,50569
9348,Olivia Johnson,System Administrator,96126
9349,David Smith,Data Analyst,60435
9350,Jane Taylor,System Administrator,70432
9351,John Johnson,System Administrator,99369
9352,Bob Harris,UX Designer,77111
9353,Alice Lewis,DevOps Engineer,94196
9354,Michael Smith,Product Manager,51162
9355,Michael Walker,DevOps Engineer,89617
9356,Bob Taylor,Software Engineer,56418
9357,Jane Brown,DevOps Engineer,53165
9358,Jane Harris,Software Engineer,81500
9359,John Taylor,Software Engineer,66311
9360,Sophia Brown,System Administrator,70654
9361,Bob Lewis,Product Manager,53415
9362,Emma Anderson,Software Engineer,93543
9363,Bob Martinez,System Administrator,63295
9364,Jane Johnson,Database Administrator,93984
9365,John Lewis,Data Analyst,59231
9366,Bob Harris,AI Researcher,69837
9367,Olivia Johnson,Product Manager,88792
9368,Alice Anderson,DevOps Engineer,89780
9369,Charlie Martinez,DevOps Engineer,64776
9370,John Harris,Product Manager,51195
9371,Alice Lewis,UX Designer,96189
9372,Olivia Lewis,Product Manager,55751
9373,Olivia Taylor,Project Manager,60176
9374,Sophia Lewis,Product Manager,51232
9375,John Taylor,Project Manager,64815
9376,Michael Harris,UX Designer,59570
9377,Michael Brown,Data Analyst,60716
9378,Jane Lewis,Database Administrator,70422
9379,John Smith,Project Manager,60480
9380,Emma Taylor,Software Engineer,55938
9381,Charlie Martinez,System Administrator,96043
9382,Sophia Martinez,Data Analyst,54515
9383,Michael Martinez,System Administrator,82494
9384,Sophia Walker,Product Manager,89671
9385,Sophia Walker,Project Manager,54950
9386,David Lewis,Database Administrator,81455
9387,Alice Clark,Software Engineer,68654
9388,Michael Brown,Data Analyst,84463
9389,John Anderson,Software Engineer,83245
9390,Emma Smith,Project Manager,81490
9391,Charlie Taylor,Data Analyst,51588
9392,Olivia Anderson,UX Designer,66692
9393,Jane Smith,UX Designer,94746
9394,David Martinez,Database Administrator,50758
9395,Sophia Brown,UX Designer,66396
9396,Sophia Anderson,Project Manager,90762
9397,Michael Smith,Database Administrator,99371
9398,Charlie Smith,System Administrator,99720
9399,John Harris,Network Engineer,61699
9400,Charlie Anderson,Database Administrator,79886
9401,David Walker,DevOps Engineer,62390
9402,Charlie Johnson,Product Manager,94933
9403,Emma Harris,System Administrator,62326
9404,David Smith,Software Engineer,72671
9405,Bob Taylor,Network Engineer,63369
9406,Alice Harris,AI Researcher,55908
9407,Michael Smith,System Administrator,71173
9408,Michael Brown,UX Designer,67859
9409,Olivia Taylor,Product Manager,72922
9410,Alice Johnson,Software Engineer,60305
9411,Charlie Clark,Project Manager,85819
9412,Emma Walker,Database Administrator,97712
9413,Charlie Anderson,System Administrator,86151
9414,Charlie Walker,Network Engineer,59322
9415,Sophia Anderson,Network Engineer,93585
9416,Sophia Anderson,AI Researcher,67171
9417,Alice Harris,Data Analyst,67548
9418,Jane Lewis,DevOps Engineer,79225
9419,Olivia Harris,Network Engineer,78171
9420,Jane Anderson,System Administrator,53828
9421,Alice Johnson,Network Engineer,72372
9422,Emma Martinez,Database Administrator,96304
9423,John Johnson,Software Engineer,84718
9424,Sophia Johnson,Network Engineer,63360
9425,Michael Clark,Database Administrator,66131
9426,Sophia Taylor,Software Engineer,86238
9427,Emma Lewis,System Administrator,87449
9428,John Lewis,UX Designer,67446
9429,Emma Smith,Database Administrator,77545
9430,John Taylor,System Administrator,72939
9431,Charlie Anderson,Database Administrator,64320
9432,John Harris,UX Designer,75255
9433,Alice Brown,UX Designer,56057
9434,Emma Brown,Network Engineer,98178
9435,Emma Taylor,System Administrator,93176
9436,Alice Brown,Software Engineer,66073
9437,Bob Walker,Software Engineer,57018
9438,Charlie Harris,Network Engineer,73717
9439,Michael Harris,System Administrator,94168
9440,Bob Smith,Project Manager,60312
9441,Charlie Taylor,Product Manager,80870
9442,Emma Lewis,DevOps Engineer,72727
9443,Charlie Anderson,Network Engineer,84713
9444,David Brown,Software Engineer,61716
9445,Charlie Smith,Project Manager,91194
9446,Michael Walker,Network Engineer,92528
9447,Alice Johnson,AI Researcher,57188
9448,Michael Smith,System Administrator,71851
9449,Olivia Walker,Network Engineer,67602
9450,Jane Johnson,Product Manager,75102
9451,Charlie Johnson,DevOps Engineer,91575
9452,David Johnson,Project Manager,69559
9453,David Smith,Database Administrator,72407
9454,Charlie Lewis,DevOps Engineer,81965
9455,Charlie Harris,DevOps Engineer,58013
9456,Michael Brown,System Administrator,68702
9457,John Anderson,UX Designer,64355
9458,Michael Johnson,DevOps Engineer,51098
9459,Bob Clark,Product Manager,95336
9460,Bob Lewis,Software Engineer,53231
9461,Emma Clark,Data Analyst,55247
9462,Jane Anderson,System Administrator,50565
9463,David Clark,Network Engineer,87374
9464,Sophia Martinez,Data Analyst,80250
9465,Alice Brown,System Administrator,72380
9466,Alice Anderson,System Administrator,86170
9467,Olivia Johnson,Project Manager,65568
9468,Bob Walker,Data Analyst,58857
9469,Emma Clark,Data Analyst,96445
9470,Bob Martinez,Data Analyst,87647
9471,Michael Brown,Data Analyst,67225
9472,Emma Taylor,Database Administrator,76209
9473,Jane Taylor,Database Administrator,57014
9474,Sophia Taylor,Network Engineer,74363
9475,David Lewis,Software Engineer,64585
9476,Alice Johnson,Product Manager,94296
9477,Jane Smith,Software Engineer,80281
9478,Sophia Clark,AI Researcher,69793
9479,Michael Harris,Project Manager,59728
9480,Jane Smith,Network Engineer,58070
9481,Bob Taylor,Product Manager,53115
9482,Alice Smith,Product Manager,51182
9483,Michael Harris,Database Administrator,57602
9484,Sophia Brown,Data Analyst,59938
9485,Sophia Smith,Software Engineer,52188
9486,Jane Harris,Network Engineer,55429
9487,Olivia Taylor,UX Designer,94151
9488,Olivia Anderson,Project Manager,73899
9489,Bob Smith,Software Engineer,58648
9490,John Martinez,UX Designer,77023
9491,David Smith,Project Manager,54501
9492,Alice Lewis,Product Manager,58426
9493,Jane Martinez,AI Researcher,78564
9494,Michael Martinez,Project Manager,85445
9495,Alice Harris,Software Engineer,73917
9496,Bob Clark,Product Manager,69896
9497,Emma Brown,AI Researcher,70470
9498,Bob Martinez,UX Designer,65913
9499,David Anderson,Data Analyst,81430
9500,Charlie Smith,Network Engineer,53614
9501,Jane Smith,Database Administrator,74066
9502,Charlie Brown,Product Manager,68411
9503,John Lewis,DevOps Engineer,85298
9504,Olivia Harris,AI Researcher,97903
9505,Emma Brown,Product Manager,88472
9506,John Taylor,DevOps Engineer,70649
9507,Emma Lewis,Network Engineer,78186
9508,Michael Walker,Project Manager,60744
9509,Charlie Johnson,AI Researcher,58631
9510,Michael Anderson,Product Manager,88145
9511,Alice Harris,Software Engineer,89733
9512,David Johnson,UX Designer,82887
9513,Jane Brown,DevOps Engineer,93315
9514,David Clark,UX Designer,66723
9515,Michael Lewis,Database Administrator,62648
9516,Emma Taylor,AI Researcher,92877
9517,Jane Lewis,Network Engineer,87772
9518,Sophia Taylor,Project Manager,92362
9519,John Taylor,Software Engineer,67792
9520,Olivia Walker,Data Analyst,78955
9521,Emma Lewis,UX Designer,90225
9522,Charlie Johnson,Database Administrator,83343
9523,Emma Anderson,Database Administrator,55885
9524,Emma Brown,Database Administrator,75735
9525,Sophia Martinez,Network Engineer,99804
9526,David Walker,Project Manager,57182
9527,Alice Clark,Project Manager,65385
9528,Bob Walker,Data Analyst,81858
9529,John Johnson,UX Designer,87982
9530,Jane Lewis,Database Administrator,70457
9531,John Taylor,UX Designer,89412
9532,Alice Anderson,Product Manager,74594
9533,Sophia Brown,Data Analyst,96837
9534,Jane Taylor,Network Engineer,75729
9535,David Martinez,System Administrator,69497
9536,David Clark,UX Designer,95119
9537,Michael Smith,Project Manager,97463
9538,Alice Brown,Software Engineer,94261
9539,Charlie Taylor,System Administrator,91730
9540,Charlie Lewis,AI Researcher,77994
9541,John Anderson,Product Manager,95005
9542,Michael Martinez,Network Engineer,70263
9543,Charlie Clark,Database Administrator,61773
9544,Jane Harris,Network Engineer,72446
9545,John Taylor,UX Designer,74689
9546,Bob Johnson,Product Manager,78013
9547,David Harris,UX Designer,54709
9548,Sophia Clark,Database Administrator,86493
9549,Jane Clark,System Administrator,54968
9550,Michael Brown,AI Researcher,84230
9551,Alice Walker,Project Manager,70229
9552,Sophia Walker,Database Administrator,84683
9553,Bob Taylor,Data Analyst,64818
9554,Charlie Lewis,Data Analyst,74825
9555,Olivia Harris,Software Engineer,81559
9556,Michael Martinez,DevOps Engineer,52440
9557,Jane Walker,DevOps Engineer,82838
9558,Bob Smith,System Administrator,79232
9559,Michael Taylor,System Administrator,60420
9560,Sophia Clark,Network Engineer,88633
9561,Bob Harris,Software Engineer,99945
9562,Olivia Taylor,Database Administrator,88080
9563,Sophia Clark,UX Designer,77432
9564,Bob Lewis,DevOps Engineer,62004
9565,Jane Brown,UX Designer,91579
9566,Jane Brown,System Administrator,61910
9567,Sophia Clark,Data Analyst,70126
9568,Emma Clark,Network Engineer,85529
9569,Charlie Walker,Network Engineer,94342
9570,John Martinez,Data Analyst,71502
9571,Michael Lewis,Network Engineer,93725
9572,Jane Harris,System Administrator,96104
9573,Charlie Harris,Software Engineer,86343
9574,John Walker,Software Engineer,80869
9575,Michael Anderson,Software Engineer,88097
9576,Alice Brown,Network Engineer,66265
9577,Olivia Lewis,Project Manager,59819
9578,Olivia Lewis,Network Engineer,95465
9579,David Taylor,System Administrator,52208
9580,Sophia Anderson,System Administrator,94099
9581,Bob Taylor,System Administrator,82372
9582,Jane Johnson,Project Manager,54684
9583,David Harris,Product Manager,96113
9584,Michael Johnson,Network Engineer,96283
9585,Emma Anderson,Product Manager,55714
9586,Emma Walker,Data Analyst,58057
9587,Charlie Smith,DevOps Engineer,72856
9588,Jane Martinez,Project Manager,54491
9589,David Brown,Software Engineer,80532
9590,Bob Martinez,Product Manager,50171
9591,Alice Walker,DevOps Engineer,73708
9592,John Harris,UX Designer,98829
9593,Olivia Harris,Project Manager,55500
9594,Sophia Martinez,DevOps Engineer,78677
9595,Sophia Johnson,Project Manager,62907
9596,Michael Johnson,UX Designer,51183
9597,David Clark,Product Manager,95219
9598,Emma Brown,AI Researcher,91742
9599,Michael Taylor,DevOps Engineer,68517
9600,Bob Smith,Data Analyst,91837
9601,Sophia Harris,Software Engineer,92236
9602,Michael Smith,AI Researcher,70087
9603,Sophia Smith,Project Manager,68915
9604,John Harris,DevOps Engineer,53032
9605,Sophia Anderson,DevOps Engineer,51493
9606,David Taylor,UX Designer,68700
9607,Sophia Harris,Data Analyst,93263
9608,Bob Smith,Data Analyst,90615
9609,Olivia Brown,Product Manager,83418
9610,Bob Walker,Network Engineer,59300
9611,Olivia Taylor,Project Manager,71435
9612,Sophia Johnson,Project Manager,51983
9613,Charlie Smith,System Administrator,93898
9614,Bob Johnson,Software Engineer,88742
9615,Emma Clark,DevOps Engineer,55785
9616,John Smith,Product Manager,80438
9617,John Martinez,Software Engineer,55587
9618,Olivia Martinez,Database Administrator,92726
9619,John Martinez,Software Engineer,89211
9620,Emma Lewis,Product Manager,57287
9621,John Lewis,Product Manager,93580
9622,Emma Clark,Data Analyst,75898
9623,Bob Anderson,Database Administrator,78514
9624,David Martinez,Data Analyst,73549
9625,Jane Lewis,DevOps Engineer,64639
9626,Michael Walker,DevOps Engineer,52940
9627,David Harris,Database Administrator,70185
9628,Jane Anderson,Software Engineer,88993
9629,Jane Anderson,Network Engineer,50818
9630,Jane Taylor,System Administrator,99569
9631,Sophia Johnson,Product Manager,80060
9632,Michael Taylor,Data Analyst,86068
9633,Olivia Johnson,Project Manager,56573
9634,Jane Harris,Software Engineer,87626
9635,Michael Lewis,UX Designer,79208
9636,Sophia Anderson,UX Designer,74737
9637,Emma Clark,System Administrator,51656
9638,John Anderson,Project Manager,70101
9639,Charlie Anderson,Database Administrator,91576
9640,Alice Johnson,UX Designer,71404
9641,David Martinez,Project Manager,51856
9642,David Walker,Database Administrator,87333
9643,Bob Martinez,Product Manager,63280
9644,John Brown,Software Engineer,77200
9645,David Johnson,DevOps Engineer,80415
9646,Olivia Taylor,Database Administrator,99173
9647,Bob Martinez,Database Administrator,86424
9648,Olivia Martinez,Network Engineer,75886
9649,Bob Smith,Network Engineer,79532
9650,Michael Clark,Product Manager,73109
9651,Olivia Taylor,Database Administrator,54189
9652,Charlie Taylor,Database Administrator,69057
9653,Emma Smith,Database Administrator,66540
9654,Michael Johnson,Network Engineer,61602
9655,Bob Martinez,Network Engineer,91114
9656,Sophia Johnson,Data Analyst,83481
9657,Michael Walker,Software Engineer,97728
9658,Charlie Smith,Project Manager,88747
9659,Bob Taylor,System Administrator,67279
9660,Bob Anderson,Network Engineer,62997
9661,Emma Taylor,Network Engineer,94316
9662,Michael Johnson,Database Administrator,96380
9663,Olivia Harris,DevOps Engineer,56044
9664,Michael Harris,Software Engineer,72248
9665,John Harris,Data Analyst,79024
9666,Sophia Taylor,Data Analyst,68006
9667,Alice Walker,Project Manager,59711
9668,David Anderson,Software Engineer,67147
9669,John Harris,Product Manager,84107
9670,Sophia Martinez,DevOps Engineer,56809
9671,Charlie Martinez,Database Administrator,86618
9672,Bob Smith,AI Researcher,72668
9673,John Anderson,Data Analyst,67108
9674,John Clark,DevOps Engineer,76249
9675,Charlie Martinez,Network Engineer,62765
9676,Jane Lewis,Network Engineer,65348
9677,Jane Lewis,System Administrator,73685
9678,Emma Harris,UX Designer,55680
9679,Jane Martinez,Database Administrator,64364
9680,Alice Lewis,Database Administrator,59810
9681,John Anderson,Software Engineer,98299
9682,Michael Brown,UX Designer,51454
9683,John Taylor,Software Engineer,73625
9684,Bob Martinez,Software Engineer,93752
9685,Charlie Brown,Network Engineer,55969
9686,Jane Martinez,Network Engineer,96761
9687,Olivia Clark,Network Engineer,50532
9688,Emma Anderson,DevOps Engineer,56677
9689,David Smith,AI Researcher,90850
9690,Jane Taylor,Project Manager,66144
9691,John Walker,UX Designer,74705
9692,John Harris,Network Engineer,95752
9693,Charlie Martinez,AI Researcher,54050
9694,Alice Taylor,Project Manager,58292
9695,Olivia Anderson,Data Analyst,95990
9696,Bob Brown,Data Analyst,99292
9697,Olivia Brown,AI Researcher,99129
9698,David Brown,AI Researcher,58483
9699,Olivia Lewis,UX Designer,86870
9700,John Martinez,AI Researcher,63950
9701,John Brown,Project Manager,65438
9702,Emma Clark,Project Manager,74435
9703,John Lewis,Project Manager,67286
9704,Bob Harris,System Administrator,75750
9705,Bob Johnson,Network Engineer,89077
9706,Olivia Walker,Project Manager,83098
9707,Olivia Smith,Product Manager,53683
9708,Jane Taylor,Product Manager,97659
9709,Charlie Walker,DevOps Engineer,77290
9710,David Lewis,AI Researcher,88495
9711,Olivia Anderson,Database Administrator,51139
9712,David Walker,DevOps Engineer,73526
9713,Bob Taylor,DevOps Engineer,78529
9714,Michael Johnson,UX Designer,60167
9715,Bob Johnson,Data Analyst,63053
9716,John Johnson,DevOps Engineer,91621
9717,Charlie Walker,Product Manager,98554
9718,John Smith,System Administrator,93615
9719,Bob Smith,Software Engineer,84374
9720,Bob Johnson,UX Designer,85642
9721,Charlie Harris,UX Designer,54637
9722,Charlie Johnson,AI Researcher,81428
9723,Michael Taylor,DevOps Engineer,80114
9724,Bob Johnson,AI Researcher,86783
9725,Bob Smith,Software Engineer,87506
9726,Olivia Anderson,Product Manager,61540
9727,John Taylor,Network Engineer,71579
9728,Emma Taylor,Product Manager,71581
9729,Bob Smith,Project Manager,68938
9730,Emma Clark,UX Designer,98159
9731,Olivia Anderson,AI Researcher,83794
9732,Sophia Harris,AI Researcher,61580
9733,Sophia Harris,DevOps Engineer,90393
9734,Michael Johnson,System Administrator,62345
9735,Sophia Johnson,Network Engineer,85228
9736,Alice Lewis,System Administrator,64282
9737,Olivia Taylor,Product Manager,68829
9738,Bob Harris,Product Manager,98672
9739,Bob Clark,Data Analyst,99527
9740,Alice Anderson,UX Designer,79475
9741,John Clark,System Administrator,71969
9742,Jane Lewis,Product Manager,71045
9743,John Martinez,Product Manager,89518
9744,John Johnson,AI Researcher,92359
9745,Bob Johnson,System Administrator,88089
9746,Bob Taylor,DevOps Engineer,85191
9747,Jane Anderson,Project Manager,75147
9748,Olivia Martinez,Product Manager,95603
9749,John Walker,AI Researcher,66449
9750,Sophia Anderson,Software Engineer,84955
9751,Emma Martinez,System Administrator,97860
9752,Charlie Smith,AI Researcher,65810
9753,Alice Brown,AI Researcher,92404
9754,Sophia Martinez,System Administrator,97233
9755,Emma Harris,Data Analyst,78527
9756,Emma Harris,Project Manager,75476
9757,Emma Johnson,UX Designer,77339
9758,Emma Taylor,Product Manager,74449
9759,Jane Lewis,System Administrator,57595
9760,Charlie Lewis,DevOps Engineer,93260
9761,Jane Johnson,UX Designer,93243
9762,Jane Taylor,Database Administrator,56466
9763,Sophia Brown,UX Designer,91900
9764,David Lewis,Database Administrator,67002
9765,Charlie Walker,UX Designer,59295
9766,David Lewis,Project Manager,75855
9767,Michael Taylor,Project Manager,91573
9768,Emma Smith,Network Engineer,84778
9769,Emma Anderson,DevOps Engineer,79536
9770,Olivia Anderson,System Administrator,69693
9771,Olivia Taylor,AI Researcher,86029
9772,Michael Martinez,System Administrator,75244
9773,John Clark,Data Analyst,52356
9774,Sophia Anderson,UX Designer,73554
9775,Alice Clark,AI Researcher,62331
9776,John Clark,UX Designer,51334
9777,Bob Martinez,Product Manager,95604
9778,John Smith,Software Engineer,97498
9779,Emma Brown,Software Engineer,86449
9780,Bob Martinez,DevOps Engineer,68405
9781,Olivia Lewis,Product Manager,98210
9782,Emma Anderson,UX Designer,99814
9783,Michael Harris,Data Analyst,89659
9784,Emma Brown,AI Researcher,52638
9785,Sophia Martinez,Data Analyst,74083
9786,Alice Lewis,Database Administrator,65913
9787,Bob Martinez,Data Analyst,90469
9788,John Lewis,Network Engineer,92359
9789,Charlie Martinez,Database Administrator,80918
9790,Emma Taylor,Data Analyst,70330
9791,Sophia Clark,Software Engineer,55854
9792,Michael Harris,Software Engineer,60205
9793,Alice Taylor,Database Administrator,62810
9794,Alice Brown,System Administrator,68158
9795,John Martinez,Software Engineer,63442
9796,Sophia Martinez,Project Manager,98989
9797,Emma Anderson,DevOps Engineer,86889
9798,Jane Walker,Data Analyst,87505
9799,Michael Smith,Software Engineer,58563
9800,Alice Lewis,Network Engineer,90907
9801,Emma Taylor,Data Analyst,90403
9802,Alice Harris,Network Engineer,50096
9803,Emma Smith,Database Administrator,64890
9804,Emma Walker,AI Researcher,50494
9805,John Lewis,Data Analyst,76513
9806,Sophia Johnson,Project Manager,82915
9807,Charlie Taylor,Project Manager,92013
9808,Alice Lewis,Software Engineer,74359
9809,Charlie Brown,Product Manager,75792
9810,Michael Anderson,Project Manager,54367
9811,Bob Anderson,UX Designer,96907
9812,Bob Brown,Product Manager,59593
9813,David Walker,Database Administrator,63425
9814,Emma Brown,UX Designer,83336
9815,Emma Lewis,Network Engineer,72326
9816,David Walker,Software Engineer,68687
9817,Emma Smith,Project Manager,98561
9818,Alice Brown,UX Designer,51731
9819,Emma Lewis,Product Manager,85904
9820,David Harris,Data Analyst,84783
9821,Michael Clark,Software Engineer,67052
9822,Alice Walker,Project Manager,97360
9823,David Brown,Network Engineer,94742
9824,John Brown,AI Researcher,54322
9825,Jane Clark,Database Administrator,66718
9826,John Harris,DevOps Engineer,62488
9827,Jane Martinez,Network Engineer,64544
9828,David Clark,Product Manager,69615
9829,Alice Anderson,AI Researcher,57670
9830,Sophia Walker,DevOps Engineer,53446
9831,John Clark,Data Analyst,81398
9832,Bob Walker,Product Manager,63388
9833,John Smith,Project Manager,97602
9834,Michael Taylor,Software Engineer,58113
9835,John Walker,System Administrator,96321
9836,Olivia Lewis,Data Analyst,53326
9837,John Clark,Software Engineer,84058
9838,Jane Harris,Database Administrator,78381
9839,Michael Lewis,Software Engineer,92432
9840,David Clark,Database Administrator,99908
9841,Alice Johnson,Software Engineer,59001
9842,Olivia Smith,Project Manager,97172
9843,Emma Walker,AI Researcher,75907
9844,John Anderson,AI Researcher,66170
9845,Michael Lewis,System Administrator,80859
9846,Charlie Walker,Data Analyst,63177
9847,Charlie Anderson,AI Researcher,93936
9848,John Harris,DevOps Engineer,60703
9849,Michael Johnson,Project Manager,99006
9850,David Martinez,DevOps Engineer,54236
9851,Jane Martinez,DevOps Engineer,65167
9852,John Taylor,Database Administrator,74014
9853,Michael Clark,Database Administrator,52732
9854,Alice Harris,Data Analyst,94964
9855,Olivia Lewis,Product Manager,56643
9856,David Smith,Project Manager,59927
9857,Bob Martinez,Database Administrator,66291
9858,Olivia Smith,Software Engineer,70295
9859,Olivia Anderson,AI Researcher,77040
9860,David Clark,DevOps Engineer,66935
9861,Sophia Harris,Software Engineer,94023
9862,Michael Taylor,Project Manager,92628
9863,David Walker,UX Designer,68461
9864,John Johnson,Product Manager,76370
9865,Michael Lewis,Product Manager,79611
9866,Jane Lewis,DevOps Engineer,70561
9867,Jane Lewis,Software Engineer,98568
9868,Alice Clark,Project Manager,97090
9869,David Clark,System Administrator,79408
9870,Michael Harris,UX Designer,70050
9871,David Taylor,Database Administrator,53324
9872,Michael Taylor,Data Analyst,50902
9873,Alice Johnson,AI Researcher,58638
9874,Sophia Martinez,DevOps Engineer,95663
9875,Charlie Smith,AI Researcher,99011
9876,Sophia Taylor,System Administrator,86164
9877,Sophia Martinez,UX Designer,86572
9878,Olivia Johnson,Software Engineer,56576
9879,Michael Walker,AI Researcher,84113
9880,Sophia Walker,Data Analyst,69506
9881,Alice Harris,UX Designer,98213
9882,Emma Brown,Software Engineer,71155
9883,Bob Johnson,Project Manager,73604
9884,Sophia Lewis,System Administrator,93711
9885,Michael Smith,Network Engineer,71260
9886,Bob Walker,Data Analyst,63702
9887,Sophia Walker,Database Administrator,55381
9888,David Clark,DevOps Engineer,55725
9889,Jane Brown,DevOps Engineer,94632
9890,Michael Anderson,AI Researcher,81089
9891,Bob Martinez,Software Engineer,79402
9892,Alice Walker,Software Engineer,99272
9893,Charlie Johnson,Software Engineer,65050
9894,David Harris,Product Manager,90381
9895,John Walker,Database Administrator,90855
9896,Michael Brown,System Administrator,63814
9897,Emma Clark,DevOps Engineer,65345
9898,Michael Johnson,AI Researcher,96218
9899,Emma Anderson,DevOps Engineer,75355
9900,Emma Anderson,DevOps Engineer,86072
9901,Emma Johnson,Data Analyst,94109
9902,David Taylor,Data Analyst,55942
9903,Michael Johnson,Network Engineer,92135
9904,Alice Johnson,Data Analyst,88307
9905,John Johnson,System Administrator,76510
9906,David Brown,System Administrator,99255
9907,David Clark,Network Engineer,56786
9908,Olivia Lewis,Project Manager,97810
9909,Alice Clark,Project Manager,61368
9910,Bob Clark,Software Engineer,68151
9911,David Lewis,UX Designer,72172
9912,Sophia Martinez,Project Manager,64971
9913,Michael Harris,Network Engineer,89529
9914,David Taylor,Network Engineer,86869
9915,Emma Anderson,Database Administrator,82500
9916,David Lewis,Project Manager,87712
9917,Olivia Brown,Product Manager,81084
9918,Sophia Harris,Software Engineer,68858
9919,Emma Brown,Software Engineer,82251
9920,Olivia Martinez,Product Manager,77701
9921,John Walker,Project Manager,93355
9922,Alice Anderson,DevOps Engineer,81536
9923,Alice Martinez,Database Administrator,55577
9924,Michael Clark,AI Researcher,74396
9925,John Harris,UX Designer,82612
9926,Bob Martinez,AI Researcher,99701
9927,Alice Taylor,Data Analyst,74937
9928,Alice Martinez,AI Researcher,80082
9929,Bob Lewis,UX Designer,70894
9930,Michael Lewis,Project Manager,75918
9931,Olivia Lewis,Product Manager,93314
9932,Charlie Harris,DevOps Engineer,81885
9933,John Anderson,UX Designer,92171
9934,Olivia Harris,Software Engineer,60493
9935,Michael Johnson,DevOps Engineer,84942
9936,Emma Lewis,Data Analyst,93799
9937,Jane Clark,Database Administrator,93051
9938,David Brown,Software Engineer,90610
9939,Michael Walker,Database Administrator,82247
9940,Alice Lewis,UX Designer,98037
9941,Charlie Brown,DevOps Engineer,58223
9942,Bob Walker,Network Engineer,78371
9943,Sophia Lewis,DevOps Engineer,83149
9944,Olivia Martinez,DevOps Engineer,62416
9945,Jane Brown,System Administrator,73588
9946,Sophia Anderson,Product Manager,51605
9947,Bob Brown,Product Manager,63017
9948,Charlie Harris,Database Administrator,95021
9949,Olivia Brown,AI Researcher,71133
9950,Sophia Johnson,AI Researcher,82413
9951,Alice Clark,DevOps Engineer,86951
9952,David Clark,System Administrator,70400
9953,Jane Clark,Product Manager,58627
9954,Michael Taylor,Project Manager,62536
9955,Sophia Johnson,DevOps Engineer,96826
9956,Jane Anderson,DevOps Engineer,97314
9957,Michael Clark,AI Researcher,60157
9958,Sophia Martinez,UX Designer,57630
9959,Charlie Martinez,Product Manager,55353
9960,Bob Clark,Database Administrator,84916
9961,Emma Walker,Product Manager,99051
9962,Michael Harris,Product Manager,87327
9963,Charlie Taylor,Software Engineer,68720
9964,Sophia Clark,Project Manager,82645
9965,Jane Anderson,Project Manager,66103
9966,Sophia Martinez,AI Researcher,60233
9967,Olivia Smith,Project Manager,71798
9968,Bob Martinez,Project Manager,82661
9969,Sophia Martinez,Data Analyst,91265
9970,Bob Lewis,Product Manager,77618
9971,Olivia Anderson,Software Engineer,68979
9972,Emma Smith,System Administrator,87451
9973,Bob Taylor,Software Engineer,89019
9974,Bob Harris,Project Manager,69250
9975,John Martinez,AI Researcher,78035
9976,Emma Brown,Product Manager,95981
9977,Olivia Johnson,Product Manager,63655
9978,Alice Lewis,System Administrator,57119
9979,Bob Anderson,Network Engineer,85728
9980,Bob Johnson,AI Researcher,91788
9981,Alice Martinez,Project Manager,88256
9982,Sophia Martinez,DevOps Engineer,86640
9983,Jane Walker,Network Engineer,60820
9984,Sophia Harris,System Administrator,90516
9985,Bob Lewis,UX Designer,62794
9986,John Walker,Project Manager,85621
9987,Jane Johnson,Software Engineer,54749
9988,Charlie Taylor,Product Manager,55251
9989,Olivia Brown,AI Researcher,77361
9990,Sophia Clark,Network Engineer,60950
9991,Olivia Brown,Data Analyst,76877
9992,Alice Walker,System Administrator,72627
9993,Michael Clark,Network Engineer,85350
9994,Jane Walker,DevOps Engineer,67132
9995,Alice Walker,Database Administrator,76327
9996,Alice Lewis,Software Engineer,80057
9997,Charlie Martinez,AI Researcher,58547
9998,John Johnson,Database Administrator,53670
9999,Alice Taylor,Software Engineer,65564
10000,Michael Taylor,Software Engineer,64368
