ID,Full Name,Job Title,Salary
1,Olivia Johnson,AI Researcher,51395
2,Alice Lewis,AI Researcher,50162
3,Sophia Taylor,DevOps Engineer,58372
4,David Martinez,Database Administrator,79415
5,Olivia Brown,Database Administrator,82114
6,David Lewis,Database Administrator,71309
7,John Smith,Network Engineer,87848
8,Bob Martinez,Network Engineer,84045
9,Bob Walker,Database Administrator,81715
10,John Walker,Data Analyst,51805
11,Charlie Smith,UX Designer,77344
12,Michael Taylor,Data Analyst,59972
13,Bob Walker,Software Engineer,78486
14,John Johnson,UX Designer,76154
15,Michael Harris,Data Analyst,91895
16,Michael Martinez,AI Researcher,99800
17,Bob Lewis,Data Analyst,55230
18,Emma Taylor,System Administrator,59303
19,John Lewis,DevOps Engineer,85575
20,Emma Johnson,Software Engineer,83991
21,John Taylor,Product Manager,74050
22,Bob Smith,Network Engineer,56653
23,Emma Smith,AI Researcher,93156
24,Olivia Johnson,AI Researcher,67522
25,Bob Harris,UX Designer,94527
26,Jane Martinez,Software Engineer,96145
27,Charlie Smith,Database Administrator,66416
28,Emma Clark,System Administrator,62191
29,John Taylor,Project Manager,74911
30,Alice Smith,DevOps Engineer,58551
31,Michael Anderson,AI Researcher,57260
32,Sophia Martinez,Data Analyst,73099
33,Sophia Johnson,AI Researcher,80424
34,Sophia Johnson,System Administrator,93436
35,Michael Clark,Software Engineer,85686
36,Bob Walker,AI Researcher,60351
37,Sophia Taylor,Product Manager,97009
38,Charlie Brown,UX Designer,89337
39,Alice Clark,UX Designer,84854
40,John Smith,System Administrator,89741
41,Emma Martinez,Project Manager,74079
42,Emma Lewis,Product Manager,58320
43,Charlie Taylor,Network Engineer,73501
44,Alice Clark,UX Designer,97514
45,Sophia Clark,Product Manager,62587
46,Charlie Lewis,Network Engineer,86591
47,Charlie Johnson,Data Analyst,82280
48,Jane Johnson,UX Designer,91726
49,Michael Walker,AI Researcher,81880
50,Charlie Martinez,System Administrator,72354
51,Sophia Anderson,Data Analyst,79001
52,Michael Johnson,UX Designer,93748
53,Bob Walker,Project Manager,97327
54,Alice Johnson,Database Administrator,50875
55,Emma Johnson,Software Engineer,67641
56,Jane Lewis,Network Engineer,51162
57,Alice Clark,Network Engineer,73028
58,Charlie Brown,Software Engineer,70383
59,Emma Taylor,UX Designer,79925
60,Bob Martinez,Project Manager,79692
61,David Anderson,System Administrator,92643
62,David Lewis,Product Manager,63497
63,Jane Taylor,Project Manager,63989
64,Olivia Harris,Network Engineer,61314
65,Sophia Taylor,Database Administrator,80615
66,Olivia Clark,Data Analyst,64489
67,Jane Taylor,Network Engineer,93002
68,Charlie Harris,AI Researcher,67264
69,Sophia Clark,Product Manager,59349
70,Charlie Walker,AI Researcher,74611
71,Sophia Martinez,Network Engineer,66286
72,Michael Walker,Database Administrator,58057
73,John Lewis,Software Engineer,73987
74,Jane Johnson,AI Researcher,89138
75,Bob Smith,Project Manager,70578
76,David Harris,Project Manager,57744
77,Bob Brown,Product Manager,90686
78,John Lewis,Database Administrator,85511
79,Emma Lewis,Network Engineer,79203
80,Michael Clark,Database Administrator,99305
81,Emma Smith,Data Analyst,99501
82,Emma Walker,Data Analyst,82090
83,David Anderson,Software Engineer,57365
84,Emma Harris,Software Engineer,61026
85,Charlie Brown,System Administrator,69013
86,John Brown,AI Researcher,58242
87,Michael Lewis,Project Manager,91486
88,Alice Johnson,Project Manager,55349
89,Bob Clark,AI Researcher,70461
90,Jane Walker,AI Researcher,86519
91,Olivia Johnson,Project Manager,96221
92,Jane Johnson,Project Manager,85949
93,Alice Johnson,Project Manager,85369
94,Olivia Lewis,Software Engineer,53113
95,Bob Lewis,DevOps Engineer,83956
96,John Anderson,Network Engineer,75787
97,Charlie Clark,DevOps Engineer,81273
98,Emma Smith,Network Engineer,79589
99,Charlie Smith,Product Manager,99851
100,Charlie Martinez,Product Manager,52283
101,John Martinez,Network Engineer,74801
102,Charlie Brown,Network Engineer,84230
103,Alice Johnson,Project Manager,94989
104,Michael Johnson,Data Analyst,82451
105,Sophia Brown,Network Engineer,77746
106,Jane Lewis,Product Manager,50142
107,Emma Smith,Data Analyst,62251
108,Emma Martinez,AI Researcher,72616
109,David Martinez,AI Researcher,55241
110,Olivia Smith,Network Engineer,84318
111,David Walker,AI Researcher,58015
112,John Smith,Data Analyst,68021
113,Charlie Brown,Product Manager,76029
114,David Smith,Network Engineer,65641
115,Alice Taylor,UX Designer,89560
116,Jane Anderson,DevOps Engineer,53570
117,Michael Martinez,Database Administrator,93779
118,Olivia Walker,System Administrator,65480
119,Michael Harris,Product Manager,65107
120,Alice Johnson,Software Engineer,63662
121,Olivia Taylor,DevOps Engineer,59802
122,Michael Martinez,Data Analyst,66126
123,Olivia Walker,AI Researcher,79957
124,Michael Anderson,AI Researcher,76236
125,Alice Smith,Software Engineer,55562
126,Olivia Smith,AI Researcher,74138
127,Bob Brown,UX Designer,89781
128,Jane Lewis,DevOps Engineer,75119
129,Olivia Brown,System Administrator,88883
130,Sophia Walker,DevOps Engineer,97429
131,Charlie Taylor,AI Researcher,65972
132,Charlie Walker,AI Researcher,51737
133,Olivia Brown,Network Engineer,89400
134,Alice Taylor,Database Administrator,88401
135,Michael Smith,Project Manager,98691
136,Olivia Martinez,AI Researcher,56449
137,Michael Smith,UX Designer,69806
138,Charlie Walker,Project Manager,71394
139,David Martinez,AI Researcher,75638
140,David Lewis,Data Analyst,68801
141,John Clark,Project Manager,79699
142,David Clark,Software Engineer,56131
143,Alice Clark,UX Designer,59742
144,Jane Lewis,Network Engineer,92914
145,Jane Brown,Project Manager,59909
146,John Clark,Data Analyst,87460
147,Bob Martinez,Software Engineer,80455
148,Alice Lewis,Network Engineer,97866
149,Sophia Brown,Product Manager,69990
150,Emma Clark,Project Manager,63830
151,David Taylor,Software Engineer,92585
152,Emma Anderson,AI Researcher,62199
153,Sophia Taylor,Data Analyst,71785
154,Alice Martinez,Network Engineer,81249
155,Emma Anderson,Project Manager,62203
156,Charlie Clark,DevOps Engineer,92999
157,Michael Lewis,Database Administrator,62099
158,Michael Walker,DevOps Engineer,57817
159,David Harris,Network Engineer,71330
160,Emma Taylor,Software Engineer,54803
161,David Smith,DevOps Engineer,87957
162,Alice Smith,Database Administrator,58920
163,Emma Walker,System Administrator,82854
164,Alice Anderson,Database Administrator,94546
165,Jane Taylor,Data Analyst,86904
166,Michael Taylor,Database Administrator,81143
167,Charlie Harris,System Administrator,73155
168,Emma Smith,Product Manager,82046
169,Michael Martinez,Data Analyst,64307
170,Bob Martinez,Data Analyst,65524
171,Olivia Lewis,Database Administrator,59345
172,David Martinez,UX Designer,88888
173,Bob Walker,Product Manager,69334
174,Alice Lewis,DevOps Engineer,84875
175,Emma Harris,Project Manager,88427
176,Jane Harris,DevOps Engineer,89759
177,Michael Taylor,Project Manager,62334
178,Charlie Clark,Database Administrator,76319
179,Olivia Clark,Software Engineer,86848
180,Alice Anderson,Data Analyst,56140
181,Charlie Walker,System Administrator,68458
182,David Clark,Database Administrator,76034
183,Charlie Johnson,System Administrator,95301
184,Emma Taylor,Software Engineer,88677
185,Alice Harris,Database Administrator,66663
186,Michael Harris,UX Designer,68604
187,Jane Walker,UX Designer,81990
188,Alice Clark,AI Researcher,97045
189,Charlie Walker,Product Manager,86217
190,David Lewis,Product Manager,59704
191,Alice Johnson,Software Engineer,77262
192,John Lewis,UX Designer,92823
193,Michael Harris,Database Administrator,56979
194,Michael Anderson,DevOps Engineer,54895
195,Jane Lewis,AI Researcher,76886
196,Bob Smith,Data Analyst,97818
197,Olivia Anderson,Data Analyst,54739
198,David Brown,UX Designer,64276
199,David Martinez,Software Engineer,64424
200,Charlie Martinez,Product Manager,74602
201,Michael Lewis,Database Administrator,93122
202,Olivia Anderson,UX Designer,98930
203,Jane Taylor,DevOps Engineer,71516
204,Emma Johnson,Project Manager,74182
205,Sophia Lewis,Project Manager,95802
206,Olivia Anderson,Database Administrator,98079
207,Alice Taylor,Database Administrator,77078
208,Bob Anderson,DevOps Engineer,72070
209,Olivia Brown,Software Engineer,51094
210,Charlie Martinez,Database Administrator,74409
211,Bob Walker,Project Manager,59003
212,Emma Walker,Database Administrator,94060
213,David Walker,Network Engineer,98384
214,Alice Anderson,DevOps Engineer,51943
215,John Clark,Data Analyst,65093
216,Bob Taylor,Product Manager,90821
217,Jane Taylor,Data Analyst,75746
218,Olivia Anderson,Product Manager,82170
219,David Harris,Database Administrator,98757
220,Sophia Clark,System Administrator,94549
221,Bob Brown,UX Designer,91651
222,Sophia Brown,Project Manager,64555
223,Michael Brown,Network Engineer,58873
224,Olivia Smith,Software Engineer,89450
225,David Johnson,System Administrator,65758
226,David Clark,Database Administrator,81001
227,John Lewis,Database Administrator,60201
228,Michael Harris,AI Researcher,56649
229,Charlie Brown,UX Designer,66241
230,Michael Walker,Network Engineer,80226
231,Alice Anderson,Network Engineer,53366
232,Alice Taylor,DevOps Engineer,74737
233,Michael Anderson,Data Analyst,99705
234,Sophia Lewis,AI Researcher,93174
235,Charlie Johnson,Database Administrator,67872
236,David Anderson,System Administrator,67297
237,Olivia Martinez,Data Analyst,63083
238,John Anderson,Database Administrator,60172
239,Sophia Lewis,DevOps Engineer,57118
240,Olivia Johnson,Data Analyst,96701
241,Alice Smith,DevOps Engineer,60722
242,Bob Harris,Software Engineer,55031
243,Olivia Harris,Data Analyst,53109
244,Charlie Martinez,System Administrator,76326
245,Jane Johnson,UX Designer,54704
246,John Clark,DevOps Engineer,89707
247,Olivia Brown,Data Analyst,83699
248,Bob Taylor,Product Manager,71970
249,Bob Walker,Software Engineer,89446
250,Michael Harris,Data Analyst,75991
251,Sophia Walker,AI Researcher,93200
252,Emma Smith,Project Manager,54738
253,David Walker,Data Analyst,77788
254,David Johnson,Database Administrator,66822
255,John Lewis,UX Designer,58150
256,John Brown,Product Manager,90740
257,Michael Anderson,Database Administrator,63466
258,Michael Brown,Data Analyst,86795
259,Michael Smith,DevOps Engineer,68725
260,Charlie Taylor,System Administrator,80422
261,Sophia Johnson,Software Engineer,61713
262,Emma Taylor,AI Researcher,51816
263,David Walker,Software Engineer,53022
264,Sophia Harris,Network Engineer,71829
265,David Brown,Network Engineer,99245
266,Emma Smith,Network Engineer,86879
267,John Martinez,Software Engineer,95570
268,Charlie Walker,UX Designer,54256
269,Michael Walker,Software Engineer,80431
270,David Johnson,System Administrator,95987
271,Michael Anderson,DevOps Engineer,83633
272,Bob Clark,Project Manager,94332
273,Charlie Smith,Database Administrator,77044
274,Michael Walker,UX Designer,86800
275,Michael Harris,Product Manager,54217
276,Michael Clark,AI Researcher,78573
277,Alice Anderson,UX Designer,87544
278,David Johnson,AI Researcher,59270
279,Emma Martinez,Data Analyst,79400
280,Jane Lewis,Database Administrator,99469
281,Olivia Brown,Software Engineer,69733
282,Michael Lewis,AI Researcher,84669
283,Alice Clark,DevOps Engineer,64615
284,Alice Johnson,UX Designer,64806
285,Jane Martinez,Software Engineer,61911
286,Sophia Anderson,Project Manager,53462
287,Emma Anderson,DevOps Engineer,77209
288,John Martinez,Project Manager,81827
289,Michael Johnson,Product Manager,66692
290,David Martinez,Network Engineer,74843
291,Emma Clark,DevOps Engineer,56022
292,Sophia Smith,DevOps Engineer,79096
293,Charlie Brown,Database Administrator,80661
294,Charlie Clark,Data Analyst,68568
295,Alice Brown,DevOps Engineer,50154
296,Emma Martinez,Database Administrator,53112
297,Bob Smith,Data Analyst,76001
298,Olivia Taylor,AI Researcher,72026
299,Michael Brown,Network Engineer,66136
300,Alice Harris,AI Researcher,67087
301,John Walker,DevOps Engineer,65518
302,Olivia Smith,System Administrator,99147
303,Michael Taylor,Project Manager,86210
304,Michael Walker,System Administrator,83677
305,Emma Harris,System Administrator,88023
306,Alice Taylor,Data Analyst,95535
307,Michael Lewis,Network Engineer,97994
308,Sophia Harris,DevOps Engineer,79461
309,Sophia Clark,Data Analyst,68154
310,Olivia Anderson,Product Manager,51477
311,Jane Smith,Software Engineer,65074
312,David Taylor,Product Manager,63064
313,Michael Smith,AI Researcher,63773
314,Jane Walker,Database Administrator,68964
315,Jane Lewis,UX Designer,96851
316,Alice Brown,Project Manager,91789
317,Emma Smith,System Administrator,54444
318,David Johnson,Database Administrator,87918
319,Bob Johnson,Project Manager,62849
320,Emma Anderson,Data Analyst,79027
321,Sophia Walker,AI Researcher,75385
322,Sophia Taylor,Database Administrator,55619
323,Bob Brown,Project Manager,53445
324,Michael Taylor,Product Manager,53010
325,David Anderson,Product Manager,68445
326,Bob Johnson,Database Administrator,85792
327,Alice Harris,Project Manager,86291
328,Charlie Anderson,Database Administrator,71374
329,Jane Anderson,UX Designer,89959
330,Charlie Smith,Database Administrator,61652
331,Alice Harris,Data Analyst,58622
332,Bob Harris,Project Manager,98018
333,Alice Johnson,Product Manager,91785
334,Charlie Brown,DevOps Engineer,81167
335,Emma Harris,UX Designer,53491
336,Jane Johnson,Project Manager,61276
337,Jane Lewis,DevOps Engineer,68307
338,Emma Taylor,AI Researcher,78460
339,Michael Walker,Data Analyst,62261
340,Olivia Martinez,Database Administrator,81880
341,Charlie Clark,DevOps Engineer,95569
342,David Smith,Product Manager,77159
343,Sophia Brown,Network Engineer,76237
344,John Smith,Network Engineer,61204
345,Bob Brown,Network Engineer,57080
346,Michael Smith,Product Manager,55587
347,Sophia Brown,System Administrator,96352
348,Charlie Clark,Product Manager,65381
349,Olivia Smith,Network Engineer,65604
350,Emma Martinez,Network Engineer,61525
351,Jane Lewis,DevOps Engineer,57394
352,John Brown,AI Researcher,60327
353,Olivia Anderson,UX Designer,51603
354,Michael Lewis,DevOps Engineer,65199
355,Bob Lewis,DevOps Engineer,76778
356,Sophia Lewis,Database Administrator,69877
357,Bob Smith,AI Researcher,51531
358,Emma Clark,Project Manager,60889
359,David Harris,System Administrator,89974
360,Michael Anderson,Data Analyst,62648
361,Jane Clark,DevOps Engineer,64873
362,Charlie Smith,UX Designer,85447
363,Bob Harris,Software Engineer,79752
364,Emma Harris,Data Analyst,98575
365,Michael Martinez,UX Designer,89283
366,David Harris,Network Engineer,57753
367,Sophia Martinez,UX Designer,80523
368,Bob Lewis,Network Engineer,78492
369,David Johnson,AI Researcher,89375
370,Bob Smith,Product Manager,94002
371,Bob Harris,UX Designer,55050
372,Charlie Brown,Database Administrator,58541
373,Alice Martinez,DevOps Engineer,97444
374,David Lewis,DevOps Engineer,62736
375,Jane Taylor,Software Engineer,96294
376,Alice Harris,UX Designer,78036
377,David Smith,Project Manager,83663
378,Bob Smith,Product Manager,60704
379,David Brown,UX Designer,70901
380,Charlie Taylor,System Administrator,89819
381,Jane Brown,Project Manager,65540
382,Olivia Brown,Software Engineer,74010
383,Jane Lewis,Product Manager,83245
384,Bob Smith,Network Engineer,92389
385,Olivia Johnson,Database Administrator,66859
386,Jane Walker,Project Manager,64358
387,Emma Anderson,Database Administrator,86383
388,Bob Anderson,DevOps Engineer,60379
389,Jane Smith,Database Administrator,97631
390,Charlie Lewis,Product Manager,80351
391,David Walker,Project Manager,74106
392,Jane Brown,AI Researcher,73214
393,Jane Martinez,System Administrator,85615
394,Jane Brown,System Administrator,60944
395,Bob Lewis,Product Manager,98463
396,Jane Walker,System Administrator,65882
397,Olivia Brown,Software Engineer,88526
398,Michael Walker,Project Manager,85097
399,Alice Clark,Database Administrator,60294
400,Olivia Lewis,Database Administrator,68505
401,Michael Lewis,Software Engineer,94784
402,Emma Walker,AI Researcher,66683
403,John Walker,System Administrator,77046
404,Olivia Harris,DevOps Engineer,91774
405,Jane Anderson,Data Analyst,83209
406,Michael Smith,DevOps Engineer,86516
407,John Brown,Software Engineer,66683
408,Michael Johnson,AI Researcher,73197
409,Jane Lewis,Software Engineer,51265
410,Sophia Martinez,Software Engineer,92523
411,Alice Taylor,Network Engineer,54878
412,David Walker,Software Engineer,58083
413,Bob Lewis,Data Analyst,78190
414,Jane Clark,Product Manager,91878
415,Bob Harris,AI Researcher,62319
416,Sophia Walker,AI Researcher,66839
417,Olivia Lewis,Network Engineer,90167
418,Charlie Harris,Data Analyst,74868
419,Bob Harris,Network Engineer,68252
420,Sophia Anderson,DevOps Engineer,57968
421,Charlie Clark,Product Manager,72350
422,Charlie Brown,Data Analyst,68148
423,Sophia Lewis,DevOps Engineer,79799
424,Emma Taylor,Product Manager,95896
425,John Lewis,DevOps Engineer,86219
426,Emma Johnson,Network Engineer,57727
427,Olivia Walker,Network Engineer,78154
428,Jane Johnson,Data Analyst,51055
429,Alice Clark,Product Manager,71331
430,John Brown,Network Engineer,58971
431,Emma Lewis,System Administrator,96192
432,John Brown,UX Designer,54715
433,Jane Lewis,Software Engineer,69617
434,Charlie Clark,Database Administrator,67622
435,Olivia Martinez,DevOps Engineer,75930
436,David Taylor,Data Analyst,87726
437,John Lewis,Project Manager,85610
438,Emma Harris,System Administrator,90585
439,Emma Smith,AI Researcher,93525
440,Charlie Lewis,Data Analyst,96021
441,Alice Clark,System Administrator,60824
442,Sophia Brown,Software Engineer,65497
443,Olivia Brown,Network Engineer,69396
444,Michael Anderson,Product Manager,50998
445,Jane Smith,Software Engineer,63516
446,Alice Smith,Data Analyst,62619
447,Charlie Johnson,System Administrator,72706
448,David Smith,Software Engineer,90073
449,Sophia Smith,Database Administrator,72590
450,Charlie Anderson,Software Engineer,78590
451,Michael Brown,Network Engineer,69749
452,Michael Johnson,Product Manager,85162
453,David Clark,Software Engineer,95839
454,Sophia Clark,DevOps Engineer,94134
455,Michael Lewis,Product Manager,99317
456,Charlie Lewis,System Administrator,59856
457,Alice Johnson,DevOps Engineer,65830
458,Emma Smith,DevOps Engineer,55822
459,Bob Brown,Project Manager,89140
460,Emma Walker,Product Manager,86198
461,Emma Taylor,Project Manager,64673
462,Charlie Anderson,System Administrator,73130
463,Charlie Walker,Project Manager,71441
464,Emma Brown,UX Designer,87035
465,David Anderson,Database Administrator,65731
466,Charlie Clark,System Administrator,69431
467,Sophia Anderson,AI Researcher,86737
468,Sophia Brown,Network Engineer,56856
469,David Johnson,Data Analyst,54560
470,Michael Clark,System Administrator,63609
471,Charlie Smith,AI Researcher,54264
472,Olivia Harris,Software Engineer,56723
473,Michael Anderson,Software Engineer,72408
474,John Clark,AI Researcher,68022
475,Sophia Smith,Software Engineer,88250
476,Alice Harris,Project Manager,64223
477,Emma Johnson,AI Researcher,89265
478,Alice Smith,System Administrator,95201
479,Michael Harris,Data Analyst,55307
480,John Smith,Database Administrator,78845
481,Alice Clark,System Administrator,79488
482,David Clark,AI Researcher,81683
483,Olivia Martinez,UX Designer,99260
484,Charlie Anderson,UX Designer,61936
485,Sophia Walker,Network Engineer,80836
486,Bob Lewis,AI Researcher,60336
487,Sophia Taylor,AI Researcher,97826
488,John Brown,AI Researcher,66895
489,Bob Taylor,Data Analyst,58152
490,Charlie Taylor,Project Manager,94793
491,Charlie Lewis,UX Designer,78089
492,David Clark,DevOps Engineer,92799
493,Michael Smith,Data Analyst,91527
494,Olivia Lewis,Project Manager,83504
495,David Harris,AI Researcher,87158
496,Jane Taylor,Software Engineer,90986
497,Jane Johnson,Software Engineer,80500
498,Sophia Anderson,DevOps Engineer,86005
499,Emma Martinez,System Administrator,76889
500,Alice Smith,Project Manager,50236
501,Jane Brown,Project Manager,57986
502,Jane Brown,Data Analyst,71332
503,John Taylor,System Administrator,95027
504,Alice Brown,UX Designer,81310
505,Bob Harris,DevOps Engineer,74664
506,Jane Clark,Project Manager,70831
507,Sophia Brown,Project Manager,53869
508,Michael Taylor,Project Manager,75953
509,Charlie Johnson,Data Analyst,53900
510,Emma Johnson,Network Engineer,87064
511,Emma Anderson,Network Engineer,64685
512,Sophia Anderson,Database Administrator,87270
513,John Anderson,AI Researcher,84361
514,Michael Brown,System Administrator,85786
515,David Harris,Network Engineer,71234
516,Alice Brown,Software Engineer,51330
517,David Lewis,System Administrator,61414
518,Michael Taylor,Network Engineer,96561
519,Jane Lewis,Project Manager,95641
520,Olivia Johnson,Product Manager,59143
521,John Walker,System Administrator,97393
522,Olivia Smith,AI Researcher,78638
523,Charlie Walker,UX Designer,68873
524,David Brown,UX Designer,77333
525,Sophia Lewis,Software Engineer,96114
526,Bob Clark,Software Engineer,79394
527,Alice Smith,System Administrator,91091
528,Emma Taylor,System Administrator,72602
529,Charlie Harris,DevOps Engineer,76262
530,Emma Johnson,System Administrator,68129
531,Bob Smith,Data Analyst,95854
532,Sophia Smith,Network Engineer,55144
533,Michael Walker,Product Manager,66373
534,Emma Lewis,Network Engineer,92867
535,Sophia Anderson,Network Engineer,81452
536,Michael Martinez,Database Administrator,79265
537,Charlie Johnson,Product Manager,50769
538,Jane Walker,Software Engineer,94690
539,John Martinez,Database Administrator,68858
540,Jane Anderson,AI Researcher,55311
541,Alice Clark,Product Manager,80462
542,Bob Anderson,System Administrator,60421
543,Charlie Harris,Data Analyst,90816
544,Alice Walker,Data Analyst,87320
545,Charlie Taylor,Software Engineer,56901
546,Olivia Smith,Network Engineer,74323
547,David Smith,UX Designer,96540
548,John Lewis,Product Manager,99237
549,John Walker,Software Engineer,68232
550,David Harris,Project Manager,81581
551,Olivia Martinez,Network Engineer,62072
552,Michael Lewis,AI Researcher,96064
553,Olivia Harris,UX Designer,87707
554,John Brown,DevOps Engineer,74892
555,Sophia Smith,AI Researcher,52918
556,Jane Harris,Project Manager,52451
557,Jane Smith,Software Engineer,72648
558,Bob Lewis,Data Analyst,88375
559,Charlie Johnson,Software Engineer,62170
560,Sophia Walker,DevOps Engineer,89615
561,Olivia Lewis,DevOps Engineer,83473
562,John Walker,Data Analyst,61870
563,Jane Anderson,Network Engineer,79483
564,David Anderson,Data Analyst,97661
565,Olivia Smith,Software Engineer,53609
566,Sophia Harris,UX Designer,97699
567,Emma Walker,UX Designer,70454
568,David Harris,System Administrator,92653
569,John Lewis,UX Designer,75775
570,Charlie Brown,Network Engineer,55998
571,David Brown,Software Engineer,80546
572,Alice Lewis,AI Researcher,76555
573,David Johnson,AI Researcher,86007
574,Michael Walker,AI Researcher,70656
575,David Martinez,UX Designer,72722
576,David Harris,Network Engineer,92318
577,Michael Johnson,Project Manager,82435
578,Sophia Smith,Data Analyst,67403
579,Emma Smith,AI Researcher,55403
580,Sophia Johnson,Project Manager,61397
581,Jane Anderson,AI Researcher,57275
582,Charlie Harris,Network Engineer,70139
583,Sophia Clark,Network Engineer,66269
584,Emma Taylor,Software Engineer,53545
585,Bob Taylor,Database Administrator,97053
586,Sophia Johnson,Network Engineer,63717
587,Charlie Johnson,Project Manager,52845
588,Bob Brown,Project Manager,88385
589,Michael Johnson,Software Engineer,71991
590,Sophia Brown,Product Manager,84686
591,Michael Lewis,Database Administrator,98559
592,Alice Taylor,Software Engineer,74963
593,Olivia Anderson,Network Engineer,51545
594,Emma Clark,Data Analyst,76272
595,Bob Walker,Database Administrator,93866
596,Bob Walker,Data Analyst,84767
597,Alice Brown,AI Researcher,90841
598,Olivia Walker,DevOps Engineer,94777
599,Alice Johnson,Product Manager,83161
600,Alice Johnson,Project Manager,91712
601,Alice Walker,Product Manager,63954
602,Jane Harris,AI Researcher,97283
603,Sophia Harris,Network Engineer,96935
604,Alice Brown,AI Researcher,80961
605,Michael Brown,Product Manager,88253
606,Alice Clark,Database Administrator,92616
607,Bob Brown,Database Administrator,83036
608,Sophia Smith,Data Analyst,78136
609,Bob Brown,AI Researcher,96474
610,Alice Harris,Network Engineer,83708
611,Bob Johnson,Network Engineer,91261
612,Emma Brown,Project Manager,58308
613,Olivia Brown,DevOps Engineer,97908
614,Bob Taylor,System Administrator,66444
615,John Martinez,Database Administrator,61775
616,Michael Taylor,Network Engineer,69502
617,Charlie Smith,System Administrator,98732
618,Olivia Johnson,Network Engineer,80006
619,Bob Johnson,UX Designer,79119
620,Emma Harris,DevOps Engineer,87634
621,Olivia Brown,UX Designer,71085
622,Michael Lewis,AI Researcher,97631
623,Bob Taylor,Software Engineer,77790
624,John Brown,UX Designer,67281
625,David Taylor,UX Designer,86897
626,John Brown,DevOps Engineer,78958
627,David Harris,UX Designer,73371
628,Sophia Martinez,Database Administrator,94144
629,Charlie Lewis,AI Researcher,65910
630,Alice Walker,DevOps Engineer,68814
631,Emma Lewis,Product Manager,98763
632,Sophia Martinez,UX Designer,83255
633,Emma Walker,AI Researcher,78948
634,Alice Clark,AI Researcher,51396
635,Bob Smith,Product Manager,50340
636,John Martinez,Database Administrator,72430
637,Sophia Anderson,Product Manager,62235
638,Michael Lewis,Software Engineer,60410
639,Jane Anderson,Project Manager,93934
640,Alice Brown,System Administrator,88096
641,Emma Johnson,Project Manager,94857
642,Jane Taylor,DevOps Engineer,54696
643,Bob Anderson,System Administrator,61601
644,Alice Anderson,Project Manager,87110
645,Jane Walker,Product Manager,88815
646,Jane Clark,DevOps Engineer,76763
647,Charlie Anderson,Network Engineer,55964
648,David Walker,UX Designer,70868
649,David Lewis,Product Manager,87335
650,Alice Taylor,Project Manager,97370
651,John Taylor,Software Engineer,83200
652,Alice Johnson,Software Engineer,77073
653,Alice Harris,Network Engineer,57511
654,Alice Anderson,AI Researcher,57175
655,Michael Clark,Network Engineer,91322
656,Emma Anderson,Software Engineer,78596
657,Sophia Brown,Data Analyst,56101
658,John Taylor,UX Designer,58019
659,John Anderson,UX Designer,67996
660,Sophia Walker,Data Analyst,91868
661,Jane Taylor,Project Manager,71408
662,David Smith,System Administrator,97987
663,Jane Martinez,AI Researcher,73957
664,Jane Brown,AI Researcher,59760
665,John Walker,Network Engineer,68312
666,Emma Harris,Data Analyst,62712
667,John Lewis,Database Administrator,97052
668,Jane Smith,DevOps Engineer,63082
669,Alice Brown,Data Analyst,50444
670,Olivia Taylor,Database Administrator,63009
671,David Lewis,Data Analyst,77991
672,Michael Johnson,DevOps Engineer,72758
673,Emma Anderson,AI Researcher,81101
674,Charlie Taylor,UX Designer,73698
675,Olivia Harris,Network Engineer,81817
676,Olivia Taylor,Database Administrator,95085
677,Michael Anderson,UX Designer,68153
678,Sophia Martinez,DevOps Engineer,64322
679,John Taylor,DevOps Engineer,57394
680,Emma Harris,Network Engineer,94794
681,Emma Clark,Network Engineer,85395
682,Sophia Lewis,Project Manager,51642
683,Michael Anderson,Product Manager,71182
684,Michael Brown,Network Engineer,97743
685,David Lewis,Network Engineer,67535
686,Michael Smith,Product Manager,93043
687,John Anderson,DevOps Engineer,82582
688,David Brown,Software Engineer,77132
689,Jane Smith,System Administrator,68133
690,Sophia Martinez,System Administrator,64121
691,Emma Harris,DevOps Engineer,72113
692,Charlie Walker,Network Engineer,50101
693,Charlie Harris,Database Administrator,70620
694,Bob Johnson,Network Engineer,71621
695,Jane Taylor,Product Manager,90300
696,Michael Walker,Data Analyst,82178
697,Olivia Smith,Software Engineer,51564
698,Alice Johnson,System Administrator,51324
699,Olivia Harris,Network Engineer,71659
700,Emma Smith,DevOps Engineer,53753
701,Alice Brown,Software Engineer,88076
702,John Smith,AI Researcher,93335
703,Charlie Walker,Product Manager,83425
704,Charlie Smith,Product Manager,54128
705,Olivia Harris,Project Manager,60248
706,Alice Johnson,DevOps Engineer,91510
707,Charlie Anderson,Software Engineer,85349
708,John Walker,Data Analyst,60156
709,Sophia Smith,Database Administrator,66697
710,John Brown,Product Manager,85607
711,Bob Walker,Product Manager,91755
712,Bob Taylor,System Administrator,62146
713,Olivia Brown,DevOps Engineer,72127
714,Jane Taylor,AI Researcher,89977
715,David Brown,AI Researcher,66249
716,Emma Anderson,System Administrator,50447
717,Sophia Taylor,Software Engineer,86947
718,John Clark,System Administrator,61708
719,Emma Clark,System Administrator,57113
720,Emma Lewis,Project Manager,61996
721,Michael Lewis,System Administrator,99613
722,Michael Walker,Database Administrator,90997
723,Charlie Harris,Data Analyst,99719
724,Michael Lewis,Data Analyst,74101
725,David Smith,Product Manager,85572
726,Olivia Harris,Database Administrator,57904
727,Olivia Johnson,AI Researcher,70148
728,David Taylor,DevOps Engineer,73215
729,John Anderson,AI Researcher,58233
730,Bob Harris,Software Engineer,71442
731,Charlie Walker,DevOps Engineer,90220
732,Alice Smith,DevOps Engineer,70290
733,David Clark,Data Analyst,50379
734,Emma Lewis,Database Administrator,62469
735,Michael Harris,Data Analyst,62840
736,David Anderson,Network Engineer,56146
737,Charlie Walker,Product Manager,71111
738,Sophia Taylor,Database Administrator,78295
739,Alice Martinez,AI Researcher,80332
740,Sophia Johnson,Network Engineer,86485
741,Jane Brown,Database Administrator,99386
742,Jane Johnson,AI Researcher,61549
743,Michael Anderson,Database Administrator,80609
744,John Walker,Data Analyst,67303
745,David Smith,Network Engineer,99383
746,Jane Martinez,UX Designer,75740
747,Alice Harris,Project Manager,59514
748,David Clark,DevOps Engineer,57652
749,Sophia Harris,System Administrator,94913
750,Jane Brown,DevOps Engineer,73402
751,Sophia Smith,AI Researcher,67122
752,Charlie Walker,Project Manager,55284
753,Alice Taylor,System Administrator,73552
754,John Harris,Software Engineer,74535
755,Sophia Walker,System Administrator,94576
756,Bob Anderson,UX Designer,88507
757,Bob Anderson,Database Administrator,66473
758,Bob Martinez,Project Manager,90169
759,Olivia Walker,System Administrator,86809
760,Emma Clark,System Administrator,81541
761,Alice Johnson,Database Administrator,65900
762,Emma Brown,System Administrator,60487
763,Sophia Walker,System Administrator,88295
764,Charlie Johnson,AI Researcher,90551
765,David Brown,AI Researcher,72102
766,John Brown,Product Manager,61538
767,Emma Anderson,AI Researcher,98483
768,Michael Smith,Project Manager,90988
769,Olivia Harris,Product Manager,52216
770,Charlie Harris,Database Administrator,74978
771,Olivia Anderson,DevOps Engineer,87645
772,Bob Anderson,Database Administrator,62862
773,Jane Lewis,Project Manager,71966
774,Olivia Brown,UX Designer,91735
775,John Anderson,Network Engineer,79445
776,Michael Harris,Network Engineer,64449
777,John Brown,UX Designer,51788
778,Alice Martinez,Network Engineer,91107
779,Bob Anderson,Project Manager,94571
780,Sophia Lewis,DevOps Engineer,96280
781,Charlie Lewis,Product Manager,52023
782,Emma Lewis,Network Engineer,50499
783,Charlie Smith,Product Manager,77426
784,David Martinez,Project Manager,60476
785,Bob Brown,Network Engineer,93909
786,Michael Lewis,Database Administrator,84895
787,Alice Martinez,UX Designer,86862
788,Emma Brown,Network Engineer,77139
789,Emma Walker,Data Analyst,94873
790,Alice Walker,Software Engineer,56697
791,Charlie Johnson,Network Engineer,58388
792,Michael Anderson,Data Analyst,68085
793,Charlie Lewis,System Administrator,66152
794,Charlie Taylor,AI Researcher,84691
795,David Smith,Database Administrator,62493
796,Bob Harris,Product Manager,52797
797,Olivia Brown,Project Manager,63438
798,Bob Johnson,System Administrator,75917
799,John Harris,Software Engineer,84475
800,David Johnson,Network Engineer,58156
801,Olivia Martinez,Database Administrator,67060
802,Sophia Anderson,Network Engineer,95842
803,Michael Brown,AI Researcher,97555
804,Sophia Johnson,UX Designer,89713
805,Alice Clark,Database Administrator,96944
806,Olivia Lewis,Product Manager,53492
807,Alice Harris,Software Engineer,52920
808,John Taylor,System Administrator,85276
809,Alice Martinez,Software Engineer,90600
810,Jane Taylor,UX Designer,79163
811,Sophia Clark,Project Manager,59035
812,Jane Walker,Project Manager,56108
813,John Lewis,Software Engineer,69739
814,John Smith,Project Manager,54522
815,Charlie Johnson,UX Designer,69795
816,Jane Taylor,System Administrator,52228
817,Alice Lewis,Product Manager,87126
818,Olivia Walker,Database Administrator,51185
819,Jane Clark,Product Manager,68420
820,Alice Johnson,UX Designer,59998
821,Olivia Clark,AI Researcher,65898
822,Alice Johnson,Data Analyst,55617
823,David Anderson,UX Designer,80033
824,Olivia Walker,Data Analyst,67923
825,Sophia Clark,Software Engineer,84023
826,David Walker,Network Engineer,56792
827,Olivia Walker,AI Researcher,60830
828,Emma Martinez,Database Administrator,91999
829,Emma Johnson,UX Designer,98074
830,Charlie Taylor,Database Administrator,65723
831,Sophia Lewis,Software Engineer,57876
832,David Harris,AI Researcher,67985
833,Jane Martinez,Product Manager,54945
834,Sophia Harris,Data Analyst,83426
835,Sophia Anderson,System Administrator,76364
836,Emma Harris,Data Analyst,96789
837,Bob Clark,Product Manager,81633
838,John Martinez,AI Researcher,78894
839,Alice Anderson,Product Manager,66409
840,Jane Anderson,Network Engineer,97377
841,Michael Lewis,Software Engineer,54543
842,Charlie Martinez,Data Analyst,74400
843,Charlie Lewis,DevOps Engineer,97003
844,Olivia Walker,Database Administrator,70268
845,Sophia Taylor,Product Manager,85635
846,Sophia Johnson,Database Administrator,63136
847,Emma Brown,Product Manager,92609
848,Jane Walker,Data Analyst,81274
849,Emma Harris,Database Administrator,86682
850,Charlie Anderson,UX Designer,81474
851,Olivia Clark,AI Researcher,52903
852,John Smith,DevOps Engineer,98162
853,Charlie Smith,Software Engineer,63505
854,John Anderson,Data Analyst,84695
855,Sophia Smith,Product Manager,77080
856,Michael Brown,Software Engineer,63788
857,John Brown,UX Designer,93944
858,John Clark,Product Manager,85132
859,Emma Taylor,Data Analyst,87062
860,Emma Lewis,UX Designer,88920
861,David Lewis,DevOps Engineer,79137
862,Bob Clark,AI Researcher,98617
863,Bob Harris,Network Engineer,71619
864,John Harris,Project Manager,62835
865,Charlie Harris,Project Manager,96936
866,Charlie Anderson,Product Manager,76222
867,Emma Martinez,Database Administrator,67261
868,Charlie Clark,Software Engineer,70165
869,Olivia Johnson,Data Analyst,56894
870,David Lewis,DevOps Engineer,91053
871,Charlie Lewis,Data Analyst,57750
872,Michael Harris,Software Engineer,71941
873,Emma Clark,Database Administrator,57166
874,Emma Lewis,Data Analyst,70409
875,Jane Brown,Data Analyst,81981
876,Emma Johnson,DevOps Engineer,79437
877,Alice Harris,UX Designer,51451
878,Emma Harris,Database Administrator,78544
879,Jane Taylor,AI Researcher,93094
880,Sophia Brown,Project Manager,73520
881,Alice Taylor,Product Manager,71136
882,Michael Brown,Network Engineer,56077
883,Alice Anderson,Database Administrator,63818
884,Olivia Clark,DevOps Engineer,64978
885,John Walker,DevOps Engineer,76425
886,Emma Taylor,Database Administrator,96238
887,Emma Martinez,DevOps Engineer,83807
888,Jane Brown,Data Analyst,94456
889,Emma Harris,System Administrator,57790
890,David Taylor,Project Manager,59951
891,Charlie Martinez,UX Designer,63141
892,John Brown,Project Manager,56425
893,Alice Taylor,Software Engineer,80739
894,Michael Martinez,Product Manager,52393
895,Bob Walker,AI Researcher,79062
896,Bob Smith,Network Engineer,75482
897,Michael Johnson,DevOps Engineer,81799
898,David Martinez,Project Manager,67072
899,Michael Clark,DevOps Engineer,74859
900,Olivia Johnson,System Administrator,51339
901,David Lewis,UX Designer,74488
902,Sophia Lewis,Database Administrator,75317
903,Sophia Martinez,DevOps Engineer,50892
904,Charlie Lewis,System Administrator,97960
905,Olivia Brown,Project Manager,89984
906,David Lewis,UX Designer,65480
907,Charlie Walker,Data Analyst,97952
908,Emma Smith,Product Manager,99539
909,Sophia Smith,Software Engineer,93237
910,David Brown,Database Administrator,85882
911,Michael Johnson,UX Designer,73973
912,Jane Harris,System Administrator,97742
913,Bob Lewis,Data Analyst,83576
914,Alice Smith,Database Administrator,73159
915,Sophia Anderson,UX Designer,78376
916,Michael Clark,DevOps Engineer,91666
917,Jane Brown,Database Administrator,99011
918,Charlie Clark,Data Analyst,77585
919,Bob Brown,UX Designer,53570
920,Sophia Taylor,Data Analyst,53849
921,Alice Anderson,UX Designer,81529
922,Olivia Taylor,Product Manager,89691
923,David Lewis,Project Manager,61457
924,David Brown,Database Administrator,97872
925,Emma Taylor,Database Administrator,69729
926,Emma Lewis,UX Designer,69883
927,Charlie Smith,DevOps Engineer,53431
928,Jane Clark,Network Engineer,80526
929,Michael Smith,Data Analyst,66156
930,Alice Taylor,Data Analyst,80164
931,Michael Smith,Project Manager,71855
932,John Martinez,System Administrator,82827
933,Alice Taylor,Software Engineer,82322
934,Emma Smith,Database Administrator,52769
935,Jane Brown,Project Manager,68343
936,John Johnson,Software Engineer,84811
937,Bob Lewis,UX Designer,95424
938,John Johnson,System Administrator,71000
939,Alice Smith,AI Researcher,75103
940,Charlie Smith,Network Engineer,92937
941,Charlie Lewis,Network Engineer,64496
942,Jane Johnson,Data Analyst,76723
943,Emma Brown,Data Analyst,68717
944,Alice Lewis,System Administrator,70483
945,Alice Lewis,AI Researcher,56865
946,Jane Taylor,UX Designer,85030
947,Jane Smith,Network Engineer,78338
948,Charlie Harris,System Administrator,94311
949,John Taylor,Project Manager,65783
950,Bob Martinez,AI Researcher,96711
951,John Brown,Product Manager,61962
952,Michael Harris,Database Administrator,77329
953,David Taylor,Software Engineer,84660
954,Bob Lewis,Network Engineer,81480
955,John Walker,UX Designer,57988
956,Charlie Taylor,Software Engineer,93408
957,Sophia Harris,Project Manager,69332
958,Emma Lewis,Product Manager,85949
959,Olivia Brown,Product Manager,63075
960,Sophia Brown,Database Administrator,50478
961,Alice Smith,Software Engineer,71824
962,Alice Clark,Software Engineer,88727
963,Jane Clark,Software Engineer,90562
964,Jane Smith,System Administrator,57255
965,Olivia Lewis,DevOps Engineer,93894
966,John Harris,AI Researcher,79321
967,John Lewis,Product Manager,72710
968,Jane Anderson,Data Analyst,85764
969,Sophia Clark,Data Analyst,92073
970,Emma Smith,Network Engineer,60547
971,Charlie Walker,Product Manager,58087
972,Jane Smith,UX Designer,69839
973,Alice Taylor,DevOps Engineer,56340
974,John Walker,Product Manager,51669
975,Bob Brown,Project Manager,73785
976,David Smith,AI Researcher,77252
977,John Harris,Product Manager,60991
978,John Smith,UX Designer,56540
979,Sophia Harris,System Administrator,97363
980,Michael Johnson,Data Analyst,72960
981,Bob Martinez,Data Analyst,52278
982,Olivia Brown,Network Engineer,69915
983,Alice Harris,Database Administrator,98352
984,Jane Brown,DevOps Engineer,77999
985,John Johnson,Data Analyst,66170
986,Alice Johnson,UX Designer,96046
987,Michael Taylor,Data Analyst,51748
988,Emma Taylor,DevOps Engineer,58369
989,Michael Taylor,UX Designer,80904
990,Bob Harris,AI Researcher,57977
991,Emma Lewis,Software Engineer,90903
992,Jane Brown,UX Designer,94367
993,Sophia Walker,Network Engineer,70369
994,Olivia Brown,UX Designer,51332
995,Michael Taylor,Product Manager,57468
996,Alice Clark,Data Analyst,53666
997,David Harris,DevOps Engineer,85642
998,Alice Walker,Project Manager,54113
999,Olivia Anderson,UX Designer,69860
1000,David Lewis,Database Administrator,97075
1001,Bob Walker,Data Analyst,81328
1002,Michael Lewis,Product Manager,74790
1003,David Martinez,AI Researcher,91765
1004,Michael Lewis,Software Engineer,72285
1005,Emma Harris,System Administrator,94831
1006,Michael Martinez,Software Engineer,75245
1007,Olivia Brown,Software Engineer,79676
1008,Olivia Walker,Data Analyst,77416
1009,Emma Johnson,AI Researcher,63206
1010,Alice Harris,DevOps Engineer,73480
1011,Sophia Harris,Network Engineer,96253
1012,John Taylor,System Administrator,88622
1013,Jane Walker,Network Engineer,78198
1014,Michael Lewis,Project Manager,70226
1015,Charlie Harris,AI Researcher,69030
1016,John Lewis,Data Analyst,86492
1017,Emma Martinez,System Administrator,92576
1018,Alice Clark,Software Engineer,65397
1019,Alice Walker,AI Researcher,62127
1020,Jane Lewis,Database Administrator,60974
1021,John Lewis,Data Analyst,56873
1022,Bob Lewis,AI Researcher,98686
1023,Charlie Taylor,Project Manager,59638
1024,Alice Lewis,Database Administrator,63823
1025,Emma Brown,Product Manager,83947
1026,Alice Clark,Data Analyst,92389
1027,Emma Clark,System Administrator,90577
1028,Charlie Johnson,System Administrator,55211
1029,Charlie Clark,Database Administrator,84988
1030,Olivia Johnson,Database Administrator,65109
1031,Jane Taylor,Project Manager,91151
1032,Charlie Clark,DevOps Engineer,84984
1033,David Walker,Project Manager,85440
1034,David Smith,UX Designer,79882
1035,Sophia Anderson,DevOps Engineer,92947
1036,Olivia Johnson,Product Manager,56947
1037,Olivia Taylor,DevOps Engineer,97625
1038,Emma Smith,DevOps Engineer,62203
1039,Olivia Anderson,Project Manager,75272
1040,Jane Walker,DevOps Engineer,71900
1041,Jane Brown,AI Researcher,62581
1042,John Anderson,Database Administrator,78875
1043,Charlie Johnson,UX Designer,82400
1044,Alice Clark,Data Analyst,68165
1045,Emma Smith,DevOps Engineer,67551
1046,David Walker,Database Administrator,82294
1047,Bob Johnson,Product Manager,60862
1048,Emma Clark,Database Administrator,68676
1049,Olivia Clark,AI Researcher,54571
1050,Sophia Lewis,Product Manager,73332
1051,Olivia Martinez,Project Manager,66946
1052,Jane Clark,Software Engineer,67928
1053,Alice Brown,Software Engineer,72489
1054,Charlie Johnson,AI Researcher,88008
1055,Jane Harris,Network Engineer,73360
1056,Michael Martinez,System Administrator,73089
1057,Michael Martinez,Data Analyst,91954
1058,Bob Brown,Software Engineer,66336
1059,Michael Johnson,UX Designer,87459
1060,Bob Johnson,DevOps Engineer,66845
1061,Charlie Harris,Network Engineer,95590
1062,Emma Martinez,UX Designer,97494
1063,Olivia Taylor,Product Manager,87288
1064,David Smith,Data Analyst,84810
1065,Charlie Lewis,Product Manager,66956
1066,Alice Martinez,Product Manager,66559
1067,Olivia Brown,DevOps Engineer,51246
1068,Jane Martinez,DevOps Engineer,53530
1069,Charlie Harris,Software Engineer,52725
1070,Alice Taylor,DevOps Engineer,98714
1071,John Harris,Network Engineer,69589
1072,Alice Johnson,Project Manager,83683
1073,Emma Anderson,AI Researcher,78052
1074,Sophia Anderson,Database Administrator,81382
1075,John Johnson,UX Designer,66436
1076,Bob Johnson,Project Manager,66206
1077,David Martinez,Software Engineer,68100
1078,Alice Brown,Software Engineer,54986
1079,Jane Taylor,System Administrator,90934
1080,Michael Anderson,Data Analyst,99147
1081,Bob Anderson,DevOps Engineer,95779
1082,John Walker,Data Analyst,88226
1083,Michael Johnson,System Administrator,68400
1084,David Walker,AI Researcher,65606
1085,David Harris,AI Researcher,98771
1086,David Walker,Product Manager,78000
1087,Emma Brown,Database Administrator,70655
1088,John Smith,Project Manager,51607
1089,Bob Taylor,Data Analyst,56272
1090,Sophia Smith,UX Designer,56748
1091,David Clark,System Administrator,63291
1092,Bob Smith,Project Manager,73726
1093,John Brown,Database Administrator,98181
1094,Olivia Brown,Database Administrator,82769
1095,Michael Taylor,Project Manager,57070
1096,Olivia Clark,DevOps Engineer,55848
1097,John Clark,DevOps Engineer,63279
1098,Sophia Harris,DevOps Engineer,55040
1099,Bob Smith,Data Analyst,95027
1100,Emma Johnson,UX Designer,95265
1101,Alice Harris,Software Engineer,93729
1102,Charlie Martinez,AI Researcher,75164
1103,Olivia Walker,Database Administrator,92620
1104,John Taylor,Network Engineer,99896
1105,Bob Anderson,System Administrator,58560
1106,Michael Smith,UX Designer,50887
1107,Michael Harris,UX Designer,59576
1108,Bob Lewis,Project Manager,70017
1109,Charlie Johnson,System Administrator,63814
1110,Michael Johnson,Database Administrator,52789
1111,Alice Walker,Database Administrator,92290
1112,Jane Taylor,DevOps Engineer,54524
1113,Bob Johnson,System Administrator,50783
1114,Olivia Brown,Project Manager,84237
1115,John Lewis,System Administrator,62503
1116,John Walker,AI Researcher,74266
1117,Michael Clark,Project Manager,96348
1118,Olivia Johnson,Network Engineer,51232
1119,Bob Smith,Data Analyst,94061
1120,Sophia Lewis,AI Researcher,98922
1121,Emma Brown,Software Engineer,72119
1122,Alice Clark,DevOps Engineer,62625
1123,David Harris,Data Analyst,79613
1124,Jane Walker,UX Designer,77511
1125,Sophia Harris,Software Engineer,53725
1126,Michael Taylor,Software Engineer,53652
1127,David Clark,UX Designer,66832
1128,Olivia Martinez,Project Manager,71169
1129,Olivia Martinez,Network Engineer,56100
1130,John Clark,Software Engineer,94120
1131,Michael Harris,Product Manager,88743
1132,Sophia Clark,Network Engineer,51701
1133,Bob Harris,UX Designer,91364
1134,Bob Martinez,Project Manager,57356
1135,Jane Walker,Software Engineer,51982
1136,David Anderson,Data Analyst,83717
1137,Charlie Martinez,DevOps Engineer,76906
1138,Charlie Johnson,DevOps Engineer,99005
1139,David Johnson,Network Engineer,83765
1140,Emma Brown,Database Administrator,67216
1141,Michael Martinez,Data Analyst,66413
1142,David Harris,Database Administrator,58401
1143,Bob Lewis,System Administrator,54292
1144,Olivia Clark,UX Designer,55554
1145,John Martinez,DevOps Engineer,70397
1146,Charlie Brown,AI Researcher,86894
1147,Emma Smith,Project Manager,95740
1148,Bob Anderson,Network Engineer,65733
1149,Jane Taylor,Network Engineer,94217
1150,David Martinez,UX Designer,79185
1151,David Walker,Network Engineer,78114
1152,Charlie Anderson,AI Researcher,83768
1153,David Clark,Database Administrator,83988
1154,Bob Harris,Software Engineer,78891
1155,Charlie Martinez,DevOps Engineer,56766
1156,Olivia Johnson,Software Engineer,82654
1157,Charlie Harris,DevOps Engineer,94959
1158,Emma Smith,Data Analyst,61773
1159,Alice Lewis,Database Administrator,62898
1160,Charlie Johnson,Database Administrator,72515
1161,Alice Clark,AI Researcher,96657
1162,Alice Anderson,Data Analyst,78863
1163,Michael Brown,Project Manager,52392
1164,Alice Smith,DevOps Engineer,99917
1165,John Johnson,Product Manager,75250
1166,Olivia Smith,DevOps Engineer,54202
1167,Olivia Johnson,Product Manager,70969
1168,John Brown,Network Engineer,60672
1169,John Harris,Software Engineer,80591
1170,John Harris,AI Researcher,83968
1171,Michael Harris,System Administrator,93430
1172,Bob Brown,Project Manager,54164
1173,Sophia Brown,Software Engineer,90610
1174,Charlie Brown,Network Engineer,96231
1175,Emma Clark,UX Designer,54863
1176,Jane Anderson,AI Researcher,88298
1177,David Taylor,Database Administrator,68995
1178,John Smith,System Administrator,72202
1179,David Walker,System Administrator,71707
1180,Olivia Walker,Database Administrator,93902
1181,Sophia Walker,Database Administrator,68479
1182,Emma Brown,Network Engineer,67852
1183,Michael Lewis,Database Administrator,65297
1184,Olivia Clark,UX Designer,80382
1185,Olivia Martinez,System Administrator,51603
1186,Alice Walker,System Administrator,60591
1187,Olivia Martinez,Project Manager,68943
1188,Olivia Smith,DevOps Engineer,58299
1189,Alice Walker,AI Researcher,83036
1190,John Lewis,System Administrator,58167
1191,Olivia Taylor,Product Manager,75920
1192,Sophia Smith,Software Engineer,50794
1193,David Johnson,AI Researcher,97272
1194,Bob Brown,Product Manager,77608
1195,Michael Johnson,Software Engineer,55363
1196,Emma Walker,System Administrator,60800
1197,Olivia Clark,Software Engineer,97537
1198,Olivia Martinez,System Administrator,91224
1199,Michael Johnson,AI Researcher,63791
1200,David Lewis,UX Designer,86324
1201,David Smith,Project Manager,94972
1202,Jane Lewis,UX Designer,59733
1203,David Smith,Data Analyst,89120
1204,Sophia Anderson,Database Administrator,90869
1205,John Martinez,System Administrator,54962
1206,Charlie Lewis,Data Analyst,94292
1207,Bob Lewis,Product Manager,76425
1208,David Clark,System Administrator,99735
1209,Charlie Smith,System Administrator,66061
1210,Alice Martinez,Database Administrator,52930
1211,Charlie Brown,Network Engineer,89168
1212,David Taylor,AI Researcher,68234
1213,Charlie Walker,Project Manager,76893
1214,Jane Harris,Product Manager,66130
1215,Bob Anderson,UX Designer,75486
1216,Jane Anderson,Project Manager,95486
1217,Bob Clark,System Administrator,60061
1218,Emma Johnson,Network Engineer,81290
1219,Michael Martinez,Project Manager,53139
1220,Charlie Smith,Product Manager,71085
1221,Alice Clark,AI Researcher,73479
1222,Jane Martinez,Software Engineer,57478
1223,Bob Taylor,Data Analyst,61234
1224,Sophia Martinez,UX Designer,73078
1225,David Johnson,UX Designer,84505
1226,Jane Clark,AI Researcher,68262
1227,Charlie Walker,Network Engineer,57975
1228,Sophia Taylor,AI Researcher,85358
1229,Olivia Brown,Software Engineer,95353
1230,Jane Walker,DevOps Engineer,72443
1231,David Brown,Network Engineer,86424
1232,Emma Anderson,Product Manager,91879
1233,Jane Anderson,Software Engineer,96197
1234,Charlie Brown,UX Designer,62272
1235,David Clark,Project Manager,61356
1236,Olivia Johnson,DevOps Engineer,62869
1237,Bob Walker,Project Manager,53622
1238,Charlie Johnson,System Administrator,85605
1239,Sophia Walker,Software Engineer,71859
1240,Alice Walker,Project Manager,56155
1241,Sophia Brown,DevOps Engineer,80041
1242,Jane Taylor,Network Engineer,64921
1243,Alice Anderson,Project Manager,70789
1244,David Johnson,AI Researcher,84253
1245,Sophia Smith,UX Designer,78320
1246,Olivia Clark,Software Engineer,83520
1247,Alice Harris,AI Researcher,81195
1248,Charlie Smith,Network Engineer,98788
1249,Michael Johnson,Database Administrator,67178
1250,Olivia Smith,Database Administrator,91466
1251,Sophia Anderson,Software Engineer,85590
1252,Emma Lewis,System Administrator,84234
1253,Bob Johnson,UX Designer,72828
1254,Alice Lewis,Network Engineer,96352
1255,Emma Taylor,Database Administrator,62499
1256,Sophia Walker,Data Analyst,56102
1257,John Smith,Data Analyst,59299
1258,Olivia Johnson,System Administrator,78095
1259,David Anderson,Product Manager,86732
1260,Emma Smith,Database Administrator,85204
1261,Sophia Clark,UX Designer,91650
1262,Charlie Clark,AI Researcher,85288
1263,David Anderson,System Administrator,71157
1264,Alice Walker,Network Engineer,64676
1265,Sophia Taylor,AI Researcher,73663
1266,Charlie Martinez,Product Manager,58669
1267,John Brown,Project Manager,69380
1268,Alice Johnson,Project Manager,95445
1269,Jane Harris,Data Analyst,69974
1270,John Anderson,AI Researcher,92189
1271,Sophia Taylor,Network Engineer,65343
1272,Michael Walker,Database Administrator,51561
1273,Bob Harris,DevOps Engineer,75685
1274,Bob Johnson,Network Engineer,97572
1275,John Lewis,DevOps Engineer,79096
1276,David Anderson,Data Analyst,69142
1277,Jane Brown,AI Researcher,61467
1278,Bob Anderson,Data Analyst,57822
1279,Michael Johnson,Software Engineer,86327
1280,Olivia Smith,AI Researcher,96484
1281,Charlie Lewis,Database Administrator,88039
1282,Michael Clark,System Administrator,86210
1283,Bob Taylor,System Administrator,90728
1284,Sophia Walker,Product Manager,56652
1285,Michael Taylor,DevOps Engineer,70878
1286,Alice Harris,Project Manager,91829
1287,John Smith,System Administrator,55549
1288,Emma Smith,Network Engineer,50259
1289,Bob Brown,Project Manager,94326
1290,Michael Clark,Software Engineer,70036
1291,Olivia Walker,UX Designer,72366
1292,Bob Taylor,Network Engineer,56064
1293,John Taylor,Software Engineer,70458
1294,David Smith,UX Designer,68282
1295,David Anderson,System Administrator,55342
1296,Michael Johnson,Data Analyst,53088
1297,Alice Lewis,AI Researcher,62255
1298,Emma Brown,System Administrator,52023
1299,Sophia Clark,Software Engineer,88499
1300,Jane Johnson,Database Administrator,80605
1301,Jane Harris,System Administrator,70488
1302,Jane Harris,AI Researcher,89262
1303,Emma Anderson,Software Engineer,96203
1304,Michael Harris,System Administrator,71861
1305,Sophia Lewis,Software Engineer,83497
1306,Emma Martinez,UX Designer,89445
1307,David Clark,Data Analyst,54517
1308,John Martinez,Network Engineer,71539
1309,Jane Harris,Network Engineer,88743
1310,John Walker,Project Manager,82134
1311,Sophia Harris,Data Analyst,54914
1312,Bob Johnson,Software Engineer,71048
1313,Emma Smith,DevOps Engineer,86542
1314,Bob Lewis,Software Engineer,50821
1315,Olivia Johnson,Project Manager,95521
1316,John Smith,Network Engineer,97829
1317,Charlie Clark,UX Designer,93836
1318,Charlie Smith,DevOps Engineer,68352
1319,Alice Lewis,Software Engineer,95740
1320,Olivia Johnson,Network Engineer,81698
1321,Bob Martinez,AI Researcher,99930
1322,Jane Smith,System Administrator,69675
1323,Charlie Anderson,Data Analyst,56486
1324,Olivia Brown,UX Designer,58268
1325,Jane Taylor,Project Manager,96322
1326,Bob Clark,Network Engineer,91544
1327,Charlie Harris,Database Administrator,60135
1328,Jane Martinez,AI Researcher,97017
1329,Olivia Harris,UX Designer,95497
1330,Jane Smith,Data Analyst,52633
1331,Sophia Smith,AI Researcher,57431
1332,Charlie Anderson,System Administrator,98289
1333,Emma Brown,UX Designer,52068
1334,Bob Johnson,Product Manager,82233
1335,Emma Harris,UX Designer,69755
1336,Emma Johnson,System Administrator,75367
1337,John Walker,Database Administrator,97081
1338,Sophia Anderson,Product Manager,95955
1339,Michael Lewis,Project Manager,62727
1340,Sophia Taylor,Project Manager,75738
1341,Bob Anderson,AI Researcher,87793
1342,Bob Anderson,Network Engineer,81847
1343,Michael Harris,DevOps Engineer,95674
1344,Sophia Lewis,UX Designer,80333
1345,John Smith,System Administrator,78548
1346,Sophia Harris,Database Administrator,69208
1347,Alice Walker,DevOps Engineer,73325
1348,Jane Johnson,Product Manager,57625
1349,Michael Smith,DevOps Engineer,92362
1350,Sophia Lewis,Project Manager,84753
1351,Olivia Walker,System Administrator,59486
1352,Bob Anderson,Project Manager,82816
1353,Jane Brown,AI Researcher,52884
1354,Alice Johnson,UX Designer,64356
1355,Bob Walker,DevOps Engineer,70325
1356,Michael Anderson,DevOps Engineer,84444
1357,Sophia Brown,DevOps Engineer,70952
1358,John Martinez,Data Analyst,98887
1359,Bob Martinez,Network Engineer,65744
1360,Alice Walker,System Administrator,60689
1361,Olivia Lewis,Product Manager,74996
1362,Alice Brown,Database Administrator,92209
1363,Bob Anderson,Product Manager,75656
1364,Jane Taylor,Data Analyst,89860
1365,Emma Harris,Project Manager,61495
1366,David Walker,Network Engineer,74409
1367,Charlie Harris,UX Designer,82562
1368,Olivia Smith,Software Engineer,60489
1369,Sophia Anderson,Software Engineer,57684
1370,Charlie Martinez,UX Designer,57074
1371,Michael Anderson,Product Manager,92001
1372,Sophia Martinez,Product Manager,91481
1373,Jane Martinez,Software Engineer,95358
1374,David Smith,Project Manager,63741
1375,Jane Martinez,Database Administrator,72148
1376,Bob Harris,Project Manager,99667
1377,Olivia Anderson,AI Researcher,73426
1378,Emma Johnson,Database Administrator,63676
1379,Bob Harris,System Administrator,81929
1380,John Brown,Database Administrator,62581
1381,David Smith,UX Designer,70316
1382,Alice Anderson,Database Administrator,92653
1383,Alice Smith,Software Engineer,66028
1384,Olivia Anderson,Project Manager,87863
1385,Bob Brown,Product Manager,53029
1386,Bob Walker,AI Researcher,98776
1387,Alice Clark,UX Designer,82083
1388,Jane Harris,AI Researcher,64420
1389,Charlie Clark,AI Researcher,89877
1390,Bob Walker,Software Engineer,69711
1391,Charlie Clark,Network Engineer,99484
1392,Alice Anderson,Product Manager,85257
1393,Bob Walker,Data Analyst,58494
1394,Emma Martinez,Project Manager,82258
1395,Bob Walker,DevOps Engineer,91458
1396,Jane Harris,Data Analyst,97906
1397,Emma Anderson,Network Engineer,92772
1398,John Martinez,Project Manager,97477
1399,Michael Walker,System Administrator,51165
1400,Jane Lewis,Data Analyst,70639
1401,Bob Brown,Product Manager,77151
1402,Jane Martinez,Product Manager,74322
1403,Alice Smith,Project Manager,81953
1404,Bob Clark,DevOps Engineer,62356
1405,Emma Smith,Network Engineer,58110
1406,Olivia Martinez,System Administrator,61587
1407,David Martinez,UX Designer,59350
1408,David Harris,Project Manager,55847
1409,Bob Taylor,Database Administrator,99299
1410,Sophia Brown,System Administrator,68432
1411,Bob Martinez,Project Manager,60902
1412,Michael Smith,Product Manager,52208
1413,Charlie Taylor,Data Analyst,82112
1414,Charlie Martinez,Network Engineer,72762
1415,Michael Martinez,AI Researcher,68958
1416,Emma Smith,Software Engineer,72733
1417,Emma Smith,Database Administrator,83420
1418,David Martinez,Software Engineer,74076
1419,Bob Anderson,Product Manager,94276
1420,David Clark,UX Designer,64323
1421,Alice Taylor,Product Manager,71181
1422,Emma Anderson,Product Manager,96002
1423,Olivia Walker,System Administrator,55208
1424,Bob Lewis,Data Analyst,93691
1425,John Brown,Software Engineer,57209
1426,Michael Brown,AI Researcher,72486
1427,John Martinez,Project Manager,99276
1428,John Brown,UX Designer,52535
1429,Michael Walker,UX Designer,62376
1430,Bob Martinez,Data Analyst,94315
1431,Olivia Brown,System Administrator,87350
1432,Olivia Martinez,Data Analyst,93320
1433,Jane Taylor,DevOps Engineer,59664
1434,Bob Harris,Product Manager,69168
1435,Jane Taylor,Data Analyst,98790
1436,John Martinez,System Administrator,79998
1437,Michael Anderson,AI Researcher,57910
1438,Sophia Lewis,Software Engineer,85237
1439,Charlie Martinez,Network Engineer,59721
1440,Emma Clark,Software Engineer,69244
1441,Alice Johnson,Software Engineer,81791
1442,Alice Taylor,System Administrator,69383
1443,Jane Clark,UX Designer,51038
1444,John Anderson,Database Administrator,59483
1445,Alice Harris,Network Engineer,80052
1446,Olivia Martinez,Network Engineer,74672
1447,Charlie Smith,AI Researcher,72179
1448,Olivia Walker,UX Designer,59864
1449,Alice Johnson,Project Manager,63478
1450,Emma Brown,Database Administrator,93449
1451,Sophia Taylor,AI Researcher,68986
1452,David Martinez,Database Administrator,85668
1453,Charlie Johnson,Network Engineer,71458
1454,Alice Walker,DevOps Engineer,77928
1455,Sophia Johnson,Network Engineer,77872
1456,Jane Brown,Project Manager,77080
1457,Bob Smith,Product Manager,61085
1458,Sophia Brown,Data Analyst,77795
1459,Alice Martinez,Data Analyst,96349
1460,John Johnson,Product Manager,61168
1461,David Smith,Software Engineer,69403
1462,Charlie Walker,Product Manager,90181
1463,Charlie Taylor,DevOps Engineer,98976
1464,Olivia Lewis,System Administrator,59225
1465,John Harris,UX Designer,52593
1466,Bob Clark,Product Manager,50720
1467,Emma Anderson,Database Administrator,54754
1468,Olivia Smith,System Administrator,55279
1469,Bob Walker,Product Manager,99846
1470,Bob Clark,DevOps Engineer,97625
1471,David Brown,Software Engineer,53961
1472,John Harris,System Administrator,56386
1473,David Walker,Data Analyst,69277
1474,Emma Lewis,Project Manager,62523
1475,John Taylor,Data Analyst,69607
1476,Jane Taylor,DevOps Engineer,56449
1477,Alice Martinez,Project Manager,70984
1478,Sophia Brown,Network Engineer,90356
1479,Charlie Brown,UX Designer,99348
1480,David Anderson,System Administrator,67332
1481,Emma Anderson,DevOps Engineer,99835
1482,John Martinez,DevOps Engineer,51926
1483,John Harris,System Administrator,60105
1484,Jane Johnson,Product Manager,88860
1485,Charlie Harris,Product Manager,86653
1486,Jane Taylor,Database Administrator,91539
1487,Sophia Lewis,Data Analyst,73668
1488,David Anderson,DevOps Engineer,56523
1489,Jane Lewis,UX Designer,80337
1490,Michael Smith,Project Manager,55276
1491,Charlie Clark,Network Engineer,61461
1492,Emma Smith,Software Engineer,82044
1493,Jane Brown,UX Designer,70814
1494,Alice Harris,Data Analyst,69709
1495,Michael Clark,DevOps Engineer,65231
1496,Michael Brown,Network Engineer,56438
1497,Sophia Martinez,Product Manager,53143
1498,Emma Lewis,AI Researcher,52034
1499,Olivia Walker,Project Manager,55472
1500,Olivia Harris,AI Researcher,82512
1501,Emma Lewis,AI Researcher,68883
1502,John Clark,Project Manager,82461
1503,John Taylor,Product Manager,94893
1504,David Harris,DevOps Engineer,72070
1505,Alice Johnson,Data Analyst,52328
1506,Sophia Lewis,Network Engineer,58840
1507,Alice Smith,Project Manager,98397
1508,Olivia Smith,DevOps Engineer,71911
1509,Jane Harris,Project Manager,95046
1510,Olivia Clark,Database Administrator,56761
1511,Emma Smith,Product Manager,87722
1512,Bob Brown,UX Designer,85850
1513,John Walker,DevOps Engineer,52278
1514,Alice Lewis,System Administrator,63380
1515,Bob Smith,Product Manager,66481
1516,Emma Clark,Database Administrator,55090
1517,Michael Walker,Data Analyst,55214
1518,Charlie Taylor,System Administrator,78558
1519,Emma Lewis,Product Manager,85279
1520,Bob Martinez,Database Administrator,84536
1521,David Martinez,DevOps Engineer,89301
1522,Michael Walker,Product Manager,53310
1523,Bob Anderson,DevOps Engineer,61593
1524,Jane Harris,System Administrator,95409
1525,Bob Harris,Project Manager,50883
1526,David Taylor,System Administrator,91115
1527,Jane Anderson,Product Manager,65380
1528,Charlie Anderson,AI Researcher,70227
1529,David Walker,DevOps Engineer,96398
1530,Alice Anderson,UX Designer,57098
1531,Alice Smith,System Administrator,65902
1532,David Johnson,Project Manager,79242
1533,Emma Walker,Data Analyst,80714
1534,Alice Lewis,System Administrator,89835
1535,John Walker,UX Designer,76896
1536,Alice Anderson,Network Engineer,89851
1537,Bob Smith,AI Researcher,92455
1538,John Clark,Network Engineer,74109
1539,Olivia Harris,AI Researcher,81065
1540,Jane Lewis,Database Administrator,77732
1541,Michael Smith,UX Designer,82308
1542,Bob Taylor,Project Manager,88615
1543,Olivia Taylor,AI Researcher,98310
1544,John Johnson,Database Administrator,77863
1545,Sophia Walker,Database Administrator,62502
1546,Sophia Walker,Database Administrator,65418
1547,Charlie Anderson,Software Engineer,51367
1548,Alice Anderson,System Administrator,59834
1549,Bob Clark,Network Engineer,68237
1550,Olivia Anderson,AI Researcher,91985
1551,Sophia Anderson,DevOps Engineer,61319
1552,Bob Clark,Project Manager,88335
1553,Olivia Harris,AI Researcher,95878
1554,Emma Brown,Project Manager,75767
1555,Alice Harris,Network Engineer,80665
1556,Charlie Harris,Product Manager,99116
1557,Jane Johnson,Product Manager,87145
1558,John Walker,Product Manager,98081
1559,Bob Johnson,Product Manager,94711
1560,John Johnson,System Administrator,60039
1561,David Walker,Product Manager,61968
1562,David Harris,Network Engineer,81339
1563,Michael Anderson,Product Manager,89078
1564,Michael Harris,Database Administrator,63245
1565,Alice Walker,DevOps Engineer,94198
1566,David Clark,Project Manager,66704
1567,Bob Clark,Product Manager,73959
1568,Charlie Martinez,System Administrator,91835
1569,Sophia Lewis,DevOps Engineer,65959
1570,Jane Martinez,Project Manager,83788
1571,John Martinez,DevOps Engineer,92581
1572,Sophia Smith,Database Administrator,50728
1573,Charlie Clark,Project Manager,59428
1574,Olivia Taylor,Software Engineer,68210
1575,Bob Anderson,AI Researcher,63211
1576,Jane Anderson,Network Engineer,51048
1577,Jane Smith,System Administrator,70048
1578,Michael Walker,Network Engineer,81281
1579,Charlie Johnson,Project Manager,80467
1580,John Lewis,AI Researcher,84744
1581,Emma Martinez,DevOps Engineer,57510
1582,Jane Johnson,System Administrator,63787
1583,Bob Brown,Database Administrator,72288
1584,John Taylor,Product Manager,84044
1585,Olivia Smith,Product Manager,98181
1586,Bob Smith,System Administrator,84590
1587,David Anderson,System Administrator,54085
1588,Charlie Lewis,Data Analyst,67023
1589,Michael Brown,DevOps Engineer,69835
1590,Olivia Taylor,System Administrator,74662
1591,Jane Taylor,Software Engineer,93274
1592,Michael Anderson,AI Researcher,86504
1593,Emma Smith,Network Engineer,62043
1594,Emma Clark,UX Designer,85810
1595,Michael Martinez,UX Designer,94857
1596,Bob Lewis,Product Manager,79528
1597,Alice Brown,UX Designer,84314
1598,Michael Brown,System Administrator,61795
1599,Emma Harris,Software Engineer,96327
1600,John Brown,Data Analyst,79388
1601,Charlie Smith,Software Engineer,74079
1602,Bob Walker,Database Administrator,75614
1603,David Smith,Software Engineer,83078
1604,Michael Walker,AI Researcher,83375
1605,John Martinez,UX Designer,50489
1606,Michael Clark,Project Manager,94510
1607,John Harris,UX Designer,82971
1608,Sophia Clark,Software Engineer,70210
1609,Bob Johnson,System Administrator,81760
1610,Bob Anderson,Project Manager,93339
1611,Bob Walker,Data Analyst,97180
1612,Emma Lewis,Network Engineer,59752
1613,Alice Anderson,Project Manager,80066
1614,Jane Johnson,Product Manager,72600
1615,David Walker,UX Designer,98614
1616,David Martinez,Product Manager,53691
1617,Emma Brown,DevOps Engineer,81884
1618,Emma Smith,Project Manager,51210
1619,Olivia Smith,Product Manager,60295
1620,Charlie Martinez,Project Manager,85290
1621,Emma Brown,Database Administrator,77147
1622,Michael Anderson,UX Designer,94378
1623,Jane Clark,Database Administrator,52541
1624,Jane Johnson,System Administrator,79123
1625,Bob Clark,Software Engineer,98032
1626,Jane Martinez,Product Manager,66998
1627,Bob Walker,Data Analyst,73073
1628,Sophia Brown,DevOps Engineer,77320
1629,John Clark,Product Manager,63908
1630,Michael Harris,Software Engineer,96802
1631,Jane Martinez,Software Engineer,97145
1632,Charlie Anderson,UX Designer,88520
1633,Jane Smith,AI Researcher,90336
1634,Michael Johnson,Database Administrator,60305
1635,John Harris,Database Administrator,78695
1636,Olivia Brown,DevOps Engineer,77090
1637,Sophia Taylor,Database Administrator,61553
1638,Bob Anderson,System Administrator,56641
1639,Sophia Walker,Network Engineer,83220
1640,David Clark,Software Engineer,52874
1641,John Clark,Database Administrator,65624
1642,Alice Anderson,Network Engineer,51490
1643,John Walker,Project Manager,73453
1644,Olivia Brown,AI Researcher,56362
1645,Alice Johnson,AI Researcher,69021
1646,Emma Walker,Project Manager,61423
1647,Michael Clark,AI Researcher,50096
1648,Olivia Lewis,Network Engineer,75697
1649,Alice Taylor,AI Researcher,89668
1650,Emma Clark,Product Manager,59132
1651,Emma Martinez,Network Engineer,55318
1652,Jane Martinez,Project Manager,51472
1653,John Martinez,Software Engineer,53973
1654,Alice Harris,Database Administrator,65812
1655,Jane Anderson,System Administrator,75544
1656,Michael Martinez,Data Analyst,53973
1657,Jane Clark,Database Administrator,80008
1658,Charlie Johnson,UX Designer,61712
1659,David Johnson,System Administrator,97171
1660,Bob Martinez,System Administrator,59174
1661,Sophia Anderson,Product Manager,56634
1662,Charlie Taylor,Project Manager,67778
1663,Emma Martinez,Software Engineer,51209
1664,Jane Smith,Data Analyst,81990
1665,Alice Johnson,Project Manager,76480
1666,David Smith,Data Analyst,83451
1667,Charlie Smith,Network Engineer,88227
1668,Bob Lewis,UX Designer,87841
1669,John Martinez,Product Manager,87305
1670,David Smith,System Administrator,64393
1671,Olivia Smith,Data Analyst,52727
1672,Emma Clark,Project Manager,96289
1673,Jane Johnson,Product Manager,64417
1674,Emma Brown,Data Analyst,94357
1675,Sophia Johnson,AI Researcher,62924
1676,Sophia Johnson,System Administrator,70448
1677,Jane Johnson,Product Manager,58830
1678,Alice Lewis,Project Manager,64616
1679,Jane Taylor,System Administrator,78363
1680,Olivia Anderson,Network Engineer,70480
1681,David Anderson,AI Researcher,65067
1682,Charlie Anderson,Product Manager,99531
1683,Olivia Walker,Network Engineer,51508
1684,John Clark,System Administrator,51520
1685,Michael Clark,DevOps Engineer,68554
1686,Jane Johnson,AI Researcher,91009
1687,Michael Clark,Project Manager,89323
1688,John Harris,Network Engineer,62797
1689,Michael Lewis,Project Manager,61266
1690,Alice Martinez,Data Analyst,58985
1691,Charlie Harris,Product Manager,95966
1692,Michael Smith,Network Engineer,57960
1693,Jane Lewis,AI Researcher,50108
1694,Sophia Smith,Software Engineer,88439
1695,Alice Martinez,Network Engineer,93011
1696,Bob Walker,Database Administrator,57700
1697,Michael Taylor,Network Engineer,51940
1698,Emma Smith,AI Researcher,83914
1699,John Brown,Data Analyst,69069
1700,John Clark,UX Designer,62437
1701,Charlie Clark,Data Analyst,61899
1702,Olivia Anderson,Network Engineer,75212
1703,David Clark,AI Researcher,90745
1704,Olivia Brown,AI Researcher,85818
1705,Michael Lewis,Network Engineer,86059
1706,Bob Walker,Network Engineer,91380
1707,Olivia Brown,System Administrator,92469
1708,Bob Lewis,Data Analyst,71352
1709,Sophia Walker,Project Manager,73331
1710,Charlie Martinez,DevOps Engineer,66296
1711,Olivia Martinez,UX Designer,90506
1712,John Smith,Data Analyst,96053
1713,Alice Smith,System Administrator,84714
1714,Jane Brown,UX Designer,57553
1715,Sophia Taylor,UX Designer,83491
1716,David Clark,Data Analyst,96078
1717,Jane Johnson,AI Researcher,91221
1718,Jane Harris,Software Engineer,73868
1719,Olivia Smith,UX Designer,86476
1720,Jane Walker,System Administrator,75808
1721,Michael Walker,Software Engineer,98460
1722,John Lewis,System Administrator,92167
1723,Bob Johnson,Database Administrator,95183
1724,Olivia Anderson,UX Designer,82467
1725,Emma Johnson,Network Engineer,96749
1726,Michael Taylor,Database Administrator,85754
1727,Jane Lewis,Data Analyst,91984
1728,David Brown,DevOps Engineer,88494
1729,Charlie Clark,Network Engineer,50467
1730,Emma Brown,Project Manager,76624
1731,Jane Brown,Data Analyst,96668
1732,Jane Clark,System Administrator,87628
1733,Michael Brown,Database Administrator,84208
1734,Emma Martinez,Data Analyst,80502
1735,Charlie Johnson,UX Designer,76448
1736,Jane Martinez,Database Administrator,81244
1737,Charlie Taylor,Data Analyst,67249
1738,David Brown,Project Manager,82619
1739,David Martinez,Software Engineer,87449
1740,Bob Anderson,Product Manager,91680
1741,David Clark,Network Engineer,63787
1742,John Smith,System Administrator,77336
1743,Jane Anderson,Software Engineer,52236
1744,Emma Brown,Data Analyst,50610
1745,Alice Johnson,System Administrator,61489
1746,Michael Smith,DevOps Engineer,52112
1747,Bob Lewis,Network Engineer,59015
1748,Michael Smith,UX Designer,88175
1749,Bob Johnson,Product Manager,82446
1750,Sophia Martinez,DevOps Engineer,97143
1751,David Brown,DevOps Engineer,72501
1752,Emma Taylor,Database Administrator,74977
1753,Charlie Lewis,UX Designer,98951
1754,Sophia Taylor,Software Engineer,50825
1755,Bob Taylor,UX Designer,92705
1756,David Anderson,Database Administrator,88592
1757,Jane Clark,Database Administrator,79727
1758,Michael Clark,System Administrator,95547
1759,Jane Clark,System Administrator,62650
1760,John Anderson,Database Administrator,67749
1761,Olivia Clark,Product Manager,86086
1762,Olivia Lewis,Product Manager,73777
1763,John Martinez,Database Administrator,71161
1764,Michael Johnson,Product Manager,67098
1765,Bob Lewis,System Administrator,55867
1766,Jane Smith,Software Engineer,54717
1767,Olivia Clark,Product Manager,72098
1768,Jane Martinez,AI Researcher,56557
1769,Bob Anderson,Product Manager,76625
1770,Bob Lewis,DevOps Engineer,77847
1771,John Taylor,Data Analyst,91156
1772,Emma Walker,Database Administrator,91498
1773,Bob Taylor,Database Administrator,96940
1774,Jane Johnson,DevOps Engineer,71660
1775,Alice Brown,Data Analyst,57327
1776,Olivia Taylor,Network Engineer,55339
1777,John Martinez,Network Engineer,63970
1778,Alice Walker,Network Engineer,81486
1779,Sophia Walker,DevOps Engineer,62101
1780,Charlie Lewis,Data Analyst,94426
1781,David Clark,Data Analyst,86691
1782,Bob Harris,Product Manager,77340
1783,Emma Martinez,Project Manager,81748
1784,Olivia Taylor,UX Designer,77539
1785,Bob Smith,AI Researcher,96058
1786,David Johnson,Network Engineer,76338
1787,Jane Clark,Data Analyst,96623
1788,David Walker,DevOps Engineer,93542
1789,Bob Johnson,System Administrator,78915
1790,John Walker,DevOps Engineer,92991
1791,Bob Johnson,Product Manager,99173
1792,Bob Anderson,System Administrator,86380
1793,Bob Brown,Project Manager,94633
1794,John Taylor,DevOps Engineer,93230
1795,Charlie Lewis,DevOps Engineer,83335
1796,Charlie Johnson,Database Administrator,98470
1797,John Walker,DevOps Engineer,78624
1798,Olivia Clark,Database Administrator,91662
1799,John Lewis,Database Administrator,64572
1800,Charlie Smith,AI Researcher,54857
1801,Charlie Clark,AI Researcher,74899
1802,Emma Lewis,Product Manager,52149
1803,John Lewis,UX Designer,99364
1804,Alice Lewis,AI Researcher,76031
1805,John Harris,Software Engineer,80252
1806,David Martinez,Product Manager,66738
1807,David Smith,System Administrator,74962
1808,Alice Martinez,UX Designer,53505
1809,David Martinez,Project Manager,54472
1810,Michael Martinez,DevOps Engineer,81710
1811,John Harris,Product Manager,94581
1812,Sophia Smith,AI Researcher,96431
1813,Olivia Harris,Data Analyst,83251
1814,Emma Lewis,System Administrator,58009
1815,Bob Harris,AI Researcher,74764
1816,Bob Lewis,Software Engineer,85083
1817,Alice Anderson,Data Analyst,68502
1818,Bob Lewis,DevOps Engineer,98198
1819,Alice Harris,Project Manager,63277
1820,Emma Smith,AI Researcher,84235
1821,Olivia Clark,Software Engineer,81031
1822,Bob Anderson,AI Researcher,97506
1823,Jane Martinez,Database Administrator,66891
1824,Alice Johnson,Database Administrator,72629
1825,David Lewis,UX Designer,96215
1826,Michael Johnson,Product Manager,72697
1827,Michael Anderson,Network Engineer,96858
1828,Emma Martinez,DevOps Engineer,90992
1829,Michael Smith,Database Administrator,51683
1830,Bob Clark,UX Designer,62884
1831,Olivia Walker,Database Administrator,81320
1832,David Walker,Project Manager,78148
1833,Jane Walker,Product Manager,80813
1834,Sophia Brown,Data Analyst,63619
1835,Michael Johnson,Database Administrator,79771
1836,Alice Johnson,AI Researcher,76158
1837,Bob Martinez,Product Manager,90657
1838,Emma Clark,Data Analyst,56389
1839,Sophia Anderson,Product Manager,74982
1840,David Johnson,System Administrator,78155
1841,Michael Harris,Network Engineer,54999
1842,Bob Brown,System Administrator,84978
1843,Alice Smith,Database Administrator,60650
1844,Jane Taylor,Network Engineer,52666
1845,John Martinez,System Administrator,65001
1846,Emma Harris,Network Engineer,61148
1847,John Anderson,DevOps Engineer,67039
1848,Alice Clark,UX Designer,60553
1849,Olivia Clark,Product Manager,78455
1850,Olivia Smith,Product Manager,55196
1851,Olivia Johnson,Network Engineer,53911
1852,Sophia Anderson,Data Analyst,84987
1853,Sophia Martinez,Data Analyst,67682
1854,Alice Harris,AI Researcher,53254
1855,Alice Lewis,UX Designer,55481
1856,Alice Anderson,Software Engineer,56271
1857,Sophia Brown,Network Engineer,86746
1858,Emma Clark,System Administrator,87454
1859,Sophia Harris,Product Manager,79340
1860,Jane Smith,Data Analyst,64642
1861,Charlie Martinez,DevOps Engineer,59754
1862,John Smith,System Administrator,94679
1863,Olivia Martinez,Data Analyst,78408
1864,Sophia Harris,Software Engineer,92238
1865,Bob Lewis,Product Manager,99880
1866,Sophia Harris,UX Designer,80354
1867,Emma Brown,AI Researcher,69348
1868,Bob Clark,Software Engineer,53310
1869,Olivia Clark,Software Engineer,94002
1870,Bob Lewis,Network Engineer,94773
1871,Bob Walker,UX Designer,60128
1872,John Johnson,UX Designer,69811
1873,Charlie Martinez,AI Researcher,75990
1874,Michael Taylor,DevOps Engineer,74540
1875,Emma Clark,Network Engineer,95618
1876,Bob Brown,Product Manager,84785
1877,Charlie Johnson,Network Engineer,60148
1878,Michael Clark,System Administrator,58396
1879,John Smith,UX Designer,76352
1880,David Brown,AI Researcher,86643
1881,Charlie Clark,System Administrator,65385
1882,Charlie Lewis,Database Administrator,78235
1883,Olivia Lewis,System Administrator,63411
1884,Jane Smith,AI Researcher,65918
1885,Michael Anderson,Network Engineer,68521
1886,John Harris,UX Designer,52641
1887,John Clark,System Administrator,98394
1888,Olivia Harris,Software Engineer,89802
1889,Alice Lewis,DevOps Engineer,63201
1890,Charlie Johnson,System Administrator,71523
1891,Sophia Taylor,Software Engineer,75271
1892,Bob Martinez,Database Administrator,64324
1893,Sophia Martinez,Network Engineer,70398
1894,Michael Johnson,Project Manager,95077
1895,Michael Lewis,Network Engineer,56466
1896,Sophia Brown,Project Manager,57231
1897,Alice Smith,Database Administrator,81031
1898,Sophia Walker,Database Administrator,70252
1899,Bob Harris,Software Engineer,62385
1900,Alice Martinez,Project Manager,76469
1901,Bob Anderson,Data Analyst,88901
1902,Charlie Johnson,UX Designer,97784
1903,Emma Clark,Software Engineer,87797
1904,Michael Brown,UX Designer,53469
1905,Alice Martinez,DevOps Engineer,63665
1906,John Taylor,Network Engineer,65195
1907,Bob Smith,Product Manager,53944
1908,John Clark,AI Researcher,95312
1909,Charlie Martinez,Data Analyst,86569
1910,Sophia Brown,Database Administrator,66627
1911,Emma Harris,AI Researcher,79421
1912,Emma Harris,Data Analyst,70695
1913,Emma Clark,System Administrator,69001
1914,Olivia Harris,Project Manager,52212
1915,David Clark,Software Engineer,76957
1916,Michael Brown,Database Administrator,88542
1917,Alice Brown,Software Engineer,93483
1918,Alice Brown,DevOps Engineer,57508
1919,Alice Walker,Network Engineer,92302
1920,Michael Anderson,Project Manager,53339
1921,David Johnson,Network Engineer,93058
1922,Bob Harris,Database Administrator,72577
1923,Michael Harris,AI Researcher,81272
1924,David Walker,Software Engineer,90360
1925,John Smith,System Administrator,90675
1926,Sophia Walker,Data Analyst,93647
1927,Emma Smith,UX Designer,80137
1928,Olivia Lewis,DevOps Engineer,82430
1929,Olivia Lewis,Product Manager,63967
1930,David Taylor,DevOps Engineer,55913
1931,Olivia Lewis,Network Engineer,76441
1932,Sophia Lewis,AI Researcher,93356
1933,Alice Brown,DevOps Engineer,76177
1934,Sophia Clark,UX Designer,82859
1935,Bob Martinez,Product Manager,92979
1936,John Harris,DevOps Engineer,56294
1937,Jane Johnson,AI Researcher,56674
1938,Charlie Clark,Network Engineer,67491
1939,Emma Taylor,Software Engineer,65895
1940,Olivia Taylor,Network Engineer,63242
1941,Charlie Anderson,UX Designer,73565
1942,Michael Brown,Software Engineer,97055
1943,Sophia Lewis,Network Engineer,99947
1944,Michael Walker,Software Engineer,56593
1945,Charlie Clark,AI Researcher,82405
1946,Jane Brown,Software Engineer,80225
1947,Alice Martinez,System Administrator,76672
1948,Alice Anderson,Network Engineer,86268
1949,Michael Harris,AI Researcher,67337
1950,Alice Johnson,UX Designer,94730
1951,John Martinez,System Administrator,50251
1952,John Martinez,Product Manager,53719
1953,Sophia Taylor,AI Researcher,58148
1954,Olivia Harris,Database Administrator,97538
1955,Jane Harris,AI Researcher,62040
1956,David Clark,Software Engineer,75489
1957,Emma Walker,Network Engineer,86586
1958,Michael Martinez,System Administrator,74293
1959,Emma Harris,UX Designer,84717
1960,Jane Martinez,Data Analyst,75427
1961,Bob Johnson,Database Administrator,57902
1962,Michael Harris,System Administrator,73032
1963,Bob Clark,Software Engineer,81085
1964,Sophia Smith,Network Engineer,72540
1965,Michael Smith,Product Manager,96908
1966,Jane Harris,Project Manager,58763
1967,Jane Martinez,Project Manager,91411
1968,Sophia Lewis,Network Engineer,66018
1969,Emma Lewis,System Administrator,64840
1970,Jane Lewis,System Administrator,58920
1971,Bob Taylor,DevOps Engineer,94187
1972,Bob Smith,Database Administrator,55937
1973,Sophia Taylor,Product Manager,94107
1974,David Lewis,System Administrator,82218
1975,Sophia Martinez,AI Researcher,55961
1976,Bob Lewis,AI Researcher,98266
1977,David Smith,Software Engineer,80834
1978,Sophia Taylor,Data Analyst,82664
1979,David Lewis,Project Manager,61060
1980,John Walker,Network Engineer,78594
1981,Bob Brown,Product Manager,58437
1982,Emma Walker,Data Analyst,73913
1983,Olivia Brown,DevOps Engineer,93207
1984,Michael Anderson,Data Analyst,88697
1985,Michael Martinez,DevOps Engineer,86901
1986,Jane Harris,Network Engineer,65167
1987,Alice Harris,UX Designer,91897
1988,Charlie Brown,Project Manager,80470
1989,Charlie Johnson,Network Engineer,58331
1990,Emma Taylor,AI Researcher,68546
1991,Jane Lewis,AI Researcher,82811
1992,Charlie Harris,UX Designer,69107
1993,Sophia Lewis,System Administrator,66810
1994,Michael Martinez,Database Administrator,69492
1995,Bob Johnson,System Administrator,95249
1996,John Harris,Network Engineer,65327
1997,Emma Taylor,Network Engineer,79778
1998,Emma Smith,AI Researcher,58393
1999,David Harris,System Administrator,89719
2000,Charlie Anderson,Software Engineer,95138
2001,Sophia Taylor,DevOps Engineer,85110
2002,Emma Taylor,Project Manager,79515
2003,Jane Brown,Software Engineer,94132
2004,David Walker,DevOps Engineer,71222
2005,Bob Martinez,Data Analyst,99379
2006,Olivia Johnson,DevOps Engineer,52990
2007,Alice Martinez,Project Manager,88576
2008,John Lewis,Data Analyst,58775
2009,Emma Taylor,System Administrator,91110
2010,Emma Johnson,System Administrator,55608
2011,Olivia Harris,Project Manager,70266
2012,Olivia Clark,Software Engineer,88809
2013,John Clark,System Administrator,57456
2014,Bob Clark,Data Analyst,55093
2015,Sophia Clark,Data Analyst,75294
2016,John Brown,Network Engineer,90233
2017,Jane Taylor,DevOps Engineer,88891
2018,Olivia Walker,Product Manager,57470
2019,Sophia Clark,System Administrator,57932
2020,Bob Clark,Data Analyst,83869
2021,Bob Walker,Project Manager,69045
2022,Alice Brown,Network Engineer,79066
2023,John Anderson,Product Manager,83773
2024,David Harris,Database Administrator,89340
2025,David Harris,Database Administrator,99573
2026,Alice Walker,UX Designer,69570
2027,Michael Clark,Project Manager,53171
2028,Sophia Harris,Project Manager,82758
2029,Emma Smith,UX Designer,57020
2030,Bob Harris,Network Engineer,59971
2031,Emma Lewis,Data Analyst,82767
2032,Emma Clark,Database Administrator,74207
2033,Emma Johnson,System Administrator,61698
2034,Emma Anderson,Project Manager,68149
2035,Michael Walker,System Administrator,98188
2036,Michael Walker,Project Manager,58582
2037,Jane Harris,Network Engineer,75429
2038,Emma Taylor,Database Administrator,65570
2039,Olivia Harris,Network Engineer,96526
2040,Olivia Anderson,Data Analyst,78023
2041,Michael Johnson,Data Analyst,94786
2042,Emma Lewis,AI Researcher,85030
2043,Sophia Harris,Software Engineer,96211
2044,John Harris,Network Engineer,74484
2045,Jane Walker,System Administrator,89851
2046,John Taylor,DevOps Engineer,57127
2047,Olivia Walker,Database Administrator,53252
2048,Alice Brown,Software Engineer,66602
2049,Charlie Brown,Project Manager,52185
2050,Charlie Smith,DevOps Engineer,53686
2051,David Smith,Software Engineer,70157
2052,David Martinez,Product Manager,77664
2053,Charlie Martinez,Database Administrator,92149
2054,John Lewis,Network Engineer,88038
2055,Alice Taylor,System Administrator,50352
2056,Bob Martinez,UX Designer,91278
2057,John Brown,DevOps Engineer,85924
2058,David Johnson,UX Designer,54428
2059,Michael Clark,Data Analyst,64543
2060,Charlie Johnson,Data Analyst,50508
2061,Bob Smith,Project Manager,93167
2062,John Martinez,Software Engineer,54742
2063,Olivia Johnson,AI Researcher,88208
2064,Olivia Taylor,Software Engineer,62543
2065,Emma Walker,Software Engineer,89239
2066,Emma Walker,Product Manager,52329
2067,Olivia Walker,Network Engineer,76100
2068,David Taylor,AI Researcher,96159
2069,Jane Brown,Project Manager,94016
2070,Sophia Walker,UX Designer,50575
2071,Emma Johnson,Database Administrator,96317
2072,Bob Taylor,Project Manager,59039
2073,John Walker,UX Designer,91790
2074,Alice Walker,Data Analyst,58679
2075,Charlie Taylor,Data Analyst,57842
2076,Charlie Clark,AI Researcher,63770
2077,Michael Walker,Product Manager,51590
2078,Alice Harris,UX Designer,53299
2079,Jane Clark,Product Manager,89581
2080,Jane Martinez,Project Manager,82884
2081,Michael Smith,AI Researcher,72093
2082,Emma Walker,Network Engineer,90991
2083,Olivia Brown,DevOps Engineer,68143
2084,John Clark,DevOps Engineer,97736
2085,Emma Harris,Project Manager,58697
2086,Michael Harris,AI Researcher,65566
2087,John Brown,AI Researcher,73952
2088,Sophia Smith,DevOps Engineer,99154
2089,Michael Smith,Project Manager,73802
2090,Michael Harris,UX Designer,98412
2091,Olivia Harris,Data Analyst,80460
2092,Michael Clark,DevOps Engineer,67285
2093,Michael Harris,Project Manager,82394
2094,John Smith,Software Engineer,70474
2095,Jane Brown,Data Analyst,78722
2096,Sophia Johnson,Data Analyst,50814
2097,David Harris,AI Researcher,95024
2098,Jane Taylor,Product Manager,84496
2099,David Clark,Product Manager,69455
2100,Alice Clark,UX Designer,77047
2101,Emma Brown,Network Engineer,78550
2102,Sophia Taylor,Project Manager,58647
2103,Sophia Walker,Product Manager,78875
2104,Michael Brown,DevOps Engineer,98484
2105,Jane Anderson,Data Analyst,90780
2106,Charlie Lewis,Database Administrator,98895
2107,Sophia Brown,Software Engineer,70585
2108,Charlie Martinez,UX Designer,69601
2109,Emma Walker,System Administrator,77418
2110,Bob Smith,Database Administrator,79708
2111,Charlie Smith,Network Engineer,56880
2112,Bob Brown,Data Analyst,56559
2113,Alice Harris,Software Engineer,98506
2114,John Clark,UX Designer,98488
2115,Charlie Smith,Network Engineer,99775
2116,Olivia Brown,DevOps Engineer,56668
2117,Alice Lewis,System Administrator,95424
2118,David Martinez,DevOps Engineer,55973
2119,Alice Anderson,AI Researcher,66158
2120,Charlie Walker,Software Engineer,51878
2121,John Martinez,DevOps Engineer,67392
2122,John Taylor,Network Engineer,96044
2123,Michael Clark,Product Manager,90761
2124,Jane Taylor,AI Researcher,85317
2125,Michael Taylor,Product Manager,95870
2126,John Anderson,Data Analyst,74047
2127,Bob Clark,Network Engineer,75869
2128,Bob Walker,Project Manager,97339
2129,Bob Martinez,System Administrator,73557
2130,Michael Walker,Product Manager,59718
2131,Sophia Clark,Network Engineer,51823
2132,John Smith,Data Analyst,76997
2133,Alice Lewis,AI Researcher,60748
2134,Bob Lewis,DevOps Engineer,50239
2135,Olivia Johnson,Data Analyst,97590
2136,Olivia Clark,Data Analyst,60140
2137,Alice Lewis,Database Administrator,72781
2138,Bob Clark,DevOps Engineer,74487
2139,Bob Harris,Software Engineer,90185
2140,Charlie Clark,Database Administrator,82980
2141,Jane Harris,Software Engineer,85889
2142,Sophia Lewis,UX Designer,84367
2143,Michael Johnson,Project Manager,78207
2144,Emma Brown,System Administrator,97310
2145,Jane Clark,Network Engineer,92551
2146,John Harris,UX Designer,80010
2147,Jane Johnson,Network Engineer,55794
2148,Charlie Walker,Database Administrator,55645
2149,Bob Lewis,System Administrator,90690
2150,John Brown,UX Designer,67595
2151,Jane Harris,Project Manager,83999
2152,Sophia Taylor,Product Manager,70737
2153,Charlie Taylor,Software Engineer,55870
2154,John Clark,Network Engineer,61125
2155,Bob Johnson,AI Researcher,62081
2156,Michael Clark,Project Manager,74558
2157,Charlie Brown,Data Analyst,79099
2158,David Anderson,Data Analyst,94960
2159,Charlie Anderson,System Administrator,88136
2160,Jane Harris,Project Manager,55083
2161,David Clark,Project Manager,65300
2162,Alice Brown,System Administrator,83392
2163,Sophia Smith,Database Administrator,85406
2164,Sophia Brown,UX Designer,94199
2165,Charlie Anderson,Software Engineer,77979
2166,Jane Martinez,DevOps Engineer,81921
2167,Sophia Martinez,DevOps Engineer,74963
2168,Michael Taylor,DevOps Engineer,55416
2169,John Smith,Project Manager,85038
2170,Michael Taylor,Database Administrator,64947
2171,Jane Anderson,Data Analyst,85654
2172,Charlie Anderson,UX Designer,74387
2173,Sophia Walker,DevOps Engineer,73219
2174,Bob Harris,Software Engineer,50706
2175,Michael Walker,AI Researcher,90713
2176,David Harris,DevOps Engineer,52613
2177,Jane Lewis,AI Researcher,96033
2178,Bob Clark,System Administrator,72515
2179,Bob Brown,Data Analyst,61346
2180,Emma Martinez,Software Engineer,89348
2181,Charlie Johnson,Project Manager,54627
2182,Charlie Johnson,Product Manager,55583
2183,Olivia Taylor,System Administrator,77289
2184,Sophia Clark,Network Engineer,58482
2185,Bob Martinez,System Administrator,57262
2186,Alice Martinez,AI Researcher,72333
2187,John Anderson,Data Analyst,85200
2188,Sophia Brown,Product Manager,90386
2189,David Anderson,DevOps Engineer,71371
2190,Jane Taylor,Database Administrator,74419
2191,Jane Brown,System Administrator,71080
2192,David Harris,Data Analyst,76563
2193,John Martinez,Project Manager,72618
2194,John Walker,Software Engineer,57534
2195,John Harris,UX Designer,68380
2196,Charlie Anderson,AI Researcher,82095
2197,John Taylor,Project Manager,83404
2198,Charlie Martinez,Product Manager,92670
2199,Emma Smith,DevOps Engineer,59259
2200,Charlie Harris,DevOps Engineer,98242
2201,Emma Brown,DevOps Engineer,51159
2202,Alice Taylor,Data Analyst,90934
2203,John Clark,System Administrator,92420
2204,Jane Taylor,Software Engineer,87067
2205,Sophia Johnson,UX Designer,60636
2206,Alice Clark,Data Analyst,90861
2207,Emma Johnson,Software Engineer,58100
2208,David Clark,AI Researcher,75442
2209,Bob Clark,Database Administrator,75287
2210,Jane Smith,AI Researcher,67279
2211,Jane Brown,Database Administrator,69832
2212,Michael Lewis,Data Analyst,95047
2213,Alice Brown,System Administrator,53692
2214,John Lewis,Project Manager,55892
2215,Olivia Johnson,AI Researcher,85975
2216,Alice Anderson,UX Designer,54237
2217,Sophia Brown,Product Manager,59975
2218,Olivia Walker,Project Manager,81613
2219,Alice Johnson,Database Administrator,63080
2220,Jane Martinez,DevOps Engineer,81993
2221,Olivia Smith,Software Engineer,99611
2222,Bob Brown,AI Researcher,64439
2223,Bob Johnson,Product Manager,80480
2224,Charlie Anderson,Database Administrator,97830
2225,Sophia Johnson,Network Engineer,69923
2226,Olivia Clark,Project Manager,61283
2227,Emma Brown,Software Engineer,82251
2228,John Harris,Product Manager,51965
2229,Bob Anderson,UX Designer,89830
2230,Michael Clark,Software Engineer,93672
2231,John Anderson,Database Administrator,84646
2232,Olivia Walker,Network Engineer,76254
2233,Jane Johnson,UX Designer,64968
2234,John Brown,DevOps Engineer,78478
2235,Jane Brown,System Administrator,91073
2236,Emma Clark,Network Engineer,69833
2237,Michael Lewis,DevOps Engineer,63820
2238,Jane Walker,DevOps Engineer,97075
2239,David Brown,Network Engineer,80760
2240,Olivia Harris,Software Engineer,73357
2241,Olivia Taylor,UX Designer,72020
2242,David Harris,Software Engineer,61301
2243,Alice Johnson,Product Manager,91647
2244,Sophia Anderson,Software Engineer,98207
2245,Charlie Walker,AI Researcher,89406
2246,Jane Brown,Product Manager,95988
2247,Michael Harris,Software Engineer,59582
2248,Charlie Clark,Network Engineer,73290
2249,Jane Johnson,DevOps Engineer,57355
2250,Sophia Smith,Project Manager,81877
2251,Jane Smith,Database Administrator,86126
2252,Charlie Taylor,System Administrator,82183
2253,John Taylor,DevOps Engineer,97819
2254,Bob Lewis,Project Manager,82741
2255,Bob Brown,Software Engineer,63879
2256,Jane Smith,UX Designer,89879
2257,Jane Johnson,Software Engineer,78927
2258,Emma Walker,Project Manager,83694
2259,John Brown,UX Designer,98497
2260,Michael Clark,Product Manager,77828
2261,Jane Brown,DevOps Engineer,70553
2262,Charlie Lewis,Data Analyst,73216
2263,Alice Smith,Database Administrator,96443
2264,David Clark,Database Administrator,74313
2265,Alice Harris,Product Manager,82044
2266,Sophia Lewis,Data Analyst,98775
2267,Charlie Johnson,AI Researcher,95414
2268,John Taylor,Software Engineer,66860
2269,Bob Taylor,System Administrator,58855
2270,David Johnson,System Administrator,53592
2271,Bob Clark,Product Manager,65224
2272,Olivia Smith,UX Designer,63407
2273,Alice Brown,Data Analyst,59960
2274,Olivia Taylor,DevOps Engineer,59891
2275,Alice Johnson,UX Designer,72935
2276,Sophia Lewis,Network Engineer,92976
2277,Bob Johnson,System Administrator,67802
2278,Michael Clark,AI Researcher,88133
2279,Bob Clark,Project Manager,91764
2280,Charlie Johnson,Network Engineer,84087
2281,John Clark,UX Designer,57830
2282,David Harris,Network Engineer,74702
2283,Charlie Harris,Software Engineer,83019
2284,Jane Harris,Network Engineer,58776
2285,David Lewis,System Administrator,76522
2286,Emma Smith,Software Engineer,89747
2287,Emma Johnson,Software Engineer,95136
2288,Jane Walker,Product Manager,57737
2289,David Harris,System Administrator,65987
2290,Charlie Lewis,UX Designer,67033
2291,Sophia Walker,Database Administrator,79411
2292,David Clark,DevOps Engineer,73438
2293,Sophia Brown,System Administrator,84611
2294,Charlie Walker,AI Researcher,77193
2295,Charlie Walker,System Administrator,70570
2296,Jane Taylor,Software Engineer,54980
2297,Emma Lewis,Software Engineer,54275
2298,David Harris,Software Engineer,95183
2299,David Harris,Data Analyst,90493
2300,Emma Lewis,System Administrator,76082
2301,John Harris,Database Administrator,88875
2302,Jane Taylor,Data Analyst,82261
2303,Sophia Martinez,UX Designer,95911
2304,Michael Anderson,System Administrator,61926
2305,David Johnson,System Administrator,92202
2306,Emma Smith,Product Manager,81574
2307,Sophia Martinez,DevOps Engineer,52228
2308,Bob Anderson,AI Researcher,56385
2309,John Smith,Product Manager,83977
2310,Michael Martinez,Project Manager,52891
2311,Jane Lewis,DevOps Engineer,89746
2312,Jane Anderson,System Administrator,53836
2313,Bob Martinez,Software Engineer,69457
2314,Charlie Brown,System Administrator,97328
2315,David Harris,Project Manager,95971
2316,Olivia Taylor,Product Manager,89296
2317,Michael Brown,Software Engineer,85223
2318,Michael Martinez,Network Engineer,50473
2319,Sophia Walker,Product Manager,84564
2320,Bob Taylor,System Administrator,80268
2321,Alice Martinez,UX Designer,52249
2322,Charlie Martinez,Project Manager,58180
2323,Emma Walker,Database Administrator,90556
2324,Charlie Martinez,Product Manager,82080
2325,Olivia Walker,System Administrator,74120
2326,Michael Clark,DevOps Engineer,54688
2327,Olivia Lewis,Database Administrator,98096
2328,Bob Harris,DevOps Engineer,54131
2329,Sophia Johnson,Product Manager,58599
2330,Bob Lewis,Network Engineer,60219
2331,Olivia Harris,Project Manager,57869
2332,Jane Martinez,Project Manager,72690
2333,Bob Anderson,Project Manager,96306
2334,Emma Smith,UX Designer,69522
2335,Bob Taylor,DevOps Engineer,98773
2336,Alice Taylor,UX Designer,70828
2337,David Lewis,Product Manager,98555
2338,John Clark,DevOps Engineer,75782
2339,Alice Harris,UX Designer,76405
2340,Jane Harris,AI Researcher,56753
2341,Emma Taylor,Data Analyst,69436
2342,John Johnson,Network Engineer,99623
2343,David Martinez,UX Designer,53071
2344,Michael Walker,Network Engineer,79000
2345,Michael Martinez,Data Analyst,50768
2346,David Taylor,Network Engineer,58951
2347,Bob Clark,Product Manager,68769
2348,Bob Smith,Software Engineer,62372
2349,Jane Anderson,Product Manager,66737
2350,Alice Smith,DevOps Engineer,76638
2351,David Anderson,DevOps Engineer,63488
2352,Emma Clark,Product Manager,55760
2353,Bob Clark,System Administrator,57498
2354,Bob Clark,Product Manager,51919
2355,Bob Taylor,Product Manager,73704
2356,Charlie Anderson,AI Researcher,90771
2357,John Anderson,Data Analyst,74432
2358,David Harris,System Administrator,84986
2359,John Taylor,Product Manager,95380
2360,Jane Clark,DevOps Engineer,89339
2361,Sophia Johnson,UX Designer,75755
2362,Sophia Martinez,Project Manager,53260
2363,Sophia Anderson,System Administrator,54350
2364,Alice Walker,Database Administrator,52427
2365,David Johnson,Data Analyst,72521
2366,Bob Martinez,Project Manager,56212
2367,Emma Anderson,Database Administrator,94440
2368,Alice Harris,Software Engineer,86002
2369,Michael Lewis,Data Analyst,92190
2370,John Clark,AI Researcher,81252
2371,Bob Clark,Data Analyst,60821
2372,John Walker,AI Researcher,84167
2373,Emma Clark,Product Manager,83636
2374,Sophia Clark,Project Manager,90681
2375,Olivia Johnson,Project Manager,76756
2376,John Harris,Database Administrator,71589
2377,Alice Martinez,Database Administrator,63922
2378,Olivia Smith,Database Administrator,71223
2379,Michael Walker,Data Analyst,84826
2380,Olivia Harris,Data Analyst,98939
2381,Olivia Walker,Project Manager,88252
2382,Alice Lewis,Data Analyst,97846
2383,Sophia Walker,AI Researcher,53687
2384,Emma Taylor,Product Manager,88232
2385,Olivia Taylor,Project Manager,91702
2386,Emma Johnson,Software Engineer,83044
2387,Bob Lewis,System Administrator,59289
2388,John Walker,Product Manager,60750
2389,Charlie Smith,Software Engineer,98676
2390,Sophia Anderson,Software Engineer,76657
2391,John Anderson,Network Engineer,51423
2392,Charlie Brown,Data Analyst,86882
2393,David Martinez,Product Manager,93430
2394,Emma Brown,Database Administrator,58932
2395,Charlie Walker,Data Analyst,81436
2396,Michael Clark,AI Researcher,73688
2397,Michael Smith,Project Manager,52881
2398,David Walker,Network Engineer,92458
2399,Alice Taylor,AI Researcher,67673
2400,Olivia Smith,UX Designer,74316
2401,Olivia Taylor,System Administrator,89087
2402,Michael Harris,AI Researcher,93727
2403,Alice Harris,Software Engineer,64574
2404,Bob Anderson,Project Manager,83292
2405,Sophia Clark,Product Manager,76438
2406,Sophia Walker,Data Analyst,71908
2407,Bob Johnson,Project Manager,74224
2408,John Smith,System Administrator,64068
2409,Olivia Harris,Network Engineer,56941
2410,Sophia Brown,AI Researcher,53146
2411,Jane Martinez,Software Engineer,83121
2412,Alice Johnson,Project Manager,88525
2413,Bob Anderson,Database Administrator,92167
2414,Olivia Smith,DevOps Engineer,88591
2415,Emma Anderson,Project Manager,96138
2416,Sophia Harris,UX Designer,67922
2417,Jane Lewis,System Administrator,58162
2418,Charlie Lewis,System Administrator,78940
2419,John Johnson,Database Administrator,57950
2420,Charlie Harris,Product Manager,54482
2421,Emma Harris,System Administrator,66503
2422,Emma Harris,Software Engineer,85262
2423,Bob Harris,Network Engineer,53116
2424,Emma Lewis,DevOps Engineer,71529
2425,Emma Walker,DevOps Engineer,69899
2426,David Smith,Project Manager,82715
2427,Charlie Taylor,Database Administrator,79173
2428,Michael Johnson,Project Manager,69412
2429,Charlie Taylor,Network Engineer,69887
2430,Jane Brown,UX Designer,77472
2431,Alice Johnson,Product Manager,55405
2432,John Brown,AI Researcher,69208
2433,Charlie Lewis,AI Researcher,83280
2434,Bob Taylor,UX Designer,92944
2435,Michael Taylor,AI Researcher,50633
2436,David Harris,Database Administrator,83866
2437,Michael Taylor,Data Analyst,79649
2438,Emma Brown,Software Engineer,68233
2439,Emma Brown,Network Engineer,99063
2440,David Smith,Software Engineer,61945
2441,John Smith,UX Designer,98272
2442,Sophia Smith,DevOps Engineer,89475
2443,Charlie Johnson,UX Designer,86953
2444,Michael Walker,Product Manager,97655
2445,John Martinez,Software Engineer,52740
2446,Michael Johnson,DevOps Engineer,82458
2447,David Anderson,Product Manager,94864
2448,Alice Anderson,Project Manager,66890
2449,Sophia Johnson,Project Manager,95059
2450,Michael Taylor,Network Engineer,92400
2451,Jane Lewis,Data Analyst,54382
2452,Charlie Lewis,UX Designer,90551
2453,Emma Taylor,UX Designer,92140
2454,Bob Anderson,AI Researcher,68249
2455,Charlie Clark,Product Manager,95380
2456,Michael Johnson,Product Manager,99353
2457,Olivia Walker,Product Manager,96484
2458,Bob Taylor,Network Engineer,90732
2459,Olivia Anderson,Software Engineer,86296
2460,David Walker,AI Researcher,79885
2461,Emma Johnson,Database Administrator,81917
2462,John Martinez,Network Engineer,64454
2463,David Clark,Data Analyst,71990
2464,David Martinez,Software Engineer,82583
2465,John Taylor,Project Manager,97705
2466,Jane Clark,Database Administrator,88241
2467,Charlie Taylor,Software Engineer,70399
2468,Charlie Lewis,Data Analyst,68392
2469,John Anderson,DevOps Engineer,50874
2470,Bob Lewis,Product Manager,73467
2471,Emma Brown,System Administrator,58667
2472,Michael Clark,AI Researcher,67271
2473,Sophia Johnson,Product Manager,64817
2474,Michael Clark,AI Researcher,89105
2475,Emma Brown,UX Designer,82681
2476,Alice Walker,Project Manager,65446
2477,Jane Brown,Project Manager,95539
2478,John Lewis,AI Researcher,65409
2479,Jane Walker,AI Researcher,67784
2480,Bob Anderson,DevOps Engineer,66013
2481,Olivia Johnson,DevOps Engineer,69295
2482,Olivia Martinez,Software Engineer,63505
2483,Bob Harris,Network Engineer,89577
2484,Jane Taylor,DevOps Engineer,55553
2485,Jane Taylor,Project Manager,91030
2486,John Smith,DevOps Engineer,74744
2487,Jane Taylor,AI Researcher,87817
2488,John Smith,Software Engineer,78908
2489,John Lewis,Database Administrator,66988
2490,Jane Smith,Data Analyst,96053
2491,John Walker,System Administrator,56178
2492,John Lewis,Software Engineer,55331
2493,Bob Clark,Software Engineer,61284
2494,Sophia Lewis,Software Engineer,50381
2495,John Anderson,System Administrator,69349
2496,Olivia Smith,Network Engineer,87614
2497,Olivia Clark,UX Designer,87346
2498,David Johnson,DevOps Engineer,99049
2499,Sophia Walker,DevOps Engineer,83145
2500,Bob Martinez,AI Researcher,86340
2501,Alice Brown,Product Manager,74360
2502,Charlie Martinez,System Administrator,55203
2503,Jane Johnson,Software Engineer,76686
2504,Michael Anderson,Project Manager,87036
2505,Jane Anderson,DevOps Engineer,89296
2506,Michael Harris,Database Administrator,80676
2507,Michael Walker,Software Engineer,54275
2508,Charlie Martinez,Database Administrator,52707
2509,Sophia Smith,Product Manager,50582
2510,Jane Harris,DevOps Engineer,58587
2511,Jane Anderson,Product Manager,90563
2512,Alice Walker,Software Engineer,54082
2513,Charlie Martinez,Database Administrator,68047
2514,Charlie Martinez,Project Manager,52432
2515,Sophia Johnson,AI Researcher,82574
2516,Bob Smith,Database Administrator,77606
2517,Bob Harris,Database Administrator,77183
2518,Charlie Johnson,Product Manager,72556
2519,Olivia Walker,Data Analyst,61358
2520,Sophia Lewis,AI Researcher,88943
2521,Bob Martinez,Project Manager,65752
2522,Michael Martinez,Network Engineer,94988
2523,John Martinez,Database Administrator,76275
2524,John Lewis,Network Engineer,79414
2525,Emma Anderson,System Administrator,60179
2526,John Harris,Network Engineer,53013
2527,David Clark,UX Designer,62218
2528,Michael Lewis,Product Manager,89933
2529,David Smith,AI Researcher,80784
2530,Olivia Martinez,Network Engineer,91186
2531,Emma Anderson,UX Designer,81265
2532,John Anderson,DevOps Engineer,97441
2533,David Lewis,DevOps Engineer,76938
2534,David Anderson,UX Designer,81813
2535,Emma Harris,UX Designer,62469
2536,John Smith,Network Engineer,91566
2537,Charlie Anderson,Network Engineer,88982
2538,Emma Martinez,Database Administrator,61667
2539,Olivia Walker,Data Analyst,52764
2540,Sophia Walker,Software Engineer,68931
2541,John Lewis,Database Administrator,84591
2542,Michael Brown,UX Designer,76714
2543,John Johnson,Data Analyst,69546
2544,Michael Brown,DevOps Engineer,54798
2545,Michael Anderson,Network Engineer,61213
2546,John Lewis,UX Designer,82744
2547,Bob Anderson,UX Designer,62707
2548,Charlie Lewis,System Administrator,75429
2549,Bob Johnson,Product Manager,51220
2550,Sophia Anderson,Product Manager,75165
2551,Jane Lewis,Database Administrator,65611
2552,Sophia Brown,DevOps Engineer,83289
2553,Sophia Walker,AI Researcher,74298
2554,Emma Martinez,Data Analyst,97585
2555,Alice Clark,Product Manager,84072
2556,Alice Walker,AI Researcher,99730
2557,Bob Brown,System Administrator,80114
2558,Jane Walker,System Administrator,97181
2559,Sophia Walker,Product Manager,56896
2560,Jane Harris,DevOps Engineer,73233
2561,David Walker,AI Researcher,74042
2562,Michael Smith,Project Manager,85259
2563,John Walker,DevOps Engineer,81820
2564,Charlie Smith,Database Administrator,82384
2565,Michael Taylor,System Administrator,84683
2566,Olivia Brown,UX Designer,84339
2567,Emma Martinez,Software Engineer,89816
2568,David Clark,Database Administrator,50822
2569,Jane Anderson,AI Researcher,81653
2570,Olivia Brown,Software Engineer,84696
2571,Bob Lewis,UX Designer,52881
2572,Sophia Anderson,DevOps Engineer,99293
2573,Jane Martinez,Product Manager,85532
2574,David Clark,Data Analyst,86482
2575,John Johnson,Data Analyst,94917
2576,Emma Walker,Network Engineer,63069
2577,Olivia Martinez,UX Designer,83655
2578,Charlie Martinez,Project Manager,52089
2579,John Taylor,UX Designer,94853
2580,David Smith,AI Researcher,66754
2581,Olivia Harris,DevOps Engineer,88424
2582,Michael Brown,Product Manager,90827
2583,John Martinez,Data Analyst,79003
2584,Olivia Walker,Project Manager,80658
2585,Bob Lewis,Software Engineer,59370
2586,Alice Walker,AI Researcher,82525
2587,Bob Smith,DevOps Engineer,73736
2588,Bob Smith,Software Engineer,92008
2589,Bob Harris,Product Manager,97175
2590,David Lewis,DevOps Engineer,63886
2591,John Clark,AI Researcher,79987
2592,Jane Clark,Software Engineer,76263
2593,Olivia Brown,Product Manager,81433
2594,Charlie Brown,UX Designer,70860
2595,John Clark,AI Researcher,70384
2596,Alice Anderson,Project Manager,86114
2597,Alice Harris,Software Engineer,83045
2598,Sophia Lewis,System Administrator,89297
2599,Michael Smith,DevOps Engineer,72218
2600,John Smith,Software Engineer,74195
2601,David Walker,Data Analyst,64339
2602,Alice Anderson,UX Designer,56609
2603,Sophia Martinez,Data Analyst,81808
2604,Olivia Lewis,Software Engineer,94446
2605,Michael Martinez,Product Manager,50669
2606,Jane Harris,Product Manager,55652
2607,Bob Harris,AI Researcher,88041
2608,Sophia Johnson,AI Researcher,94109
2609,Emma Martinez,AI Researcher,51144
2610,David Clark,Network Engineer,66199
2611,Charlie Taylor,Software Engineer,67472
2612,Bob Brown,Software Engineer,54615
2613,Michael Walker,Software Engineer,63980
2614,John Smith,AI Researcher,77466
2615,Alice Lewis,Software Engineer,52630
2616,Sophia Smith,DevOps Engineer,91642
2617,Charlie Walker,Project Manager,88895
2618,Michael Anderson,System Administrator,64824
2619,Michael Clark,Network Engineer,56252
2620,John Brown,Product Manager,90603
2621,John Smith,Database Administrator,72162
2622,Olivia Johnson,Network Engineer,67303
2623,Bob Anderson,AI Researcher,81554
2624,David Anderson,Data Analyst,91925
2625,David Brown,Database Administrator,60804
2626,Alice Harris,Product Manager,59157
2627,Jane Clark,UX Designer,89096
2628,David Walker,AI Researcher,82029
2629,Michael Martinez,UX Designer,51407
2630,Michael Anderson,System Administrator,99168
2631,Olivia Anderson,Product Manager,50913
2632,Alice Martinez,AI Researcher,74700
2633,David Brown,AI Researcher,88570
2634,Charlie Taylor,DevOps Engineer,84086
2635,Bob Smith,UX Designer,75825
2636,Sophia Smith,System Administrator,84724
2637,Michael Brown,Product Manager,74607
2638,Emma Brown,System Administrator,95160
2639,Alice Johnson,Product Manager,61613
2640,Michael Anderson,System Administrator,51128
2641,Michael Taylor,Software Engineer,76317
2642,Emma Walker,Product Manager,71686
2643,Charlie Smith,System Administrator,99263
2644,Olivia Johnson,DevOps Engineer,63648
2645,Michael Martinez,System Administrator,53829
2646,Charlie Johnson,UX Designer,82472
2647,Jane Brown,Project Manager,70404
2648,Charlie Clark,Database Administrator,73608
2649,Bob Smith,Network Engineer,51415
2650,Jane Anderson,Network Engineer,94924
2651,Emma Taylor,Software Engineer,93984
2652,Emma Anderson,DevOps Engineer,84100
2653,David Johnson,Product Manager,66544
2654,Alice Taylor,DevOps Engineer,50369
2655,John Martinez,System Administrator,67359
2656,Bob Harris,Project Manager,94269
2657,John Walker,UX Designer,51589
2658,John Brown,AI Researcher,65703
2659,Olivia Anderson,Project Manager,56097
2660,Olivia Harris,Data Analyst,89677
2661,Bob Johnson,UX Designer,51132
2662,Sophia Johnson,DevOps Engineer,97300
2663,Charlie Harris,UX Designer,73625
2664,Charlie Johnson,System Administrator,58778
2665,Bob Taylor,Data Analyst,92613
2666,Alice Johnson,System Administrator,82031
2667,Michael Smith,Data Analyst,96260
2668,Emma Brown,System Administrator,88534
2669,Alice Taylor,Data Analyst,96638
2670,Alice Brown,Product Manager,74495
2671,Michael Lewis,Network Engineer,76302
2672,Emma Martinez,Software Engineer,80242
2673,Michael Smith,Database Administrator,56715
2674,Charlie Smith,UX Designer,95834
2675,Sophia Walker,Data Analyst,99301
2676,Michael Walker,Software Engineer,51984
2677,Michael Walker,Project Manager,69213
2678,Alice Clark,Database Administrator,78999
2679,Emma Johnson,Network Engineer,55698
2680,Michael Johnson,Product Manager,73995
2681,David Smith,UX Designer,53443
2682,Charlie Anderson,Project Manager,85691
2683,John Walker,Network Engineer,51506
2684,Alice Clark,Software Engineer,55098
2685,Bob Johnson,Product Manager,58400
2686,Charlie Lewis,Data Analyst,55985
2687,Michael Johnson,UX Designer,64815
2688,Olivia Brown,Product Manager,65490
2689,Michael Smith,Product Manager,53548
2690,Sophia Clark,Data Analyst,50219
2691,John Clark,Software Engineer,81489
2692,Sophia Smith,DevOps Engineer,64547
2693,Emma Harris,DevOps Engineer,76400
2694,David Taylor,Database Administrator,87703
2695,Jane Walker,DevOps Engineer,51213
2696,Sophia Martinez,Software Engineer,62593
2697,Michael Smith,Project Manager,91838
2698,Michael Walker,AI Researcher,81974
2699,Emma Clark,Product Manager,71025
2700,Emma Clark,Project Manager,92849
2701,Jane Martinez,Network Engineer,88788
2702,Alice Johnson,Product Manager,60315
2703,John Lewis,Product Manager,97400
2704,David Smith,Data Analyst,50957
2705,Jane Clark,System Administrator,84933
2706,John Taylor,Product Manager,73603
2707,Michael Johnson,Data Analyst,70195
2708,Jane Martinez,Project Manager,53351
2709,Emma Anderson,Product Manager,85419
2710,Olivia Anderson,Network Engineer,92961
2711,Sophia Anderson,Software Engineer,68695
2712,Michael Lewis,DevOps Engineer,50312
2713,Sophia Brown,UX Designer,76107
2714,Alice Smith,Data Analyst,58015
2715,Olivia Walker,AI Researcher,80163
2716,Sophia Anderson,Database Administrator,85124
2717,Bob Martinez,System Administrator,83968
2718,Olivia Walker,Network Engineer,81909
2719,Sophia Martinez,AI Researcher,88930
2720,Emma Walker,Network Engineer,72934
2721,John Taylor,Software Engineer,52021
2722,Bob Walker,Project Manager,75000
2723,Olivia Johnson,Software Engineer,55369
2724,Bob Walker,Software Engineer,62280
2725,John Martinez,Data Analyst,57364
2726,Sophia Taylor,AI Researcher,72044
2727,Charlie Harris,DevOps Engineer,55020
2728,Michael Brown,Database Administrator,51123
2729,Michael Anderson,UX Designer,64443
2730,Charlie Harris,Product Manager,68364
2731,Alice Taylor,DevOps Engineer,97781
2732,Michael Brown,AI Researcher,86014
2733,Michael Martinez,Product Manager,81067
2734,Emma Smith,Network Engineer,72531
2735,Olivia Taylor,Product Manager,92168
2736,Sophia Anderson,Database Administrator,61072
2737,Charlie Taylor,AI Researcher,92464
2738,Olivia Martinez,Project Manager,74624
2739,Jane Martinez,DevOps Engineer,99628
2740,Jane Martinez,Database Administrator,57569
2741,David Johnson,UX Designer,79826
2742,David Johnson,System Administrator,83527
2743,Charlie Brown,Project Manager,53733
2744,Charlie Walker,Product Manager,85534
2745,Alice Taylor,Network Engineer,72495
2746,Olivia Clark,Product Manager,80607
2747,Emma Taylor,Software Engineer,96809
2748,Michael Lewis,UX Designer,72313
2749,Bob Johnson,Product Manager,90790
2750,Charlie Anderson,Software Engineer,57757
2751,Alice Smith,Software Engineer,71055
2752,Charlie Lewis,System Administrator,58878
2753,Michael Taylor,Project Manager,87370
2754,Sophia Martinez,System Administrator,50508
2755,Alice Johnson,Network Engineer,73091
2756,Charlie Martinez,Software Engineer,59848
2757,Emma Taylor,UX Designer,98197
2758,Alice Smith,System Administrator,85945
2759,Michael Lewis,Network Engineer,54918
2760,Michael Walker,DevOps Engineer,73063
2761,Alice Martinez,System Administrator,91819
2762,Bob Martinez,Network Engineer,55568
2763,Emma Johnson,UX Designer,63365
2764,Bob Smith,Database Administrator,78935
2765,Emma Smith,Project Manager,71613
2766,John Martinez,AI Researcher,54313
2767,Michael Anderson,Database Administrator,58582
2768,Bob Martinez,Data Analyst,57874
2769,Michael Taylor,Data Analyst,69150
2770,Charlie Lewis,DevOps Engineer,52290
2771,David Clark,UX Designer,76300
2772,Olivia Clark,Product Manager,68943
2773,Michael Martinez,Software Engineer,88556
2774,David Lewis,Software Engineer,75922
2775,Charlie Lewis,Data Analyst,86657
2776,Olivia Taylor,System Administrator,89496
2777,David Clark,System Administrator,55706
2778,Sophia Anderson,Database Administrator,87688
2779,John Smith,DevOps Engineer,90457
2780,Charlie Smith,Database Administrator,61915
2781,David Lewis,UX Designer,69960
2782,Michael Smith,Software Engineer,84798
2783,David Clark,DevOps Engineer,87630
2784,Sophia Anderson,System Administrator,54742
2785,David Anderson,Database Administrator,70928
2786,Jane Martinez,DevOps Engineer,53072
2787,David Anderson,Network Engineer,67496
2788,Bob Taylor,AI Researcher,79065
2789,Bob Walker,UX Designer,68630
2790,Jane Clark,Project Manager,88782
2791,Olivia Clark,Database Administrator,85257
2792,Michael Martinez,Network Engineer,72715
2793,Alice Martinez,Network Engineer,50085
2794,David Clark,Software Engineer,77667
2795,Bob Clark,Software Engineer,72551
2796,Alice Walker,Database Administrator,91380
2797,Bob Walker,System Administrator,83341
2798,Sophia Smith,UX Designer,65377
2799,Michael Clark,Project Manager,91285
2800,Bob Smith,UX Designer,61637
2801,Emma Anderson,DevOps Engineer,51228
2802,Charlie Smith,AI Researcher,98664
2803,Michael Brown,Data Analyst,96586
2804,David Smith,Network Engineer,70467
2805,Emma Martinez,AI Researcher,63119
2806,Alice Clark,Project Manager,82622
2807,Charlie Lewis,Database Administrator,94256
2808,Sophia Johnson,Software Engineer,97998
2809,Sophia Lewis,System Administrator,86896
2810,Sophia Lewis,Network Engineer,83897
2811,John Anderson,DevOps Engineer,82426
2812,David Walker,UX Designer,79093
2813,John Martinez,UX Designer,87175
2814,Michael Lewis,System Administrator,72249
2815,Jane Taylor,Database Administrator,94733
2816,John Anderson,Database Administrator,52278
2817,Emma Martinez,Network Engineer,54445
2818,John Lewis,Project Manager,83283
2819,David Taylor,UX Designer,71374
2820,David Walker,Project Manager,67077
2821,John Walker,Project Manager,66410
2822,Jane Anderson,Database Administrator,77878
2823,Bob Walker,Product Manager,55004
2824,Sophia Smith,UX Designer,91396
2825,Bob Walker,Database Administrator,76043
2826,Charlie Johnson,Data Analyst,93354
2827,Charlie Johnson,System Administrator,73291
2828,Olivia Smith,System Administrator,88276
2829,David Johnson,Product Manager,61286
2830,David Harris,Data Analyst,86891
2831,Alice Walker,Product Manager,91725
2832,Bob Walker,Software Engineer,64716
2833,Emma Martinez,Project Manager,96577
2834,Emma Harris,Network Engineer,74961
2835,Olivia Smith,Data Analyst,93274
2836,Sophia Smith,System Administrator,95014
2837,Sophia Anderson,UX Designer,71258
2838,Olivia Clark,Data Analyst,89648
2839,David Lewis,DevOps Engineer,88818
2840,Sophia Lewis,DevOps Engineer,62591
2841,David Clark,System Administrator,50521
2842,Jane Walker,Network Engineer,93381
2843,Sophia Taylor,System Administrator,79488
2844,Olivia Brown,DevOps Engineer,90811
2845,John Taylor,Product Manager,87073
2846,Olivia Clark,Project Manager,64275
2847,Michael Johnson,Network Engineer,78922
2848,Alice Clark,AI Researcher,77070
2849,Alice Brown,AI Researcher,55338
2850,Alice Anderson,System Administrator,83688
2851,Sophia Taylor,UX Designer,99699
2852,Alice Walker,DevOps Engineer,82662
2853,Michael Anderson,UX Designer,77441
2854,Alice Smith,UX Designer,59702
2855,David Martinez,Software Engineer,63705
2856,Emma Clark,Product Manager,70023
2857,Olivia Anderson,Project Manager,95918
2858,David Johnson,Software Engineer,85029
2859,John Brown,Project Manager,85462
2860,Jane Taylor,UX Designer,78804
2861,Olivia Clark,Network Engineer,79254
2862,David Brown,System Administrator,57767
2863,Bob Harris,Database Administrator,52709
2864,Emma Martinez,Software Engineer,89947
2865,Michael Johnson,Project Manager,85557
2866,Bob Johnson,Product Manager,66461
2867,Olivia Smith,Database Administrator,82915
2868,John Martinez,DevOps Engineer,89537
2869,Alice Harris,System Administrator,50096
2870,Emma Taylor,Network Engineer,74267
2871,Sophia Walker,Database Administrator,87576
2872,David Johnson,Software Engineer,55485
2873,John Anderson,Network Engineer,95888
2874,Bob Martinez,Product Manager,99592
2875,Alice Smith,Data Analyst,65413
2876,David Lewis,Product Manager,51438
2877,David Smith,UX Designer,96390
2878,Charlie Taylor,AI Researcher,66987
2879,David Lewis,Software Engineer,91790
2880,Charlie Anderson,Product Manager,50427
2881,David Lewis,Network Engineer,66831
2882,Alice Anderson,DevOps Engineer,75091
2883,Emma Harris,AI Researcher,62084
2884,Alice Smith,DevOps Engineer,54620
2885,Alice Smith,Network Engineer,63828
2886,Alice Martinez,AI Researcher,73370
2887,Michael Clark,Network Engineer,58116
2888,Charlie Smith,Database Administrator,94717
2889,Bob Martinez,Product Manager,91308
2890,Bob Walker,Software Engineer,95098
2891,Jane Lewis,Product Manager,66816
2892,Emma Martinez,Network Engineer,84095
2893,David Brown,Product Manager,68569
2894,Sophia Clark,Product Manager,64460
2895,Michael Martinez,Network Engineer,96450
2896,Bob Harris,Project Manager,76939
2897,Sophia Martinez,Software Engineer,83471
2898,Alice Lewis,Network Engineer,81594
2899,David Anderson,Data Analyst,72469
2900,Charlie Brown,Data Analyst,54867
2901,Olivia Taylor,Network Engineer,75589
2902,John Smith,Project Manager,72686
2903,David Johnson,Project Manager,50749
2904,Michael Lewis,Database Administrator,87238
2905,John Clark,System Administrator,99600
2906,Emma Walker,AI Researcher,96688
2907,John Smith,DevOps Engineer,76221
2908,Charlie Lewis,Software Engineer,89046
2909,Michael Clark,Project Manager,93395
2910,Charlie Clark,Project Manager,69632
2911,Alice Walker,Network Engineer,78703
2912,Michael Anderson,UX Designer,72187
2913,Emma Taylor,DevOps Engineer,51810
2914,Alice Lewis,System Administrator,74250
2915,Sophia Harris,System Administrator,95025
2916,Charlie Clark,UX Designer,77385
2917,David Lewis,Project Manager,89133
2918,Alice Smith,DevOps Engineer,52532
2919,Bob Martinez,AI Researcher,60960
2920,Michael Anderson,UX Designer,64495
2921,Charlie Clark,Database Administrator,68632
2922,Olivia Harris,Network Engineer,56465
2923,Alice Martinez,UX Designer,63823
2924,Sophia Brown,Data Analyst,82830
2925,Bob Johnson,System Administrator,74716
2926,Michael Harris,DevOps Engineer,58661
2927,Sophia Brown,Database Administrator,53306
2928,Olivia Johnson,UX Designer,59078
2929,Emma Harris,Software Engineer,94899
2930,John Lewis,Database Administrator,97543
2931,Olivia Johnson,Network Engineer,97354
2932,Jane Taylor,UX Designer,72704
2933,Bob Lewis,Data Analyst,72660
2934,Jane Martinez,Product Manager,75653
2935,Sophia Smith,Software Engineer,75400
2936,Jane Lewis,Software Engineer,96554
2937,Jane Walker,System Administrator,57102
2938,Sophia Taylor,AI Researcher,54924
2939,Emma Anderson,UX Designer,78918
2940,Bob Brown,UX Designer,85899
2941,Charlie Smith,Product Manager,92453
2942,Alice Walker,Product Manager,77395
2943,Michael Clark,Data Analyst,57553
2944,Sophia Anderson,UX Designer,82606
2945,Jane Harris,Network Engineer,93665
2946,David Martinez,UX Designer,92972
2947,Bob Lewis,Product Manager,55746
2948,Alice Johnson,Project Manager,60103
2949,Michael Clark,Data Analyst,87811
2950,Michael Anderson,Product Manager,89578
2951,Olivia Smith,Project Manager,58970
2952,Olivia Lewis,DevOps Engineer,86877
2953,Jane Taylor,Data Analyst,93678
2954,Jane Anderson,Network Engineer,84641
2955,Bob Smith,Data Analyst,55519
2956,Emma Anderson,Data Analyst,51035
2957,Michael Johnson,Network Engineer,76789
2958,Bob Anderson,Product Manager,71502
2959,Michael Lewis,AI Researcher,90538
2960,David Harris,Product Manager,94019
2961,Emma Taylor,System Administrator,63352
2962,Charlie Harris,Project Manager,81437
2963,Emma Johnson,System Administrator,90888
2964,Michael Walker,System Administrator,82620
2965,Emma Johnson,UX Designer,77660
2966,Alice Taylor,Network Engineer,68248
2967,Michael Taylor,UX Designer,77671
2968,Bob Johnson,DevOps Engineer,55181
2969,John Johnson,Database Administrator,89333
2970,Jane Clark,System Administrator,90657
2971,Alice Taylor,Project Manager,78156
2972,Olivia Lewis,Product Manager,83357
2973,Alice Harris,UX Designer,57651
2974,Olivia Harris,DevOps Engineer,60500
2975,Bob Johnson,Product Manager,94003
2976,Sophia Martinez,AI Researcher,76560
2977,Jane Clark,UX Designer,62236
2978,Jane Martinez,Project Manager,74407
2979,David Johnson,Project Manager,82350
2980,John Martinez,AI Researcher,75741
2981,Michael Harris,Product Manager,71866
2982,Alice Lewis,AI Researcher,94029
2983,David Walker,DevOps Engineer,78137
2984,Michael Johnson,AI Researcher,80466
2985,John Walker,Data Analyst,51742
2986,David Walker,AI Researcher,71024
2987,Jane Clark,Database Administrator,63654
2988,Charlie Lewis,Database Administrator,57680
2989,Bob Walker,DevOps Engineer,81343
2990,Sophia Lewis,Software Engineer,75443
2991,Emma Clark,UX Designer,84049
2992,Emma Harris,System Administrator,87182
2993,Olivia Johnson,UX Designer,57013
2994,Olivia Clark,Project Manager,54551
2995,Michael Walker,Data Analyst,56044
2996,Emma Harris,Software Engineer,68354
2997,David Harris,Project Manager,98509
2998,Sophia Brown,Data Analyst,97585
2999,Bob Walker,Software Engineer,77337
3000,Charlie Brown,Product Manager,76313
3001,Emma Smith,Project Manager,67964
3002,Emma Lewis,AI Researcher,68933
3003,John Anderson,Data Analyst,82174
3004,Bob Clark,Database Administrator,99573
3005,Charlie Martinez,Network Engineer,52468
3006,Michael Lewis,UX Designer,93997
3007,Alice Johnson,UX Designer,80231
3008,Olivia Harris,DevOps Engineer,52638
3009,Jane Taylor,DevOps Engineer,92564
3010,Olivia Martinez,Database Administrator,88655
3011,Charlie Anderson,DevOps Engineer,69062
3012,Sophia Smith,Project Manager,53183
3013,Alice Johnson,DevOps Engineer,78193
3014,David Harris,Network Engineer,91638
3015,Olivia Clark,Software Engineer,93856
3016,Charlie Brown,DevOps Engineer,85663
3017,John Brown,Database Administrator,94986
3018,Charlie Smith,UX Designer,65709
3019,John Lewis,Project Manager,77940
3020,Jane Anderson,Product Manager,82372
3021,Sophia Harris,Product Manager,63933
3022,Emma Taylor,System Administrator,98475
3023,Charlie Smith,DevOps Engineer,54130
3024,John Martinez,Software Engineer,72251
3025,Jane Walker,Project Manager,99790
3026,Charlie Anderson,Software Engineer,69303
3027,John Anderson,System Administrator,51187
3028,Charlie Johnson,Network Engineer,69705
3029,Emma Anderson,DevOps Engineer,84138
3030,David Smith,AI Researcher,68403
3031,Olivia Johnson,Database Administrator,76549
3032,Sophia Anderson,System Administrator,82276
3033,Charlie Harris,UX Designer,75554
3034,Michael Brown,Project Manager,89791
3035,Olivia Smith,System Administrator,75739
3036,Bob Martinez,Database Administrator,78583
3037,Michael Lewis,AI Researcher,53404
3038,John Anderson,System Administrator,71964
3039,David Clark,Project Manager,82285
3040,Alice Lewis,Project Manager,71546
3041,John Harris,Software Engineer,50833
3042,David Brown,Project Manager,94649
3043,Alice Martinez,Software Engineer,94979
3044,Bob Johnson,Network Engineer,79825
3045,Bob Walker,Project Manager,97326
3046,Alice Johnson,System Administrator,97887
3047,Olivia Martinez,System Administrator,96872
3048,John Brown,Product Manager,57950
3049,David Lewis,Database Administrator,67676
3050,Alice Harris,System Administrator,89378
3051,Sophia Brown,Data Analyst,75493
3052,Michael Lewis,System Administrator,55152
3053,John Martinez,Data Analyst,62967
3054,David Clark,Software Engineer,73215
3055,David Johnson,Project Manager,65116
3056,David Brown,Software Engineer,56773
3057,Olivia Brown,UX Designer,50059
3058,Charlie Johnson,AI Researcher,80447
3059,David Johnson,Product Manager,99032
3060,David Johnson,Network Engineer,83937
3061,Charlie Harris,DevOps Engineer,68343
3062,John Smith,Data Analyst,51471
3063,Emma Taylor,Data Analyst,57184
3064,Michael Smith,DevOps Engineer,62933
3065,Alice Harris,Project Manager,62191
3066,Michael Taylor,System Administrator,83858
3067,Charlie Harris,UX Designer,69806
3068,Sophia Harris,Product Manager,76612
3069,Jane Walker,Database Administrator,84534
3070,Alice Harris,Network Engineer,56608
3071,Sophia Anderson,Network Engineer,87418
3072,Olivia Harris,Database Administrator,70294
3073,John Martinez,Project Manager,91025
3074,Michael Johnson,Software Engineer,72964
3075,David Anderson,Database Administrator,52812
3076,Michael Walker,UX Designer,69264
3077,Michael Anderson,Software Engineer,89384
3078,Emma Taylor,DevOps Engineer,79877
3079,Michael Lewis,Product Manager,81330
3080,Sophia Walker,Software Engineer,72794
3081,Alice Anderson,DevOps Engineer,97733
3082,Sophia Brown,Network Engineer,66101
3083,John Martinez,Project Manager,77486
3084,Jane Martinez,Database Administrator,70701
3085,John Walker,Product Manager,80549
3086,John Lewis,DevOps Engineer,63904
3087,Michael Martinez,Database Administrator,98324
3088,Michael Walker,UX Designer,71250
3089,Charlie Clark,Software Engineer,92214
3090,John Anderson,Project Manager,59272
3091,Charlie Lewis,Database Administrator,72375
3092,Michael Clark,Network Engineer,59065
3093,Jane Walker,Project Manager,98531
3094,Sophia Anderson,Project Manager,51281
3095,John Smith,DevOps Engineer,56092
3096,Charlie Clark,Network Engineer,80580
3097,Emma Smith,Database Administrator,52142
3098,Michael Brown,System Administrator,92844
3099,Michael Brown,Network Engineer,96552
3100,Charlie Johnson,Data Analyst,70462
3101,Bob Martinez,Network Engineer,77652
3102,Charlie Martinez,Database Administrator,95955
3103,Charlie Martinez,Data Analyst,92147
3104,John Walker,Network Engineer,92701
3105,Michael Clark,Data Analyst,96455
3106,Charlie Lewis,System Administrator,78406
3107,Alice Anderson,UX Designer,74140
3108,Jane Walker,UX Designer,53414
3109,Alice Martinez,Product Manager,81419
3110,Charlie Taylor,Product Manager,92636
3111,Emma Smith,DevOps Engineer,51419
3112,Charlie Lewis,UX Designer,61942
3113,David Taylor,Product Manager,68480
3114,Emma Walker,System Administrator,85231
3115,Emma Lewis,DevOps Engineer,55792
3116,Sophia Martinez,AI Researcher,68820
3117,Alice Clark,Network Engineer,57728
3118,John Walker,UX Designer,84103
3119,Charlie Lewis,Project Manager,77300
3120,Jane Walker,Data Analyst,64739
3121,Sophia Walker,Network Engineer,58407
3122,Sophia Harris,Product Manager,92703
3123,Jane Anderson,System Administrator,93760
3124,Jane Johnson,System Administrator,76665
3125,Charlie Harris,Software Engineer,64462
3126,Bob Lewis,AI Researcher,83040
3127,John Brown,System Administrator,97339
3128,Bob Anderson,Project Manager,59740
3129,Olivia Walker,UX Designer,72597
3130,Alice Clark,AI Researcher,93044
3131,Emma Anderson,System Administrator,62529
3132,Olivia Clark,Network Engineer,53117
3133,Emma Martinez,AI Researcher,94025
3134,John Martinez,Database Administrator,50848
3135,Bob Taylor,Data Analyst,68189
3136,Emma Smith,AI Researcher,57086
3137,Alice Martinez,Product Manager,82927
3138,Michael Brown,Product Manager,91413
3139,Sophia Lewis,Data Analyst,67451
3140,John Harris,System Administrator,66483
3141,Charlie Johnson,AI Researcher,77565
3142,David Lewis,Project Manager,74704
3143,Olivia Lewis,Network Engineer,59423
3144,Sophia Taylor,Database Administrator,75318
3145,Bob Anderson,Network Engineer,82287
3146,Emma Lewis,UX Designer,74899
3147,Bob Johnson,Data Analyst,93131
3148,John Clark,Project Manager,89345
3149,Michael Martinez,Product Manager,71846
3150,Olivia Martinez,Network Engineer,73690
3151,Michael Smith,AI Researcher,74475
3152,Alice Anderson,UX Designer,94650
3153,Jane Taylor,Data Analyst,60804
3154,Emma Smith,Software Engineer,69589
3155,Sophia Clark,Project Manager,99110
3156,Michael Lewis,Network Engineer,73057
3157,Bob Harris,Data Analyst,95602
3158,David Walker,Project Manager,71774
3159,Alice Smith,Project Manager,54657
3160,Michael Walker,AI Researcher,64162
3161,Emma Lewis,Database Administrator,51017
3162,Sophia Lewis,DevOps Engineer,97927
3163,David Taylor,Data Analyst,55314
3164,Bob Walker,Network Engineer,64233
3165,Olivia Brown,Project Manager,60129
3166,Olivia Clark,UX Designer,62649
3167,Charlie Johnson,UX Designer,72619
3168,Bob Brown,Product Manager,61171
3169,Olivia Johnson,DevOps Engineer,58879
3170,Michael Johnson,Database Administrator,61348
3171,Alice Clark,Database Administrator,65492
3172,David Clark,DevOps Engineer,77781
3173,Jane Walker,System Administrator,52879
3174,Charlie Clark,System Administrator,97240
3175,Emma Smith,Database Administrator,93762
3176,Emma Johnson,AI Researcher,91722
3177,Alice Anderson,DevOps Engineer,73020
3178,Emma Harris,UX Designer,82515
3179,John Johnson,DevOps Engineer,76917
3180,David Clark,Data Analyst,71231
3181,Emma Taylor,AI Researcher,55981
3182,Emma Walker,System Administrator,66558
3183,Jane Anderson,Product Manager,52699
3184,John Clark,Product Manager,72338
3185,Jane Brown,Project Manager,76127
3186,Charlie Taylor,System Administrator,79809
3187,Charlie Smith,Product Manager,81581
3188,Emma Brown,Network Engineer,53514
3189,David Anderson,Network Engineer,95664
3190,Olivia Brown,Network Engineer,57220
3191,Alice Johnson,Product Manager,52293
3192,Jane Clark,Project Manager,64517
3193,Charlie Smith,Product Manager,71783
3194,Alice Brown,Product Manager,81640
3195,Olivia Lewis,AI Researcher,66447
3196,Jane Lewis,AI Researcher,63641
3197,Sophia Smith,Project Manager,67307
3198,Sophia Taylor,Project Manager,89532
3199,John Brown,Product Manager,82405
3200,Alice Smith,Software Engineer,71873
3201,Emma Brown,Data Analyst,91329
3202,Bob Harris,System Administrator,80004
3203,Charlie Lewis,Network Engineer,85414
3204,Sophia Taylor,UX Designer,81515
3205,Charlie Walker,Network Engineer,63494
3206,Charlie Brown,Product Manager,91013
3207,Charlie Martinez,Product Manager,67037
3208,Charlie Clark,Data Analyst,84219
3209,Sophia Harris,Database Administrator,66187
3210,Emma Harris,AI Researcher,51761
3211,Jane Walker,Project Manager,90808
3212,Jane Harris,Data Analyst,70254
3213,David Harris,Software Engineer,64898
3214,Bob Lewis,UX Designer,99009
3215,John Smith,Product Manager,55600
3216,Emma Lewis,System Administrator,62204
3217,Alice Johnson,Project Manager,93002
3218,John Lewis,Software Engineer,59865
3219,David Taylor,DevOps Engineer,51705
3220,David Anderson,Database Administrator,82052
3221,John Clark,DevOps Engineer,93461
3222,Michael Brown,System Administrator,83629
3223,Olivia Harris,System Administrator,80950
3224,Bob Smith,Software Engineer,74695
3225,Emma Walker,DevOps Engineer,73541
3226,Alice Smith,Network Engineer,87402
3227,Michael Brown,Software Engineer,91090
3228,Charlie Taylor,Network Engineer,83937
3229,Olivia Lewis,Database Administrator,94708
3230,Michael Lewis,Database Administrator,77675
3231,Sophia Clark,Database Administrator,63865
3232,Michael Martinez,Product Manager,61601
3233,Emma Harris,Database Administrator,84620
3234,Sophia Martinez,Product Manager,80690
3235,Michael Smith,System Administrator,91220
3236,Jane Harris,AI Researcher,73784
3237,Charlie Lewis,Database Administrator,62563
3238,Charlie Clark,DevOps Engineer,54800
3239,Charlie Anderson,Project Manager,50592
3240,Michael Harris,Product Manager,71546
3241,Jane Anderson,Project Manager,57681
3242,Michael Harris,Data Analyst,99592
3243,Sophia Anderson,Network Engineer,67848
3244,Jane Clark,Data Analyst,54608
3245,John Walker,Software Engineer,72392
3246,Bob Johnson,Network Engineer,96053
3247,Alice Smith,DevOps Engineer,84020
3248,Jane Harris,Product Manager,86594
3249,Sophia Clark,Product Manager,53500
3250,Jane Brown,DevOps Engineer,51276
3251,Jane Johnson,Database Administrator,62642
3252,David Harris,DevOps Engineer,89825
3253,Olivia Taylor,UX Designer,90246
3254,Charlie Brown,DevOps Engineer,95356
3255,Emma Brown,Software Engineer,76537
3256,Michael Clark,Network Engineer,69504
3257,Sophia Clark,Data Analyst,68647
3258,Bob Walker,Network Engineer,67299
3259,David Walker,DevOps Engineer,73057
3260,Bob Taylor,Data Analyst,63285
3261,Jane Brown,Network Engineer,93835
3262,David Lewis,Database Administrator,53369
3263,John Taylor,AI Researcher,70009
3264,Charlie Lewis,UX Designer,75958
3265,Bob Lewis,Database Administrator,77769
3266,Bob Martinez,Database Administrator,96636
3267,David Brown,UX Designer,66711
3268,Alice Smith,Data Analyst,70275
3269,Charlie Harris,Database Administrator,60403
3270,Sophia Walker,Software Engineer,91685
3271,Sophia Smith,Product Manager,84644
3272,David Taylor,Network Engineer,67206
3273,Bob Lewis,Network Engineer,57634
3274,Sophia Smith,Project Manager,61826
3275,David Anderson,DevOps Engineer,91320
3276,David Walker,Product Manager,94703
3277,Michael Johnson,Product Manager,50037
3278,Bob Clark,AI Researcher,89105
3279,Charlie Walker,Data Analyst,54971
3280,Emma Martinez,Software Engineer,56287
3281,Charlie Clark,Project Manager,65596
3282,Alice Lewis,Software Engineer,90380
3283,Jane Harris,Product Manager,57524
3284,Jane Anderson,UX Designer,98632
3285,John Brown,System Administrator,84965
3286,Michael Taylor,System Administrator,85959
3287,Michael Anderson,Software Engineer,86117
3288,David Taylor,AI Researcher,65161
3289,Emma Clark,Product Manager,77719
3290,David Martinez,AI Researcher,55785
3291,David Martinez,System Administrator,98679
3292,Olivia Clark,AI Researcher,85212
3293,Emma Walker,AI Researcher,67295
3294,David Anderson,AI Researcher,75604
3295,John Martinez,System Administrator,97185
3296,Emma Harris,Project Manager,73529
3297,Emma Brown,Project Manager,60415
3298,Sophia Smith,Network Engineer,56585
3299,John Martinez,Software Engineer,59334
3300,Alice Harris,Project Manager,83267
3301,Charlie Anderson,System Administrator,86951
3302,John Brown,AI Researcher,67450
3303,Emma Lewis,Database Administrator,75635
3304,John Martinez,Product Manager,78561
3305,David Walker,Data Analyst,59861
3306,Olivia Johnson,Network Engineer,55049
3307,Charlie Brown,Data Analyst,51384
3308,Emma Lewis,Data Analyst,90155
3309,Michael Smith,Database Administrator,73836
3310,Emma Walker,Software Engineer,55779
3311,Sophia Walker,AI Researcher,65278
3312,Alice Harris,UX Designer,97502
3313,David Anderson,AI Researcher,81908
3314,Charlie Clark,Data Analyst,91127
3315,David Martinez,DevOps Engineer,79601
3316,Charlie Johnson,Database Administrator,82799
3317,John Johnson,Database Administrator,53002
3318,Olivia Harris,Project Manager,84500
3319,Bob Smith,DevOps Engineer,55952
3320,Emma Taylor,Project Manager,92797
3321,Michael Johnson,Project Manager,71178
3322,Bob Walker,Product Manager,50177
3323,David Clark,Software Engineer,62739
3324,David Anderson,Product Manager,55603
3325,Alice Clark,Database Administrator,97546
3326,Sophia Smith,DevOps Engineer,59571
3327,John Brown,AI Researcher,63827
3328,Emma Smith,Project Manager,67986
3329,Olivia Johnson,AI Researcher,92267
3330,Emma Walker,Product Manager,93194
3331,John Brown,AI Researcher,68230
3332,Alice Brown,AI Researcher,98618
3333,Charlie Martinez,UX Designer,55397
3334,Alice Harris,UX Designer,87582
3335,Sophia Martinez,Software Engineer,93584
3336,Michael Anderson,Network Engineer,93130
3337,Alice Walker,Product Manager,70603
3338,Alice Taylor,AI Researcher,59409
3339,Charlie Brown,Data Analyst,92432
3340,Emma Johnson,UX Designer,74692
3341,Sophia Lewis,Project Manager,62259
3342,Alice Anderson,Project Manager,61994
3343,Alice Walker,Data Analyst,76123
3344,John Taylor,Project Manager,56789
3345,Bob Taylor,System Administrator,91241
3346,Charlie Lewis,Network Engineer,66277
3347,Charlie Martinez,Product Manager,97487
3348,Olivia Clark,Database Administrator,83392
3349,Sophia Harris,AI Researcher,74925
3350,Charlie Smith,Network Engineer,95334
3351,Michael Taylor,DevOps Engineer,50952
3352,John Smith,Data Analyst,56846
3353,Alice Clark,Product Manager,81701
3354,David Taylor,Project Manager,87650
3355,Charlie Brown,System Administrator,69324
3356,Alice Martinez,Database Administrator,70402
3357,Alice Walker,DevOps Engineer,59337
3358,Alice Walker,UX Designer,57158
3359,John Clark,Data Analyst,95007
3360,David Johnson,UX Designer,71384
3361,Sophia Johnson,Software Engineer,69041
3362,Charlie Smith,UX Designer,60728
3363,John Anderson,Software Engineer,72976
3364,Michael Smith,DevOps Engineer,56265
3365,Bob Smith,AI Researcher,74647
3366,Jane Anderson,Software Engineer,83560
3367,Jane Martinez,Product Manager,56628
3368,Emma Taylor,System Administrator,96288
3369,Charlie Brown,UX Designer,83780
3370,Olivia Smith,Product Manager,89810
3371,John Clark,Database Administrator,69732
3372,Emma Anderson,Network Engineer,68744
3373,Bob Smith,Product Manager,92202
3374,Michael Johnson,Software Engineer,95958
3375,Emma Johnson,System Administrator,51096
3376,Bob Martinez,Product Manager,90828
3377,Michael Johnson,AI Researcher,90340
3378,David Harris,Project Manager,63700
3379,Michael Taylor,System Administrator,93210
3380,Olivia Harris,Software Engineer,57302
3381,Charlie Johnson,AI Researcher,71031
3382,Sophia Martinez,System Administrator,71614
3383,Jane Clark,UX Designer,57821
3384,Sophia Clark,Product Manager,84151
3385,Bob Smith,UX Designer,95761
3386,Sophia Smith,Data Analyst,72235
3387,Jane Walker,Product Manager,57070
3388,Jane Johnson,AI Researcher,74000
3389,Bob Taylor,UX Designer,64766
3390,Olivia Anderson,Data Analyst,52544
3391,Sophia Johnson,Project Manager,54671
3392,Bob Smith,UX Designer,58351
3393,Michael Walker,Database Administrator,91923
3394,Emma Brown,Product Manager,62058
3395,David Brown,Network Engineer,80937
3396,David Walker,Database Administrator,83030
3397,John Clark,DevOps Engineer,68756
3398,David Taylor,Data Analyst,74756
3399,Emma Smith,UX Designer,94673
3400,Jane Anderson,UX Designer,98264
3401,John Walker,System Administrator,59732
3402,Sophia Martinez,Product Manager,82208
3403,John Anderson,DevOps Engineer,96776
3404,Emma Brown,Network Engineer,71546
3405,Olivia Clark,Project Manager,68422
3406,John Taylor,UX Designer,60271
3407,Emma Anderson,Project Manager,84943
3408,Olivia Anderson,Product Manager,74823
3409,Alice Martinez,Data Analyst,94036
3410,John Harris,Network Engineer,93368
3411,Emma Johnson,Project Manager,50258
3412,Bob Johnson,Product Manager,85646
3413,Bob Taylor,Software Engineer,52196
3414,David Walker,UX Designer,95784
3415,Sophia Johnson,AI Researcher,67300
3416,Alice Harris,Project Manager,82347
3417,Alice Johnson,Network Engineer,60278
3418,John Clark,System Administrator,51818
3419,Bob Martinez,DevOps Engineer,59307
3420,Olivia Clark,Database Administrator,64146
3421,Michael Smith,DevOps Engineer,53615
3422,Sophia Anderson,Data Analyst,70604
3423,Bob Walker,Software Engineer,89497
3424,Charlie Smith,Data Analyst,74493
3425,Emma Taylor,Database Administrator,83498
3426,Charlie Johnson,AI Researcher,66357
3427,Olivia Martinez,System Administrator,52511
3428,Michael Harris,AI Researcher,73103
3429,Alice Martinez,Project Manager,96383
3430,Jane Lewis,Product Manager,69834
3431,Olivia Taylor,AI Researcher,80435
3432,Bob Brown,Database Administrator,92534
3433,John Martinez,DevOps Engineer,81874
3434,Jane Martinez,Project Manager,98518
3435,Bob Anderson,AI Researcher,86820
3436,Sophia Martinez,DevOps Engineer,82329
3437,Sophia Harris,UX Designer,70891
3438,Jane Taylor,Data Analyst,83826
3439,Sophia Lewis,Database Administrator,97409
3440,Sophia Taylor,DevOps Engineer,57404
3441,John Anderson,System Administrator,54689
3442,Michael Taylor,Database Administrator,85753
3443,David Lewis,Software Engineer,69528
3444,Alice Brown,Project Manager,78664
3445,David Martinez,AI Researcher,54425
3446,Michael Martinez,Data Analyst,87973
3447,Jane Brown,System Administrator,58720
3448,Sophia Anderson,Software Engineer,81975
3449,Alice Walker,Network Engineer,57868
3450,David Clark,Data Analyst,67236
3451,Sophia Clark,Network Engineer,97912
3452,Olivia Walker,System Administrator,81730
3453,John Brown,Product Manager,66307
3454,Bob Martinez,Software Engineer,63195
3455,Bob Anderson,AI Researcher,66934
3456,Sophia Brown,System Administrator,54086
3457,Charlie Smith,AI Researcher,85115
3458,Olivia Smith,UX Designer,58197
3459,John Harris,Project Manager,51974
3460,Charlie Brown,Network Engineer,87144
3461,Emma Lewis,UX Designer,94633
3462,Olivia Johnson,System Administrator,87943
3463,Sophia Anderson,Database Administrator,61694
3464,Charlie Anderson,UX Designer,82819
3465,Olivia Taylor,Software Engineer,76132
3466,Michael Taylor,DevOps Engineer,79196
3467,Jane Johnson,Network Engineer,83944
3468,Jane Martinez,Database Administrator,95919
3469,Michael Anderson,Product Manager,70741
3470,Bob Lewis,System Administrator,95298
3471,Charlie Brown,Database Administrator,56182
3472,Bob Anderson,Product Manager,69020
3473,Sophia Martinez,Software Engineer,74643
3474,John Brown,Network Engineer,68829
3475,Alice Smith,Network Engineer,70163
3476,Jane Brown,DevOps Engineer,56214
3477,John Anderson,System Administrator,58288
3478,David Taylor,AI Researcher,79498
3479,Michael Martinez,Database Administrator,78745
3480,Olivia Taylor,AI Researcher,70464
3481,Michael Lewis,Software Engineer,57684
3482,David Anderson,System Administrator,97871
3483,Alice Lewis,Database Administrator,52747
3484,Emma Martinez,Project Manager,78489
3485,Charlie Walker,Database Administrator,97048
3486,Michael Smith,AI Researcher,89660
3487,David Walker,Software Engineer,94653
3488,David Taylor,System Administrator,56376
3489,Charlie Smith,Network Engineer,54218
3490,Olivia Smith,Product Manager,70349
3491,Jane Smith,UX Designer,72733
3492,David Anderson,Product Manager,85087
3493,Olivia Taylor,Project Manager,89209
3494,Sophia Walker,System Administrator,67113
3495,Olivia Johnson,Software Engineer,55138
3496,Sophia Clark,Product Manager,69385
3497,Jane Brown,Software Engineer,95498
3498,David Smith,Product Manager,66748
3499,Olivia Brown,Network Engineer,95287
3500,Sophia Walker,Project Manager,61135
3501,David Smith,DevOps Engineer,59012
3502,Charlie Martinez,Data Analyst,94345
3503,Michael Harris,DevOps Engineer,80054
3504,Alice Harris,System Administrator,71036
3505,Michael Johnson,Project Manager,69859
3506,Olivia Smith,DevOps Engineer,85760
3507,David Smith,Database Administrator,61313
3508,Alice Walker,Database Administrator,61975
3509,Jane Johnson,Network Engineer,76978
3510,Michael Clark,AI Researcher,93359
3511,Michael Smith,DevOps Engineer,57320
3512,Jane Smith,Product Manager,65638
3513,Olivia Clark,System Administrator,90670
3514,Michael Walker,Data Analyst,51448
3515,Bob Clark,Product Manager,99717
3516,Bob Lewis,Project Manager,62597
3517,John Lewis,Network Engineer,85370
3518,Sophia Johnson,Project Manager,81023
3519,John Taylor,DevOps Engineer,64393
3520,Olivia Smith,Network Engineer,64674
3521,Alice Brown,AI Researcher,74506
3522,Jane Lewis,UX Designer,67774
3523,Alice Lewis,Database Administrator,84663
3524,Michael Martinez,Network Engineer,56626
3525,Emma Taylor,Project Manager,60354
3526,John Brown,System Administrator,69159
3527,Charlie Taylor,AI Researcher,87905
3528,Sophia Lewis,Project Manager,70236
3529,Bob Taylor,DevOps Engineer,80176
3530,John Taylor,Database Administrator,73424
3531,Bob Clark,Database Administrator,97699
3532,Bob Walker,Database Administrator,57786
3533,David Clark,Product Manager,53298
3534,Bob Johnson,Product Manager,75108
3535,Alice Taylor,System Administrator,58348
3536,Olivia Johnson,System Administrator,60631
3537,Michael Walker,AI Researcher,73075
3538,Charlie Harris,Network Engineer,62604
3539,Jane Anderson,Project Manager,55773
3540,Sophia Brown,Network Engineer,84634
3541,Emma Johnson,Product Manager,50153
3542,Jane Smith,DevOps Engineer,52629
3543,Olivia Martinez,Project Manager,58519
3544,John Brown,Software Engineer,64806
3545,Olivia Harris,Software Engineer,96898
3546,Bob Brown,Network Engineer,78238
3547,Jane Smith,DevOps Engineer,67406
3548,Olivia Johnson,Project Manager,57072
3549,David Clark,AI Researcher,59988
3550,Olivia Martinez,Data Analyst,98387
3551,Emma Walker,Network Engineer,84207
3552,David Harris,Data Analyst,94750
3553,David Harris,Data Analyst,90466
3554,Jane Brown,Software Engineer,80425
3555,David Martinez,Network Engineer,84963
3556,Jane Smith,System Administrator,79619
3557,Alice Clark,Project Manager,80904
3558,David Taylor,Software Engineer,97372
3559,Jane Clark,Data Analyst,60040
3560,David Lewis,Software Engineer,53913
3561,Emma Smith,DevOps Engineer,73525
3562,Charlie Anderson,UX Designer,71010
3563,Emma Johnson,Project Manager,62988
3564,Emma Taylor,Product Manager,64366
3565,Olivia Lewis,UX Designer,76491
3566,Michael Johnson,Product Manager,88102
3567,Bob Walker,DevOps Engineer,66882
3568,Jane Harris,Project Manager,51294
3569,John Brown,Project Manager,81150
3570,Michael Walker,Database Administrator,76008
3571,John Taylor,Project Manager,54531
3572,Bob Brown,Product Manager,72091
3573,Charlie Taylor,Project Manager,85484
3574,Sophia Walker,DevOps Engineer,85364
3575,Charlie Martinez,Product Manager,92992
3576,Charlie Harris,Software Engineer,81065
3577,Michael Smith,System Administrator,54326
3578,Alice Harris,Database Administrator,82944
3579,Sophia Johnson,UX Designer,84430
3580,Jane Johnson,Product Manager,58160
3581,Olivia Anderson,AI Researcher,98939
3582,Olivia Anderson,AI Researcher,91329
3583,John Harris,Data Analyst,81610
3584,Emma Harris,Data Analyst,77637
3585,David Taylor,System Administrator,54735
3586,Emma Johnson,DevOps Engineer,61640
3587,Olivia Walker,Data Analyst,79198
3588,Olivia Brown,DevOps Engineer,65681
3589,Alice Martinez,Project Manager,85724
3590,Olivia Walker,Database Administrator,86313
3591,David Harris,Database Administrator,76733
3592,Charlie Taylor,Product Manager,60689
3593,Bob Harris,Database Administrator,50808
3594,Olivia Martinez,Product Manager,77128
3595,Jane Taylor,Software Engineer,58765
3596,Emma Harris,Product Manager,57151
3597,Emma Lewis,Network Engineer,72735
3598,Bob Harris,Product Manager,63714
3599,John Clark,Project Manager,87407
3600,Sophia Martinez,Database Administrator,96326
3601,Sophia Martinez,UX Designer,55904
3602,Charlie Anderson,Product Manager,58103
3603,Jane Martinez,Network Engineer,94116
3604,Charlie Anderson,Data Analyst,80553
3605,David Harris,Project Manager,65297
3606,Emma Martinez,Database Administrator,92287
3607,Sophia Harris,Product Manager,90905
3608,John Martinez,System Administrator,83089
3609,Jane Harris,Project Manager,57538
3610,Charlie Anderson,Database Administrator,57506
3611,John Clark,AI Researcher,58182
3612,John Lewis,UX Designer,71641
3613,Bob Smith,Project Manager,95530
3614,David Clark,System Administrator,74897
3615,Emma Brown,Network Engineer,54423
3616,Alice Taylor,System Administrator,62223
3617,John Taylor,Product Manager,78934
3618,John Walker,AI Researcher,96544
3619,Sophia Brown,Network Engineer,76349
3620,Jane Harris,DevOps Engineer,77885
3621,Sophia Lewis,Software Engineer,84169
3622,Sophia Taylor,Database Administrator,56718
3623,David Taylor,Product Manager,64267
3624,Sophia Harris,AI Researcher,57468
3625,Charlie Walker,Database Administrator,94444
3626,John Clark,Database Administrator,82234
3627,Olivia Brown,Product Manager,82993
3628,Emma Anderson,Software Engineer,93001
3629,Emma Anderson,Software Engineer,67563
3630,Olivia Martinez,Network Engineer,83403
3631,Emma Martinez,Project Manager,54953
3632,Michael Walker,AI Researcher,91425
3633,John Clark,System Administrator,99375
3634,Olivia Brown,Software Engineer,58404
3635,Bob Johnson,System Administrator,84643
3636,Emma Smith,Software Engineer,51530
3637,Michael Clark,Network Engineer,81132
3638,Alice Johnson,Project Manager,86592
3639,Emma Harris,Database Administrator,95798
3640,John Harris,Product Manager,68635
3641,Olivia Johnson,Project Manager,70892
3642,Michael Johnson,Software Engineer,52297
3643,Jane Lewis,AI Researcher,50082
3644,Alice Anderson,AI Researcher,80524
3645,Michael Martinez,AI Researcher,87086
3646,Olivia Harris,Product Manager,56610
3647,David Clark,Data Analyst,55327
3648,John Smith,DevOps Engineer,60846
3649,Sophia Taylor,System Administrator,77524
3650,John Walker,Network Engineer,69739
3651,Michael Taylor,Software Engineer,69855
3652,John Martinez,DevOps Engineer,57753
3653,John Lewis,AI Researcher,64418
3654,Alice Johnson,UX Designer,64592
3655,Sophia Johnson,UX Designer,95273
3656,Sophia Clark,Data Analyst,77582
3657,Alice Lewis,AI Researcher,54142
3658,Charlie Brown,System Administrator,67315
3659,Alice Harris,Network Engineer,83432
3660,Sophia Brown,UX Designer,93345
3661,Sophia Taylor,Software Engineer,61753
3662,Alice Martinez,AI Researcher,93896
3663,John Brown,Database Administrator,83083
3664,Sophia Brown,AI Researcher,98194
3665,Emma Brown,DevOps Engineer,60456
3666,Charlie Anderson,DevOps Engineer,98703
3667,Olivia Smith,Project Manager,66467
3668,John Taylor,System Administrator,51635
3669,Sophia Taylor,AI Researcher,65975
3670,Michael Brown,Database Administrator,80241
3671,John Lewis,AI Researcher,52623
3672,Olivia Walker,Product Manager,67135
3673,David Taylor,UX Designer,79369
3674,Jane Johnson,Database Administrator,62415
3675,Jane Brown,AI Researcher,85718
3676,Sophia Brown,System Administrator,94140
3677,Bob Harris,Network Engineer,61598
3678,Emma Lewis,Product Manager,85550
3679,Bob Brown,DevOps Engineer,61301
3680,Bob Brown,Product Manager,66998
3681,Alice Taylor,UX Designer,96546
3682,Michael Walker,System Administrator,60908
3683,David Clark,Software Engineer,69867
3684,Emma Johnson,System Administrator,96461
3685,Alice Lewis,Data Analyst,74529
3686,Olivia Brown,Product Manager,68900
3687,Charlie Brown,DevOps Engineer,98865
3688,David Clark,Database Administrator,66384
3689,Olivia Lewis,Data Analyst,53563
3690,Michael Brown,UX Designer,62284
3691,Sophia Anderson,System Administrator,64286
3692,Alice Smith,DevOps Engineer,95592
3693,Michael Anderson,Data Analyst,50772
3694,David Johnson,Project Manager,96979
3695,Bob Lewis,UX Designer,74031
3696,Sophia Taylor,System Administrator,71136
3697,John Harris,Data Analyst,54350
3698,Charlie Walker,UX Designer,59369
3699,Jane Taylor,Product Manager,79618
3700,Sophia Taylor,System Administrator,55375
3701,Sophia Brown,Network Engineer,97416
3702,John Lewis,Database Administrator,88857
3703,Alice Johnson,UX Designer,86498
3704,Jane Johnson,DevOps Engineer,63189
3705,Olivia Harris,AI Researcher,76615
3706,John Martinez,Product Manager,82588
3707,Jane Lewis,System Administrator,89398
3708,Emma Taylor,Network Engineer,62345
3709,John Clark,Product Manager,73670
3710,Sophia Clark,UX Designer,97962
3711,David Harris,Software Engineer,70975
3712,Charlie Brown,Data Analyst,50914
3713,Jane Anderson,System Administrator,51674
3714,Bob Smith,System Administrator,75307
3715,Jane Walker,AI Researcher,87786
3716,Charlie Smith,Product Manager,67624
3717,Alice Smith,Software Engineer,63985
3718,Olivia Harris,UX Designer,77173
3719,John Taylor,Database Administrator,57995
3720,Alice Martinez,System Administrator,89652
3721,Alice Brown,Product Manager,96957
3722,Sophia Brown,Software Engineer,91578
3723,Michael Lewis,Database Administrator,74253
3724,Bob Johnson,Project Manager,65019
3725,Olivia Brown,Project Manager,53520
3726,John Harris,Product Manager,95105
3727,Charlie Anderson,UX Designer,84658
3728,Alice Harris,Software Engineer,60245
3729,Alice Harris,UX Designer,59911
3730,Charlie Anderson,DevOps Engineer,50544
3731,Emma Brown,Network Engineer,79758
3732,Michael Walker,Database Administrator,97755
3733,Michael Lewis,Project Manager,57789
3734,Bob Taylor,Product Manager,75024
3735,Olivia Brown,Data Analyst,59346
3736,David Harris,System Administrator,54973
3737,Bob Martinez,Database Administrator,90194
3738,Charlie Clark,Network Engineer,59760
3739,Jane Taylor,Network Engineer,84993
3740,Michael Harris,System Administrator,96713
3741,Bob Johnson,AI Researcher,76761
3742,Bob Harris,Project Manager,94251
3743,Jane Anderson,System Administrator,61273
3744,Olivia Martinez,Product Manager,90075
3745,Jane Smith,DevOps Engineer,66256
3746,Jane Anderson,DevOps Engineer,98662
3747,David Walker,UX Designer,74320
3748,Alice Martinez,Network Engineer,85708
3749,David Anderson,System Administrator,99637
3750,David Lewis,System Administrator,75997
3751,Michael Smith,Database Administrator,66098
3752,Sophia Smith,DevOps Engineer,60578
3753,Jane Walker,AI Researcher,66509
3754,Charlie Taylor,Data Analyst,54651
3755,Alice Martinez,System Administrator,63167
3756,Sophia Smith,DevOps Engineer,81071
3757,Charlie Lewis,Software Engineer,87579
3758,Charlie Martinez,Data Analyst,81181
3759,Alice Harris,System Administrator,73792
3760,David Lewis,Project Manager,53109
3761,Emma Clark,Database Administrator,76295
3762,Bob Lewis,Project Manager,76340
3763,Alice Anderson,AI Researcher,76223
3764,Alice Johnson,Software Engineer,66370
3765,Sophia Harris,Database Administrator,90825
3766,Jane Anderson,Database Administrator,90381
3767,Bob Johnson,Software Engineer,76551
3768,Bob Taylor,DevOps Engineer,53322
3769,John Smith,Software Engineer,69633
3770,Jane Harris,DevOps Engineer,57299
3771,Jane Lewis,Data Analyst,61887
3772,Charlie Lewis,Product Manager,84733
3773,Jane Harris,Network Engineer,76336
3774,Charlie Clark,Software Engineer,50876
3775,John Taylor,Data Analyst,56863
3776,Jane Brown,Database Administrator,55499
3777,John Brown,Network Engineer,55868
3778,Jane Lewis,AI Researcher,64869
3779,Emma Taylor,Database Administrator,79620
3780,Jane Clark,Software Engineer,77213
3781,Charlie Martinez,UX Designer,94451
3782,Alice Johnson,Software Engineer,54515
3783,Jane Smith,Data Analyst,93040
3784,David Clark,Project Manager,88870
3785,Sophia Lewis,Data Analyst,91798
3786,Bob Lewis,Product Manager,90182
3787,David Anderson,Project Manager,70048
3788,Michael Lewis,UX Designer,92256
3789,Michael Lewis,Project Manager,66560
3790,Charlie Johnson,Project Manager,93470
3791,Michael Clark,Project Manager,80977
3792,Emma Johnson,Network Engineer,64706
3793,Bob Brown,Database Administrator,88906
3794,Alice Taylor,Product Manager,52536
3795,Charlie Clark,DevOps Engineer,97972
3796,John Martinez,Project Manager,85403
3797,Alice Anderson,Database Administrator,89691
3798,Sophia Johnson,UX Designer,74724
3799,Olivia Johnson,Software Engineer,87793
3800,Charlie Clark,Network Engineer,77341
3801,Jane Johnson,Data Analyst,65164
3802,Charlie Clark,UX Designer,81987
3803,Michael Harris,Database Administrator,50224
3804,Olivia Lewis,Project Manager,79607
3805,Michael Johnson,Database Administrator,86516
3806,Charlie Clark,DevOps Engineer,71754
3807,Alice Anderson,Data Analyst,83304
3808,Charlie Harris,Product Manager,88745
3809,Bob Lewis,UX Designer,60550
3810,Sophia Lewis,Product Manager,95790
3811,Michael Harris,Data Analyst,75037
3812,Charlie Walker,Software Engineer,72780
3813,Emma Clark,UX Designer,73461
3814,Charlie Harris,DevOps Engineer,75623
3815,Charlie Harris,Network Engineer,76658
3816,Bob Johnson,Software Engineer,76345
3817,Emma Taylor,Software Engineer,65726
3818,David Smith,System Administrator,65857
3819,Emma Brown,Database Administrator,70448
3820,Bob Johnson,Product Manager,78042
3821,Charlie Lewis,Data Analyst,50951
3822,Sophia Martinez,AI Researcher,96084
3823,Bob Walker,Data Analyst,64518
3824,Charlie Lewis,System Administrator,55097
3825,Sophia Brown,Software Engineer,60938
3826,Michael Martinez,AI Researcher,77774
3827,Olivia Brown,UX Designer,53730
3828,Jane Smith,Network Engineer,57722
3829,Charlie Smith,UX Designer,62946
3830,Alice Brown,Database Administrator,95798
3831,David Harris,Software Engineer,99508
3832,Charlie Taylor,Database Administrator,53486
3833,David Martinez,UX Designer,93680
3834,Sophia Johnson,AI Researcher,73818
3835,Olivia Brown,UX Designer,71753
3836,Charlie Taylor,System Administrator,67946
3837,John Anderson,AI Researcher,93718
3838,Emma Smith,UX Designer,90844
3839,Alice Lewis,DevOps Engineer,80687
3840,David Anderson,DevOps Engineer,69603
3841,Michael Walker,DevOps Engineer,97967
3842,Michael Taylor,AI Researcher,65445
3843,Olivia Johnson,DevOps Engineer,98162
3844,John Martinez,Project Manager,69079
3845,Alice Lewis,UX Designer,80412
3846,Jane Johnson,Product Manager,62264
3847,John Taylor,Data Analyst,57317
3848,Alice Smith,DevOps Engineer,93934
3849,Bob Smith,Data Analyst,51181
3850,Michael Anderson,UX Designer,64677
3851,Sophia Johnson,Software Engineer,73800
3852,John Lewis,Network Engineer,63058
3853,Sophia Martinez,Product Manager,91962
3854,David Martinez,AI Researcher,52487
3855,Michael Clark,AI Researcher,95336
3856,John Johnson,Project Manager,65727
3857,Charlie Anderson,Software Engineer,77231
3858,Charlie Martinez,Project Manager,75655
3859,Michael Clark,Product Manager,79342
3860,Charlie Anderson,DevOps Engineer,63979
3861,Bob Johnson,AI Researcher,53982
3862,Sophia Brown,Database Administrator,72794
3863,Emma Johnson,System Administrator,66424
3864,Michael Lewis,Database Administrator,61180
3865,David Taylor,Data Analyst,58171
3866,Sophia Smith,DevOps Engineer,51596
3867,Bob Johnson,Project Manager,87175
3868,Jane Anderson,Project Manager,83969
3869,Alice Harris,Network Engineer,87703
3870,Jane Smith,Product Manager,95660
3871,John Brown,Database Administrator,66092
3872,Sophia Martinez,Software Engineer,83796
3873,Charlie Martinez,Database Administrator,51441
3874,Alice Martinez,AI Researcher,80517
3875,Emma Johnson,Network Engineer,52475
3876,Sophia Martinez,AI Researcher,65115
3877,Bob Walker,System Administrator,60003
3878,John Taylor,DevOps Engineer,74429
3879,Charlie Anderson,Data Analyst,65951
3880,Olivia Johnson,Data Analyst,62167
3881,Sophia Lewis,Project Manager,81875
3882,Sophia Walker,Project Manager,84049
3883,Sophia Smith,Software Engineer,52159
3884,Emma Clark,DevOps Engineer,84788
3885,John Smith,DevOps Engineer,60271
3886,Jane Taylor,Network Engineer,78087
3887,John Taylor,Project Manager,57802
3888,Bob Johnson,System Administrator,59219
3889,Bob Clark,Software Engineer,54409
3890,Olivia Harris,Product Manager,56639
3891,David Taylor,Software Engineer,90914
3892,Olivia Walker,AI Researcher,71004
3893,Michael Anderson,Data Analyst,97671
3894,John Harris,DevOps Engineer,56851
3895,Bob Clark,Software Engineer,98216
3896,Charlie Taylor,UX Designer,81891
3897,John Anderson,DevOps Engineer,72981
3898,Sophia Martinez,Database Administrator,80635
3899,Sophia Anderson,AI Researcher,71387
3900,Michael Smith,Database Administrator,62095
3901,David Anderson,System Administrator,81031
3902,Michael Brown,Project Manager,98453
3903,David Clark,AI Researcher,62325
3904,Olivia Lewis,UX Designer,90674
3905,Charlie Walker,Software Engineer,70814
3906,Emma Johnson,DevOps Engineer,66642
3907,Bob Walker,Product Manager,61695
3908,Charlie Harris,AI Researcher,67118
3909,Michael Harris,Network Engineer,88942
3910,Olivia Anderson,Project Manager,95451
3911,John Smith,System Administrator,80709
3912,David Smith,DevOps Engineer,56079
3913,Olivia Walker,Software Engineer,65491
3914,Jane Brown,Network Engineer,99988
3915,John Walker,UX Designer,65458
3916,Olivia Taylor,Database Administrator,64761
3917,Emma Lewis,Network Engineer,84076
3918,David Smith,AI Researcher,82332
3919,Michael Harris,Product Manager,87796
3920,Alice Harris,Database Administrator,83574
3921,Jane Smith,Product Manager,75435
3922,Emma Taylor,Product Manager,82241
3923,Jane Anderson,Product Manager,89158
3924,Charlie Lewis,Software Engineer,99501
3925,Jane Anderson,DevOps Engineer,86313
3926,Michael Taylor,DevOps Engineer,98746
3927,Jane Clark,Data Analyst,84749
3928,Sophia Brown,Network Engineer,66842
3929,Olivia Harris,System Administrator,92549
3930,Alice Harris,Project Manager,62545
3931,Emma Johnson,System Administrator,51539
3932,Emma Lewis,Database Administrator,60445
3933,John Johnson,Network Engineer,69197
3934,Alice Lewis,Network Engineer,50417
3935,Olivia Harris,AI Researcher,58072
3936,Sophia Anderson,Project Manager,90911
3937,Olivia Taylor,Software Engineer,56976
3938,Michael Clark,Software Engineer,54710
3939,Alice Harris,DevOps Engineer,82221
3940,Olivia Johnson,Product Manager,59742
3941,Emma Johnson,DevOps Engineer,98885
3942,Alice Walker,System Administrator,93900
3943,John Clark,Project Manager,96408
3944,David Anderson,Project Manager,54302
3945,Bob Johnson,DevOps Engineer,75235
3946,Olivia Clark,Project Manager,69706
3947,David Martinez,Product Manager,71645
3948,Michael Brown,Software Engineer,69264
3949,Jane Brown,UX Designer,55733
3950,Emma Johnson,Software Engineer,71310
3951,Bob Harris,Software Engineer,66545
3952,Michael Taylor,Project Manager,61965
3953,David Smith,Database Administrator,99749
3954,Emma Walker,AI Researcher,95525
3955,Emma Johnson,Database Administrator,99748
3956,Charlie Martinez,Project Manager,69648
3957,Sophia Brown,AI Researcher,61184
3958,Olivia Smith,DevOps Engineer,53794
3959,Alice Taylor,Database Administrator,96922
3960,David Anderson,Database Administrator,82601
3961,Sophia Harris,Data Analyst,58755
3962,Sophia Anderson,Database Administrator,58744
3963,Michael Anderson,Product Manager,85772
3964,Michael Lewis,Product Manager,69238
3965,Olivia Taylor,DevOps Engineer,74484
3966,Emma Anderson,AI Researcher,72186
3967,Bob Smith,Database Administrator,51739
3968,Emma Smith,DevOps Engineer,62801
3969,Sophia Brown,Product Manager,59232
3970,Jane Taylor,Software Engineer,70661
3971,Alice Johnson,Data Analyst,94682
3972,David Clark,UX Designer,51664
3973,Alice Clark,AI Researcher,60986
3974,Charlie Taylor,Network Engineer,74988
3975,Sophia Martinez,UX Designer,71869
3976,John Anderson,UX Designer,53268
3977,Michael Martinez,Data Analyst,93678
3978,Alice Martinez,AI Researcher,83019
3979,Charlie Johnson,Project Manager,51934
3980,David Brown,Product Manager,74721
3981,Emma Martinez,Product Manager,60512
3982,Alice Johnson,Software Engineer,71245
3983,Charlie Lewis,Network Engineer,62174
3984,John Anderson,System Administrator,51134
3985,Charlie Smith,System Administrator,60619
3986,Michael Clark,Software Engineer,57401
3987,Olivia Harris,Software Engineer,77657
3988,Sophia Johnson,AI Researcher,59494
3989,Michael Clark,UX Designer,65683
3990,Emma Lewis,UX Designer,62347
3991,Jane Johnson,Product Manager,61921
3992,Jane Martinez,AI Researcher,69483
3993,Sophia Smith,Database Administrator,88973
3994,David Anderson,System Administrator,52341
3995,Olivia Lewis,Network Engineer,51261
3996,Jane Anderson,Data Analyst,78485
3997,Bob Taylor,Data Analyst,56108
3998,Bob Taylor,Network Engineer,58723
3999,John Lewis,System Administrator,61608
4000,Charlie Johnson,UX Designer,61362
4001,Jane Lewis,Database Administrator,85430
4002,Olivia Harris,Software Engineer,90380
4003,Michael Martinez,Data Analyst,57084
4004,David Taylor,UX Designer,83977
4005,Bob Lewis,Product Manager,83250
4006,Charlie Martinez,DevOps Engineer,73856
4007,Olivia Martinez,System Administrator,64477
4008,Olivia Walker,DevOps Engineer,60497
4009,Emma Smith,Data Analyst,63604
4010,David Harris,Software Engineer,64934
4011,Alice Anderson,Network Engineer,58160
4012,Bob Harris,DevOps Engineer,69102
4013,Sophia Clark,Product Manager,92540
4014,Michael Taylor,DevOps Engineer,68293
4015,Alice Anderson,Software Engineer,73554
4016,Sophia Anderson,UX Designer,96292
4017,Jane Taylor,Database Administrator,90395
4018,Olivia Martinez,Project Manager,51530
4019,Bob Clark,Software Engineer,69611
4020,Bob Harris,DevOps Engineer,54052
4021,Bob Lewis,Software Engineer,64775
4022,John Taylor,Software Engineer,73290
4023,Alice Lewis,Database Administrator,51264
4024,Bob Anderson,AI Researcher,72041
4025,Alice Martinez,Data Analyst,51312
4026,Michael Clark,AI Researcher,71644
4027,Charlie Harris,DevOps Engineer,69476
4028,Michael Walker,Project Manager,67787
4029,John Martinez,UX Designer,85467
4030,Emma Taylor,DevOps Engineer,87728
4031,Bob Martinez,DevOps Engineer,60374
4032,Alice Smith,Project Manager,63922
4033,Jane Smith,Product Manager,55124
4034,Olivia Lewis,System Administrator,60894
4035,Olivia Johnson,UX Designer,87059
4036,Charlie Brown,Database Administrator,75790
4037,David Anderson,Project Manager,89268
4038,Jane Walker,DevOps Engineer,79078
4039,Michael Johnson,Data Analyst,81020
4040,Jane Martinez,Database Administrator,96001
4041,Alice Walker,Database Administrator,72561
4042,Michael Taylor,System Administrator,71254
4043,Charlie Smith,Software Engineer,72910
4044,John Harris,System Administrator,51018
4045,Sophia Brown,Product Manager,83544
4046,Emma Smith,Data Analyst,54142
4047,Alice Taylor,Database Administrator,81146
4048,Sophia Taylor,UX Designer,98813
4049,Sophia Smith,Network Engineer,89943
4050,Emma Clark,AI Researcher,77611
4051,David Clark,AI Researcher,92832
4052,Sophia Taylor,Data Analyst,50202
4053,Emma Harris,Product Manager,73742
4054,John Martinez,System Administrator,87332
4055,Michael Smith,Software Engineer,68844
4056,Michael Lewis,DevOps Engineer,90468
4057,Olivia Lewis,Database Administrator,56166
4058,Sophia Martinez,Product Manager,79948
4059,Charlie Clark,DevOps Engineer,53516
4060,Alice Anderson,Database Administrator,98436
4061,David Harris,Data Analyst,74885
4062,John Walker,Software Engineer,68722
4063,Alice Smith,Network Engineer,66700
4064,Bob Harris,System Administrator,69223
4065,Charlie Johnson,Network Engineer,81809
4066,David Clark,System Administrator,83175
4067,Michael Anderson,Data Analyst,55704
4068,Alice Walker,Network Engineer,64024
4069,Emma Brown,Network Engineer,96972
4070,John Johnson,UX Designer,81754
4071,Olivia Johnson,Network Engineer,75033
4072,David Lewis,Data Analyst,94875
4073,Emma Martinez,Database Administrator,62999
4074,John Walker,DevOps Engineer,65569
4075,Bob Lewis,Software Engineer,75480
4076,Olivia Brown,Data Analyst,60213
4077,Sophia Johnson,Data Analyst,68807
4078,Jane Smith,System Administrator,65805
4079,Bob Taylor,Project Manager,62948
4080,Bob Harris,Product Manager,87430
4081,Sophia Lewis,UX Designer,85300
4082,Emma Harris,AI Researcher,62079
4083,David Brown,Database Administrator,54483
4084,Alice Taylor,UX Designer,96479
4085,Emma Clark,Network Engineer,92728
4086,Michael Taylor,Data Analyst,58412
4087,Emma Johnson,Project Manager,57579
4088,Olivia Lewis,Database Administrator,83191
4089,Sophia Lewis,DevOps Engineer,59358
4090,Emma Harris,Software Engineer,93238
4091,Charlie Taylor,Network Engineer,58963
4092,Alice Brown,Data Analyst,56704
4093,Sophia Harris,Database Administrator,56359
4094,John Walker,UX Designer,97958
4095,Michael Lewis,AI Researcher,89060
4096,Michael Harris,UX Designer,65116
4097,David Lewis,Network Engineer,57475
4098,Emma Brown,UX Designer,83326
4099,John Clark,DevOps Engineer,66340
4100,Michael Walker,AI Researcher,89708
4101,Olivia Lewis,DevOps Engineer,62479
4102,Alice Brown,DevOps Engineer,93207
4103,Bob Harris,AI Researcher,90656
4104,John Martinez,Project Manager,80802
4105,Emma Martinez,Product Manager,57526
4106,Sophia Walker,DevOps Engineer,96257
4107,Bob Brown,Database Administrator,67124
4108,David Walker,Product Manager,69665
4109,Alice Johnson,Project Manager,56607
4110,Charlie Martinez,UX Designer,71916
4111,Sophia Taylor,Product Manager,51144
4112,Olivia Walker,Data Analyst,69636
4113,Alice Harris,Network Engineer,97118
4114,Emma Johnson,Database Administrator,51409
4115,John Brown,Data Analyst,76924
4116,Bob Clark,System Administrator,97979
4117,David Martinez,Software Engineer,66885
4118,David Johnson,Network Engineer,55590
4119,Olivia Harris,Database Administrator,96764
4120,Bob Martinez,System Administrator,53167
4121,Sophia Johnson,AI Researcher,72291
4122,Emma Walker,Software Engineer,57180
4123,Sophia Harris,System Administrator,68424
4124,David Johnson,DevOps Engineer,58748
4125,Sophia Anderson,Database Administrator,56810
4126,Sophia Lewis,Product Manager,66805
4127,Jane Lewis,Software Engineer,85883
4128,Bob Martinez,Database Administrator,64857
4129,Bob Johnson,UX Designer,81349
4130,John Johnson,UX Designer,98887
4131,Charlie Martinez,Database Administrator,61148
4132,Charlie Martinez,UX Designer,65675
4133,David Harris,Software Engineer,90243
4134,Emma Lewis,DevOps Engineer,81282
4135,Bob Clark,UX Designer,94868
4136,David Harris,System Administrator,55843
4137,Jane Johnson,Software Engineer,78351
4138,Emma Smith,Data Analyst,76975
4139,Jane Johnson,Data Analyst,93992
4140,Olivia Martinez,UX Designer,69579
4141,David Taylor,Software Engineer,84866
4142,Michael Smith,AI Researcher,99733
4143,Emma Johnson,System Administrator,70151
4144,Charlie Walker,Software Engineer,65677
4145,Bob Harris,Software Engineer,84514
4146,Sophia Taylor,Network Engineer,67006
4147,John Smith,DevOps Engineer,85748
4148,Sophia Walker,Network Engineer,96851
4149,Michael Taylor,DevOps Engineer,52325
4150,Jane Walker,Database Administrator,99346
4151,John Anderson,DevOps Engineer,71502
4152,Michael Brown,UX Designer,93487
4153,Alice Walker,AI Researcher,68590
4154,John Anderson,Project Manager,52029
4155,John Walker,Product Manager,70281
4156,Emma Johnson,Network Engineer,96201
4157,Charlie Anderson,Product Manager,95426
4158,Michael Smith,Data Analyst,51554
4159,John Walker,Project Manager,90808
4160,John Harris,DevOps Engineer,84108
4161,Emma Martinez,DevOps Engineer,75848
4162,Charlie Martinez,Project Manager,96528
4163,David Walker,UX Designer,62720
4164,Olivia Brown,System Administrator,94265
4165,Olivia Taylor,System Administrator,80391
4166,Bob Johnson,Software Engineer,69443
4167,Emma Johnson,UX Designer,62043
4168,Jane Taylor,Project Manager,77436
4169,Sophia Johnson,Product Manager,63228
4170,John Johnson,UX Designer,50865
4171,Bob Brown,Software Engineer,78185
4172,Olivia Walker,AI Researcher,78092
4173,Sophia Anderson,Project Manager,68496
4174,David Smith,Software Engineer,84226
4175,David Harris,DevOps Engineer,65363
4176,Jane Brown,DevOps Engineer,91350
4177,John Lewis,UX Designer,95914
4178,Emma Taylor,Data Analyst,91504
4179,Emma Harris,System Administrator,97833
4180,David Brown,Product Manager,67893
4181,Jane Martinez,System Administrator,54161
4182,Olivia Smith,Database Administrator,97873
4183,Alice Lewis,System Administrator,97972
4184,David Johnson,Software Engineer,77160
4185,John Johnson,DevOps Engineer,62853
4186,Sophia Clark,Database Administrator,85911
4187,Charlie Walker,Project Manager,74640
4188,John Clark,Project Manager,98072
4189,Sophia Clark,Network Engineer,84507
4190,Bob Smith,Network Engineer,86911
4191,Bob Anderson,Project Manager,82122
4192,Alice Anderson,AI Researcher,71425
4193,Jane Anderson,DevOps Engineer,56017
4194,John Harris,Product Manager,58346
4195,Jane Smith,Network Engineer,64408
4196,Alice Smith,Database Administrator,85011
4197,Alice Martinez,AI Researcher,85382
4198,Alice Anderson,AI Researcher,63767
4199,Jane Johnson,DevOps Engineer,61994
4200,Bob Johnson,DevOps Engineer,76091
4201,Charlie Lewis,Project Manager,62811
4202,Charlie Walker,Data Analyst,98946
4203,Charlie Lewis,System Administrator,99999
4204,Emma Johnson,Data Analyst,93861
4205,Emma Taylor,UX Designer,96752
4206,John Lewis,DevOps Engineer,72984
4207,Bob Harris,Data Analyst,59800
4208,Olivia Martinez,System Administrator,57099
4209,Olivia Taylor,Product Manager,84998
4210,Michael Lewis,Data Analyst,58563
4211,Bob Taylor,Database Administrator,68688
4212,Bob Brown,Product Manager,76954
4213,Sophia Taylor,DevOps Engineer,73855
4214,David Walker,AI Researcher,55480
4215,Bob Harris,UX Designer,52158
4216,Emma Brown,System Administrator,84123
4217,Sophia Taylor,Software Engineer,95197
4218,Sophia Walker,DevOps Engineer,86930
4219,Michael Taylor,Project Manager,82773
4220,John Lewis,Product Manager,54239
4221,Michael Harris,Project Manager,73317
4222,Michael Smith,Product Manager,96493
4223,Bob Harris,Data Analyst,89414
4224,Sophia Brown,AI Researcher,72466
4225,John Johnson,Project Manager,86188
4226,David Clark,DevOps Engineer,80966
4227,Emma Anderson,Data Analyst,84668
4228,Alice Walker,Data Analyst,50248
4229,Jane Smith,DevOps Engineer,57346
4230,Alice Walker,Database Administrator,57844
4231,Michael Smith,AI Researcher,98020
4232,Michael Johnson,Database Administrator,82392
4233,Jane Harris,UX Designer,50790
4234,David Clark,Product Manager,89204
4235,Michael Clark,Network Engineer,63867
4236,Emma Anderson,Project Manager,50962
4237,Sophia Johnson,Software Engineer,80570
4238,Jane Taylor,Project Manager,97405
4239,Bob Walker,Data Analyst,51453
4240,David Anderson,Product Manager,67116
4241,David Smith,System Administrator,67353
4242,John Taylor,Database Administrator,79867
4243,John Walker,Database Administrator,89804
4244,Jane Brown,Project Manager,85826
4245,Sophia Brown,Network Engineer,97266
4246,Olivia Walker,Data Analyst,99591
4247,Michael Clark,Software Engineer,76508
4248,Michael Harris,Database Administrator,96830
4249,Alice Taylor,Product Manager,72800
4250,Michael Lewis,DevOps Engineer,92962
4251,Sophia Smith,UX Designer,93766
4252,David Taylor,UX Designer,55256
4253,Michael Smith,Product Manager,86130
4254,Emma Martinez,Project Manager,79127
4255,John Smith,Product Manager,50216
4256,Olivia Walker,DevOps Engineer,79080
4257,Alice Smith,UX Designer,77311
4258,Jane Harris,Project Manager,61830
4259,Sophia Clark,DevOps Engineer,70206
4260,Bob Brown,Product Manager,76302
4261,Sophia Martinez,Database Administrator,67532
4262,Bob Harris,Network Engineer,76070
4263,Jane Lewis,UX Designer,54249
4264,David Harris,Project Manager,53989
4265,John Clark,Software Engineer,67749
4266,Charlie Martinez,System Administrator,81502
4267,John Anderson,Database Administrator,95716
4268,Michael Walker,UX Designer,67992
4269,Charlie Clark,DevOps Engineer,81318
4270,David Harris,Network Engineer,55494
4271,Michael Harris,UX Designer,69935
4272,Alice Brown,Network Engineer,52134
4273,Alice Harris,DevOps Engineer,71315
4274,Olivia Walker,Software Engineer,72117
4275,Bob Clark,Product Manager,85993
4276,Alice Brown,AI Researcher,95541
4277,Michael Walker,Network Engineer,51298
4278,Alice Taylor,Project Manager,79825
4279,Sophia Johnson,System Administrator,67972
4280,Olivia Martinez,UX Designer,71450
4281,Emma Lewis,System Administrator,82360
4282,Bob Harris,Network Engineer,69352
4283,Emma Taylor,Database Administrator,92568
4284,Alice Martinez,Database Administrator,69334
4285,Sophia Walker,Database Administrator,82374
4286,Michael Taylor,UX Designer,85846
4287,David Taylor,Software Engineer,88758
4288,Sophia Lewis,DevOps Engineer,56305
4289,Alice Anderson,UX Designer,84319
4290,Jane Harris,Database Administrator,98299
4291,John Brown,Software Engineer,56129
4292,John Lewis,DevOps Engineer,87686
4293,David Anderson,UX Designer,90861
4294,Bob Smith,UX Designer,75049
4295,Sophia Lewis,System Administrator,92992
4296,Olivia Harris,UX Designer,74697
4297,Charlie Lewis,Software Engineer,81304
4298,Bob Martinez,UX Designer,58068
4299,Michael Taylor,Data Analyst,90305
4300,Emma Taylor,Software Engineer,75060
4301,Alice Smith,DevOps Engineer,76747
4302,John Smith,UX Designer,73762
4303,Olivia Taylor,Product Manager,95924
4304,David Walker,DevOps Engineer,53422
4305,Emma Lewis,Product Manager,81817
4306,Charlie Taylor,Data Analyst,52637
4307,David Johnson,UX Designer,53439
4308,Charlie Brown,DevOps Engineer,57070
4309,Emma Walker,UX Designer,82644
4310,Charlie Lewis,DevOps Engineer,54315
4311,David Taylor,DevOps Engineer,75358
4312,Emma Martinez,Project Manager,70668
4313,John Johnson,Project Manager,53726
4314,John Anderson,Database Administrator,85911
4315,Charlie Walker,Project Manager,65936
4316,John Clark,System Administrator,78654
4317,Michael Anderson,Data Analyst,81876
4318,David Clark,Database Administrator,50386
4319,Alice Lewis,DevOps Engineer,54001
4320,Charlie Anderson,Network Engineer,50768
4321,Olivia Martinez,DevOps Engineer,94158
4322,Bob Taylor,AI Researcher,83251
4323,Jane Anderson,Data Analyst,50489
4324,Bob Smith,UX Designer,55502
4325,Alice Anderson,Data Analyst,66061
4326,Jane Taylor,Project Manager,64785
4327,John Smith,Product Manager,61386
4328,Sophia Clark,System Administrator,90791
4329,Sophia Brown,Data Analyst,92753
4330,Michael Anderson,AI Researcher,78396
4331,David Martinez,Network Engineer,99276
4332,Olivia Lewis,Data Analyst,68685
4333,Michael Martinez,System Administrator,89729
4334,Michael Anderson,Software Engineer,52819
4335,Sophia Anderson,Software Engineer,77109
4336,David Harris,Software Engineer,64888
4337,Emma Walker,Data Analyst,69135
4338,Charlie Anderson,Database Administrator,82656
4339,Charlie Taylor,Data Analyst,75650
4340,Jane Taylor,DevOps Engineer,83223
4341,Emma Martinez,System Administrator,92337
4342,Bob Taylor,Software Engineer,75990
4343,David Brown,Software Engineer,78066
4344,Olivia Martinez,UX Designer,75577
4345,Alice Johnson,Software Engineer,72357
4346,Jane Harris,UX Designer,53213
4347,Michael Walker,System Administrator,81186
4348,Alice Smith,Data Analyst,78451
4349,Charlie Taylor,AI Researcher,71518
4350,Jane Johnson,Product Manager,71984
4351,Michael Brown,Product Manager,94902
4352,Bob Lewis,Project Manager,86282
4353,Olivia Harris,System Administrator,73147
4354,Michael Smith,System Administrator,63474
4355,Sophia Harris,Product Manager,75830
4356,David Harris,Software Engineer,55838
4357,Olivia Martinez,Database Administrator,61626
4358,Alice Taylor,Database Administrator,94984
4359,Michael Taylor,Database Administrator,51539
4360,Olivia Brown,Software Engineer,78706
4361,Emma Harris,Project Manager,84424
4362,Charlie Harris,Database Administrator,87638
4363,Alice Smith,Product Manager,87801
4364,Bob Johnson,Data Analyst,64396
4365,Sophia Martinez,Network Engineer,85609
4366,Alice Johnson,Network Engineer,85075
4367,Olivia Smith,Network Engineer,56942
4368,Emma Taylor,Data Analyst,72870
4369,Olivia Smith,Database Administrator,76938
4370,Charlie Clark,System Administrator,87320
4371,David Anderson,Data Analyst,83593
4372,Alice Clark,Database Administrator,75635
4373,Emma Harris,AI Researcher,58690
4374,Emma Johnson,System Administrator,73077
4375,Emma Clark,Data Analyst,79951
4376,David Lewis,System Administrator,81275
4377,Michael Lewis,Network Engineer,58064
4378,Olivia Brown,Data Analyst,53091
4379,David Clark,Project Manager,64930
4380,Olivia Clark,Network Engineer,94718
4381,Alice Martinez,Database Administrator,65375
4382,Emma Brown,Data Analyst,95872
4383,Sophia Anderson,AI Researcher,89144
4384,John Walker,Software Engineer,53635
4385,Bob Johnson,Database Administrator,64315
4386,John Taylor,AI Researcher,57366
4387,Jane Anderson,Data Analyst,63033
4388,David Smith,Software Engineer,96759
4389,Olivia Anderson,Software Engineer,63857
4390,David Martinez,UX Designer,82045
4391,Michael Smith,Database Administrator,53682
4392,David Johnson,UX Designer,53430
4393,Bob Taylor,System Administrator,76324
4394,David Clark,Network Engineer,75005
4395,John Lewis,DevOps Engineer,54026
4396,David Lewis,UX Designer,70226
4397,Emma Clark,Product Manager,88155
4398,Alice Lewis,Data Analyst,50334
4399,Michael Walker,Product Manager,90582
4400,Bob Clark,UX Designer,73836
4401,John Anderson,Data Analyst,69632
4402,Bob Clark,Software Engineer,98980
4403,Jane Harris,Project Manager,71650
4404,Alice Harris,Product Manager,79676
4405,Sophia Martinez,Data Analyst,68352
4406,Bob Anderson,DevOps Engineer,72600
4407,Alice Lewis,DevOps Engineer,82256
4408,Emma Clark,System Administrator,83167
4409,Bob Johnson,AI Researcher,93758
4410,David Clark,System Administrator,93536
4411,Alice Johnson,Database Administrator,87636
4412,Charlie Martinez,Software Engineer,79802
4413,John Brown,Network Engineer,79965
4414,Bob Taylor,Database Administrator,80976
4415,John Clark,Database Administrator,53292
4416,Michael Smith,Database Administrator,87599
4417,Olivia Martinez,Data Analyst,84757
4418,Michael Walker,DevOps Engineer,72631
4419,Charlie Smith,System Administrator,80070
4420,Michael Walker,Software Engineer,54608
4421,Jane Brown,Network Engineer,74208
4422,Charlie Smith,Data Analyst,58160
4423,Sophia Harris,Database Administrator,79111
4424,John Harris,Project Manager,64107
4425,Emma Harris,AI Researcher,86279
4426,Jane Brown,Network Engineer,78667
4427,Sophia Anderson,Data Analyst,63622
4428,David Lewis,Software Engineer,95109
4429,Michael Harris,Software Engineer,98999
4430,Alice Brown,Software Engineer,86996
4431,Jane Smith,AI Researcher,73637
4432,Alice Brown,AI Researcher,92082
4433,Emma Smith,AI Researcher,89009
4434,Charlie Martinez,UX Designer,52788
4435,Olivia Martinez,UX Designer,63566
4436,Alice Walker,Data Analyst,64941
4437,Sophia Martinez,DevOps Engineer,98547
4438,Olivia Walker,UX Designer,62270
4439,John Johnson,Software Engineer,86765
4440,David Brown,Network Engineer,76056
4441,John Harris,Product Manager,63493
4442,Alice Harris,Product Manager,67088
4443,Michael Brown,Database Administrator,92364
4444,Alice Taylor,Product Manager,52198
4445,John Clark,DevOps Engineer,94395
4446,Olivia Taylor,Data Analyst,76912
4447,Jane Harris,AI Researcher,83143
4448,Olivia Brown,Software Engineer,71816
4449,Alice Anderson,Data Analyst,63672
4450,Charlie Smith,Project Manager,92574
4451,David Walker,DevOps Engineer,60740
4452,Michael Harris,Data Analyst,63805
4453,Alice Harris,DevOps Engineer,65937
4454,Sophia Clark,Network Engineer,66913
4455,Emma Lewis,Product Manager,81936
4456,David Anderson,Software Engineer,83826
4457,Emma Johnson,UX Designer,64487
4458,Jane Harris,Project Manager,97641
4459,John Anderson,Product Manager,59927
4460,Charlie Taylor,System Administrator,66577
4461,Jane Clark,UX Designer,63585
4462,Sophia Harris,Data Analyst,87644
4463,Olivia Martinez,Product Manager,98821
4464,Michael Martinez,Software Engineer,93924
4465,Michael Johnson,Network Engineer,82989
4466,Alice Lewis,AI Researcher,73004
4467,Sophia Anderson,UX Designer,53988
4468,Olivia Anderson,Data Analyst,92943
4469,Sophia Brown,Database Administrator,92325
4470,Charlie Harris,UX Designer,95390
4471,Charlie Taylor,Project Manager,83851
4472,Charlie Walker,System Administrator,53242
4473,Emma Brown,Software Engineer,87021
4474,Alice Harris,System Administrator,68543
4475,Emma Anderson,Data Analyst,64217
4476,John Martinez,UX Designer,60753
4477,Bob Lewis,DevOps Engineer,62810
4478,Jane Brown,Network Engineer,60285
4479,Bob Brown,Network Engineer,70860
4480,Emma Anderson,DevOps Engineer,50702
4481,Charlie Martinez,System Administrator,89716
4482,David Walker,Product Manager,84501
4483,Bob Harris,Database Administrator,79928
4484,John Harris,Project Manager,62437
4485,Olivia Brown,Database Administrator,84947
4486,Jane Smith,Database Administrator,62373
4487,John Taylor,Project Manager,82028
4488,Bob Smith,UX Designer,64522
4489,Sophia Walker,Project Manager,62962
4490,Emma Brown,UX Designer,83894
4491,Jane Harris,System Administrator,79899
4492,John Smith,AI Researcher,70559
4493,David Lewis,Project Manager,90620
4494,Olivia Martinez,Data Analyst,85350
4495,Jane Walker,DevOps Engineer,84692
4496,Michael Harris,Database Administrator,71699
4497,Jane Brown,Network Engineer,52972
4498,Alice Taylor,AI Researcher,81380
4499,Charlie Walker,UX Designer,70919
4500,Emma Brown,Database Administrator,90620
4501,Olivia Lewis,Data Analyst,87308
4502,Olivia Lewis,Product Manager,58543
4503,David Anderson,Product Manager,81223
4504,Michael Johnson,AI Researcher,98623
4505,Emma Lewis,DevOps Engineer,89231
4506,Bob Martinez,System Administrator,71940
4507,Emma Johnson,Product Manager,64892
4508,Jane Walker,Software Engineer,96552
4509,Sophia Brown,Software Engineer,68739
4510,Emma Johnson,UX Designer,93084
4511,Emma Smith,AI Researcher,73233
4512,John Harris,Project Manager,62242
4513,Bob Harris,Software Engineer,76947
4514,Sophia Martinez,Project Manager,58113
4515,Bob Brown,Network Engineer,82341
4516,Michael Brown,Network Engineer,50661
4517,Jane Taylor,DevOps Engineer,62239
4518,David Anderson,UX Designer,86093
4519,Emma Clark,Database Administrator,68165
4520,Olivia Walker,Software Engineer,67474
4521,Sophia Brown,Network Engineer,92183
4522,Jane Johnson,Network Engineer,85638
4523,Jane Clark,System Administrator,82855
4524,Michael Martinez,Data Analyst,93477
4525,Jane Clark,Software Engineer,77316
4526,Olivia Anderson,Product Manager,84167
4527,David Harris,UX Designer,82304
4528,Olivia Brown,UX Designer,63764
4529,John Lewis,DevOps Engineer,79088
4530,Jane Martinez,Network Engineer,55565
4531,Michael Clark,Software Engineer,57959
4532,Emma Martinez,Software Engineer,71525
4533,Michael Harris,Data Analyst,72335
4534,Olivia Anderson,System Administrator,98602
4535,John Brown,Data Analyst,82664
4536,Jane Harris,Data Analyst,70682
4537,Jane Walker,Product Manager,88201
4538,Michael Brown,Software Engineer,98265
4539,Michael Brown,Database Administrator,61420
4540,Jane Anderson,Data Analyst,57122
4541,John Smith,Data Analyst,96840
4542,Olivia Lewis,Data Analyst,90378
4543,Bob Clark,Database Administrator,66017
4544,Alice Brown,UX Designer,59185
4545,Alice Anderson,Database Administrator,56369
4546,David Walker,UX Designer,70406
4547,Charlie Brown,Software Engineer,51960
4548,Sophia Martinez,Software Engineer,67701
4549,David Clark,Product Manager,55455
4550,Michael Clark,Database Administrator,53403
4551,Charlie Harris,DevOps Engineer,58181
4552,Michael Clark,AI Researcher,68201
4553,Sophia Walker,Product Manager,68437
4554,Emma Smith,Product Manager,80129
4555,Charlie Clark,Product Manager,75727
4556,David Johnson,DevOps Engineer,74838
4557,David Walker,Product Manager,69538
4558,David Harris,AI Researcher,91933
4559,Jane Walker,Project Manager,81851
4560,Charlie Martinez,AI Researcher,97786
4561,Michael Harris,Data Analyst,61732
4562,John Taylor,Database Administrator,96799
4563,Charlie Lewis,AI Researcher,68160
4564,Charlie Anderson,Network Engineer,94222
4565,Alice Brown,Project Manager,84814
4566,Olivia Clark,Network Engineer,62509
4567,Alice Smith,System Administrator,81892
4568,Emma Harris,Project Manager,94596
4569,Michael Martinez,Network Engineer,61142
4570,Sophia Johnson,DevOps Engineer,83142
4571,Jane Harris,UX Designer,64215
4572,Emma Johnson,AI Researcher,54830
4573,Olivia Johnson,Data Analyst,93049
4574,Sophia Harris,UX Designer,69412
4575,Emma Anderson,AI Researcher,97083
4576,John Martinez,AI Researcher,86042
4577,Jane Walker,Data Analyst,56988
4578,Bob Walker,System Administrator,56163
4579,Alice Clark,DevOps Engineer,74490
4580,Emma Brown,Project Manager,50238
4581,Charlie Clark,Software Engineer,64827
4582,Jane Smith,Product Manager,93218
4583,Emma Martinez,Software Engineer,64910
4584,Bob Harris,System Administrator,64858
4585,Bob Martinez,Software Engineer,92569
4586,Jane Taylor,Software Engineer,82063
4587,David Smith,Data Analyst,73202
4588,Michael Martinez,AI Researcher,93538
4589,David Taylor,Data Analyst,64956
4590,John Anderson,Network Engineer,63553
4591,Emma Anderson,Database Administrator,82115
4592,Michael Anderson,UX Designer,54943
4593,Alice Johnson,Software Engineer,65422
4594,Alice Harris,System Administrator,53410
4595,Bob Taylor,AI Researcher,64863
4596,Michael Lewis,Product Manager,95088
4597,John Smith,Product Manager,89461
4598,Jane Brown,System Administrator,52190
4599,David Taylor,AI Researcher,72697
4600,Bob Harris,Database Administrator,64821
4601,John Harris,Database Administrator,73146
4602,Emma Clark,Project Manager,94533
4603,Charlie Harris,UX Designer,83724
4604,Bob Johnson,Product Manager,75276
4605,Sophia Clark,AI Researcher,52624
4606,Olivia Johnson,Product Manager,82412
4607,John Smith,DevOps Engineer,96562
4608,David Smith,Software Engineer,93283
4609,Charlie Lewis,AI Researcher,91545
4610,Alice Brown,Database Administrator,82859
4611,David Brown,Database Administrator,69600
4612,John Harris,DevOps Engineer,68717
4613,Sophia Brown,Project Manager,89822
4614,Sophia Anderson,DevOps Engineer,93618
4615,Olivia Brown,Software Engineer,74935
4616,Sophia Clark,Software Engineer,77331
4617,John Johnson,Data Analyst,75231
4618,Sophia Smith,Network Engineer,83369
4619,Michael Clark,UX Designer,54368
4620,Sophia Anderson,Data Analyst,72756
4621,Alice Harris,DevOps Engineer,76683
4622,David Johnson,Network Engineer,74514
4623,Sophia Anderson,Database Administrator,56414
4624,Emma Clark,DevOps Engineer,50421
4625,Michael Smith,AI Researcher,97542
4626,Emma Johnson,UX Designer,64115
4627,Emma Smith,System Administrator,65552
4628,John Brown,DevOps Engineer,59505
4629,Alice Johnson,Project Manager,53554
4630,Alice Brown,System Administrator,82940
4631,Jane Lewis,UX Designer,96290
4632,Sophia Clark,Database Administrator,96501
4633,John Martinez,UX Designer,93134
4634,Michael Johnson,Software Engineer,69038
4635,Alice Taylor,DevOps Engineer,68468
4636,Olivia Harris,Database Administrator,63589
4637,Olivia Taylor,Database Administrator,54700
4638,John Anderson,Database Administrator,69169
4639,Jane Smith,UX Designer,83493
4640,Sophia Lewis,Data Analyst,89933
4641,Michael Johnson,DevOps Engineer,74776
4642,Michael Smith,UX Designer,90447
4643,John Brown,AI Researcher,66174
4644,David Harris,System Administrator,85735
4645,Jane Johnson,UX Designer,89289
4646,Jane Harris,System Administrator,69559
4647,Jane Johnson,Database Administrator,95933
4648,Alice Brown,UX Designer,61438
4649,Alice Anderson,AI Researcher,87722
4650,Emma Brown,Network Engineer,98811
4651,Alice Brown,Data Analyst,69371
4652,Olivia Harris,Database Administrator,51150
4653,Sophia Johnson,Project Manager,64328
4654,David Anderson,DevOps Engineer,79269
4655,Olivia Martinez,UX Designer,99950
4656,David Taylor,Network Engineer,56911
4657,Alice Brown,System Administrator,87087
4658,Sophia Johnson,UX Designer,72209
4659,Sophia Smith,Software Engineer,92698
4660,Bob Brown,System Administrator,89562
4661,Olivia Brown,DevOps Engineer,97779
4662,Michael Anderson,Network Engineer,73221
4663,Bob Johnson,Project Manager,97951
4664,Alice Smith,UX Designer,59452
4665,Olivia Lewis,Software Engineer,94697
4666,Alice Brown,Software Engineer,60984
4667,Emma Smith,Product Manager,93096
4668,Sophia Smith,Project Manager,92131
4669,Olivia Walker,Software Engineer,53823
4670,Sophia Walker,Data Analyst,61947
4671,Alice Johnson,Product Manager,63171
4672,David Brown,Product Manager,67072
4673,Bob Clark,UX Designer,90549
4674,John Brown,Network Engineer,86965
4675,Olivia Harris,Data Analyst,81058
4676,David Walker,Database Administrator,83041
4677,David Brown,UX Designer,66007
4678,Michael Brown,Network Engineer,61965
4679,Alice Taylor,DevOps Engineer,72621
4680,Emma Martinez,Software Engineer,80125
4681,Alice Walker,Product Manager,74442
4682,John Taylor,Database Administrator,83683
4683,Bob Walker,Data Analyst,86749
4684,Emma Harris,Software Engineer,56356
4685,David Taylor,Software Engineer,56941
4686,Charlie Lewis,System Administrator,69637
4687,Sophia Smith,Project Manager,99247
4688,David Harris,Project Manager,85106
4689,Sophia Smith,Network Engineer,59914
4690,Alice Walker,Database Administrator,52567
4691,Bob Walker,UX Designer,58307
4692,Sophia Walker,DevOps Engineer,99644
4693,Olivia Anderson,AI Researcher,99372
4694,Michael Martinez,Project Manager,77465
4695,Olivia Walker,DevOps Engineer,74375
4696,Emma Clark,Project Manager,70271
4697,Alice Clark,UX Designer,68552
4698,Jane Smith,AI Researcher,69431
4699,David Brown,Database Administrator,92926
4700,Emma Lewis,Product Manager,87485
4701,Alice Harris,DevOps Engineer,64507
4702,Olivia Johnson,UX Designer,62475
4703,Bob Brown,AI Researcher,83797
4704,John Johnson,Database Administrator,56229
4705,Michael Anderson,AI Researcher,60119
4706,Charlie Anderson,Software Engineer,97626
4707,Emma Martinez,Data Analyst,85005
4708,Jane Martinez,Network Engineer,79235
4709,Emma Lewis,System Administrator,95435
4710,Bob Johnson,Data Analyst,92625
4711,Bob Martinez,Network Engineer,65512
4712,Emma Clark,Project Manager,76961
4713,David Smith,UX Designer,66535
4714,Charlie Taylor,System Administrator,92206
4715,Alice Martinez,Network Engineer,53584
4716,Sophia Smith,UX Designer,98281
4717,Bob Brown,Database Administrator,96863
4718,Jane Harris,System Administrator,61103
4719,Alice Johnson,Project Manager,98109
4720,Emma Taylor,Data Analyst,60694
4721,Jane Clark,System Administrator,98885
4722,Michael Lewis,Network Engineer,51442
4723,John Smith,System Administrator,74068
4724,Alice Martinez,Product Manager,84138
4725,Bob Harris,Product Manager,74368
4726,David Martinez,Product Manager,57266
4727,Sophia Lewis,Product Manager,52420
4728,John Lewis,Database Administrator,72825
4729,Michael Martinez,System Administrator,54785
4730,Sophia Brown,Project Manager,74459
4731,Bob Anderson,Project Manager,96195
4732,Jane Clark,Data Analyst,51656
4733,John Anderson,DevOps Engineer,99280
4734,Sophia Lewis,Network Engineer,72440
4735,David Brown,UX Designer,65213
4736,Bob Lewis,System Administrator,87781
4737,David Martinez,UX Designer,87169
4738,Olivia Clark,Product Manager,69720
4739,Alice Anderson,Product Manager,72120
4740,Sophia Brown,Database Administrator,97464
4741,Jane Martinez,Project Manager,54448
4742,David Johnson,DevOps Engineer,94685
4743,David Brown,Software Engineer,79647
4744,Olivia Johnson,UX Designer,88034
4745,Emma Taylor,Project Manager,94337
4746,Bob Clark,Project Manager,63822
4747,David Lewis,Product Manager,89356
4748,John Clark,Data Analyst,79802
4749,Alice Smith,DevOps Engineer,59164
4750,Alice Johnson,Database Administrator,60514
4751,Jane Martinez,UX Designer,94963
4752,Sophia Lewis,Project Manager,60661
4753,John Anderson,Product Manager,87715
4754,Alice Lewis,Data Analyst,82058
4755,Olivia Brown,UX Designer,67294
4756,David Johnson,Database Administrator,75824
4757,Bob Clark,DevOps Engineer,71452
4758,Michael Brown,Software Engineer,58377
4759,Alice Walker,Product Manager,95755
4760,Michael Anderson,System Administrator,55948
4761,Jane Martinez,System Administrator,68092
4762,Emma Harris,Product Manager,86276
4763,Michael Brown,AI Researcher,77204
4764,Michael Smith,Product Manager,72772
4765,John Lewis,Project Manager,66022
4766,Sophia Taylor,Database Administrator,66995
4767,John Brown,Network Engineer,86965
4768,John Lewis,System Administrator,58643
4769,David Anderson,Project Manager,70259
4770,David Clark,Software Engineer,75206
4771,John Brown,DevOps Engineer,53718
4772,Olivia Martinez,UX Designer,83114
4773,Sophia Brown,System Administrator,55900
4774,Charlie Taylor,Software Engineer,67553
4775,Sophia Martinez,Project Manager,99153
4776,Charlie Harris,System Administrator,56150
4777,Bob Clark,UX Designer,88221
4778,Michael Lewis,UX Designer,50198
4779,Olivia Taylor,Network Engineer,55376
4780,Michael Harris,UX Designer,58666
4781,Emma Brown,Software Engineer,67604
4782,Alice Smith,Database Administrator,74473
4783,David Smith,DevOps Engineer,80903
4784,Charlie Lewis,Database Administrator,53083
4785,Jane Brown,System Administrator,52521
4786,Jane Walker,AI Researcher,83009
4787,Jane Brown,Data Analyst,78277
4788,Bob Anderson,Product Manager,54272
4789,Emma Smith,DevOps Engineer,50702
4790,Bob Clark,Product Manager,56310
4791,Sophia Johnson,Data Analyst,52200
4792,Alice Johnson,System Administrator,99045
4793,Jane Brown,Product Manager,95136
4794,David Martinez,AI Researcher,62901
4795,David Brown,Project Manager,75768
4796,Olivia Anderson,DevOps Engineer,99772
4797,Sophia Harris,Data Analyst,87426
4798,Jane Smith,Product Manager,65943
4799,David Clark,Project Manager,94933
4800,David Smith,Software Engineer,59276
4801,Olivia Anderson,Data Analyst,53672
4802,Jane Walker,System Administrator,80713
4803,Sophia Harris,Network Engineer,71953
4804,Alice Martinez,AI Researcher,90116
4805,Bob Smith,AI Researcher,58757
4806,Emma Harris,Project Manager,75994
4807,Emma Taylor,Project Manager,97386
4808,John Brown,AI Researcher,89234
4809,David Smith,AI Researcher,63148
4810,Sophia Johnson,UX Designer,86416
4811,Sophia Anderson,System Administrator,92847
4812,Sophia Smith,DevOps Engineer,83785
4813,Michael Walker,Project Manager,54765
4814,Sophia Smith,DevOps Engineer,86336
4815,Jane Walker,System Administrator,87042
4816,Sophia Clark,Data Analyst,52025
4817,Jane Brown,Data Analyst,96369
4818,Michael Lewis,Data Analyst,54556
4819,Olivia Anderson,System Administrator,89030
4820,David Taylor,AI Researcher,60046
4821,Emma Brown,Database Administrator,62336
4822,David Harris,UX Designer,55429
4823,Jane Walker,Data Analyst,91783
4824,Sophia Taylor,Project Manager,89779
4825,Sophia Smith,Data Analyst,91887
4826,Michael Smith,Software Engineer,55778
4827,Sophia Martinez,Product Manager,66658
4828,Bob Anderson,Project Manager,93809
4829,Emma Martinez,System Administrator,66931
4830,Charlie Harris,Database Administrator,57244
4831,Olivia Anderson,Project Manager,76596
4832,Olivia Walker,System Administrator,69277
4833,John Walker,Database Administrator,61965
4834,Sophia Clark,AI Researcher,62932
4835,Michael Clark,Software Engineer,80882
4836,Alice Martinez,Product Manager,89335
4837,Emma Brown,UX Designer,56146
4838,Alice Johnson,AI Researcher,86422
4839,Sophia Lewis,System Administrator,52877
4840,Alice Johnson,System Administrator,78017
4841,Charlie Lewis,Software Engineer,78809
4842,Emma Johnson,AI Researcher,83072
4843,Emma Anderson,DevOps Engineer,79498
4844,Charlie Clark,Project Manager,53627
4845,Alice Lewis,System Administrator,65209
4846,Charlie Lewis,Project Manager,83213
4847,Michael Smith,Software Engineer,72553
4848,Bob Smith,Network Engineer,66638
4849,David Walker,Software Engineer,68712
4850,John Brown,Product Manager,89124
4851,Jane Martinez,Product Manager,70633
4852,John Lewis,Database Administrator,97286
4853,John Anderson,Data Analyst,81259
4854,Charlie Walker,Database Administrator,88048
4855,Alice Smith,UX Designer,54077
4856,David Johnson,Data Analyst,54575
4857,Charlie Smith,UX Designer,53069
4858,Jane Harris,AI Researcher,77458
4859,Bob Walker,Network Engineer,81355
4860,Olivia Walker,Project Manager,80846
4861,Emma Martinez,Database Administrator,54679
4862,Emma Johnson,AI Researcher,58907
4863,Jane Lewis,Database Administrator,93262
4864,Michael Brown,Data Analyst,78573
4865,Michael Smith,DevOps Engineer,60108
4866,Alice Smith,Database Administrator,50720
4867,Alice Smith,UX Designer,87998
4868,Jane Johnson,AI Researcher,76968
4869,Sophia Smith,AI Researcher,87815
4870,Charlie Anderson,Software Engineer,66001
4871,Emma Walker,Software Engineer,87385
4872,David Smith,System Administrator,63740
4873,Jane Anderson,System Administrator,96277
4874,Michael Martinez,Software Engineer,97474
4875,Michael Brown,UX Designer,95542
4876,David Anderson,Database Administrator,61822
4877,Jane Smith,Project Manager,87718
4878,Jane Lewis,DevOps Engineer,55059
4879,Olivia Lewis,DevOps Engineer,99922
4880,Jane Clark,System Administrator,87457
4881,John Harris,Project Manager,81351
4882,Charlie Harris,Database Administrator,94798
4883,John Walker,UX Designer,67785
4884,Bob Harris,Database Administrator,94422
4885,Emma Martinez,UX Designer,57910
4886,Olivia Martinez,DevOps Engineer,97232
4887,Olivia Walker,System Administrator,64157
4888,David Lewis,UX Designer,82116
4889,Bob Anderson,Data Analyst,87414
4890,Sophia Taylor,Database Administrator,82104
4891,Michael Brown,Data Analyst,53085
4892,Michael Brown,UX Designer,75152
4893,Michael Anderson,Data Analyst,57658
4894,David Lewis,Database Administrator,73886
4895,Olivia Harris,DevOps Engineer,73926
4896,Charlie Brown,Network Engineer,92328
4897,John Martinez,Product Manager,69439
4898,Emma Anderson,Data Analyst,64890
4899,Charlie Harris,Database Administrator,60888
4900,Alice Walker,Database Administrator,88747
4901,Jane Clark,Software Engineer,85158
4902,John Brown,Network Engineer,78243
4903,Emma Brown,Project Manager,53931
4904,Michael Walker,Software Engineer,65150
4905,Alice Taylor,Project Manager,93948
4906,Bob Smith,UX Designer,51335
4907,Emma Martinez,AI Researcher,55912
4908,Olivia Clark,Software Engineer,96253
4909,Emma Smith,Software Engineer,89845
4910,David Brown,Project Manager,58879
4911,Sophia Taylor,Product Manager,67186
4912,Emma Taylor,UX Designer,76193
4913,Bob Smith,DevOps Engineer,87172
4914,David Taylor,Data Analyst,75820
4915,John Taylor,Database Administrator,81045
4916,Bob Taylor,Product Manager,78859
4917,Jane Martinez,System Administrator,52811
4918,Michael Johnson,System Administrator,89384
4919,John Smith,Software Engineer,74136
4920,David Johnson,Database Administrator,72437
4921,John Clark,DevOps Engineer,55697
4922,Bob Harris,AI Researcher,79682
4923,Olivia Martinez,Product Manager,57182
4924,Olivia Harris,Database Administrator,69100
4925,Emma Walker,Project Manager,87046
4926,Alice Clark,Product Manager,57780
4927,Charlie Taylor,Software Engineer,94014
4928,Michael Harris,AI Researcher,98629
4929,Michael Clark,DevOps Engineer,55704
4930,John Lewis,Product Manager,63813
4931,Sophia Walker,System Administrator,52473
4932,Bob Harris,Database Administrator,93227
4933,Bob Martinez,Software Engineer,52280
4934,Bob Taylor,Network Engineer,72798
4935,Jane Lewis,DevOps Engineer,52761
4936,Michael Harris,Software Engineer,77595
4937,Michael Lewis,Network Engineer,77692
4938,Jane Johnson,DevOps Engineer,76379
4939,Charlie Johnson,Product Manager,82022
4940,Charlie Walker,Network Engineer,75355
4941,John Clark,DevOps Engineer,87357
4942,Bob Taylor,UX Designer,80617
4943,Jane Brown,AI Researcher,70393
4944,Sophia Smith,AI Researcher,70635
4945,Jane Anderson,Project Manager,86796
4946,John Brown,System Administrator,78187
4947,John Johnson,Database Administrator,51382
4948,Bob Lewis,Project Manager,59778
4949,David Smith,Network Engineer,87410
4950,Sophia Anderson,Project Manager,98455
4951,Charlie Brown,Product Manager,75622
4952,John Harris,Network Engineer,86023
4953,Jane Smith,System Administrator,80893
4954,John Clark,Software Engineer,75766
4955,Bob Taylor,Network Engineer,84020
4956,Sophia Brown,Data Analyst,50861
4957,Olivia Lewis,Software Engineer,92764
4958,Alice Walker,DevOps Engineer,95830
4959,John Harris,Project Manager,63424
4960,Olivia Martinez,Product Manager,67588
4961,Jane Anderson,Network Engineer,85712
4962,Charlie Taylor,DevOps Engineer,73911
4963,Jane Taylor,Data Analyst,92560
4964,Michael Clark,AI Researcher,93189
4965,Charlie Walker,Software Engineer,66839
4966,Charlie Anderson,Data Analyst,99661
4967,Charlie Anderson,Data Analyst,60081
4968,Alice Brown,Software Engineer,87223
4969,Sophia Smith,Project Manager,96801
4970,Bob Lewis,DevOps Engineer,91328
4971,David Taylor,Data Analyst,61899
4972,Bob Anderson,DevOps Engineer,97213
4973,Alice Brown,UX Designer,88089
4974,Michael Harris,Product Manager,58656
4975,Charlie Walker,System Administrator,73038
4976,David Walker,Product Manager,93047
4977,Jane Taylor,Data Analyst,75925
4978,John Harris,Product Manager,70145
4979,Bob Lewis,Software Engineer,66825
4980,Jane Johnson,Network Engineer,95837
4981,Jane Clark,Database Administrator,87931
4982,Sophia Johnson,Software Engineer,53631
4983,Charlie Martinez,DevOps Engineer,91258
4984,Michael Martinez,AI Researcher,98708
4985,Olivia Anderson,Data Analyst,69922
4986,Charlie Martinez,System Administrator,85727
4987,Olivia Johnson,UX Designer,73568
4988,Bob Harris,UX Designer,59304
4989,Jane Clark,DevOps Engineer,55016
4990,Charlie Johnson,Database Administrator,83410
4991,Charlie Lewis,DevOps Engineer,61086
4992,Michael Anderson,DevOps Engineer,56243
4993,John Johnson,DevOps Engineer,96771
4994,Bob Anderson,Product Manager,94554
4995,Emma Martinez,DevOps Engineer,63077
4996,Alice Martinez,Data Analyst,56136
4997,Jane Harris,UX Designer,86687
4998,Emma Harris,Product Manager,71059
4999,Michael Walker,Product Manager,75406
5000,Sophia Anderson,Network Engineer,51475
5001,Michael Lewis,System Administrator,50630
5002,John Clark,UX Designer,91702
5003,David Martinez,AI Researcher,69640
5004,David Clark,Project Manager,85154
5005,Sophia Lewis,Project Manager,64881
5006,John Lewis,Project Manager,64315
5007,Olivia Johnson,Database Administrator,94113
5008,Charlie Harris,System Administrator,99258
5009,Sophia Anderson,Database Administrator,83391
5010,John Lewis,System Administrator,74990
5011,Charlie Smith,DevOps Engineer,53999
5012,Jane Johnson,DevOps Engineer,75656
5013,Bob Smith,Database Administrator,64121
5014,Charlie Walker,System Administrator,69134
5015,Sophia Anderson,UX Designer,99970
5016,John Walker,Data Analyst,91467
5017,Olivia Lewis,Database Administrator,86590
5018,John Johnson,Database Administrator,55936
5019,Alice Harris,System Administrator,53435
5020,Charlie Lewis,DevOps Engineer,64494
5021,Olivia Walker,DevOps Engineer,59544
5022,David Brown,DevOps Engineer,99532
5023,John Brown,Software Engineer,57893
5024,Jane Smith,DevOps Engineer,98347
5025,Charlie Johnson,System Administrator,71945
5026,Bob Walker,Product Manager,97162
5027,David Harris,AI Researcher,64041
5028,Bob Martinez,DevOps Engineer,81990
5029,David Taylor,Product Manager,56524
5030,Emma Anderson,Network Engineer,94258
5031,Charlie Anderson,Product Manager,59612
5032,Charlie Johnson,AI Researcher,76088
5033,Emma Anderson,Database Administrator,98753
5034,Bob Taylor,DevOps Engineer,67516
5035,Bob Lewis,System Administrator,99954
5036,David Smith,Network Engineer,77549
5037,Sophia Anderson,Network Engineer,77334
5038,John Brown,System Administrator,97447
5039,Olivia Lewis,UX Designer,64754
5040,Alice Smith,Product Manager,92868
5041,Jane Harris,AI Researcher,59200
5042,Sophia Smith,System Administrator,92263
5043,Olivia Harris,Database Administrator,90587
5044,Michael Harris,Database Administrator,63427
5045,Alice Walker,System Administrator,78694
5046,John Harris,Product Manager,80516
5047,Olivia Lewis,DevOps Engineer,84318
5048,Charlie Smith,Database Administrator,96019
5049,John Taylor,Data Analyst,67542
5050,Charlie Lewis,Product Manager,90754
5051,David Martinez,AI Researcher,76919
5052,David Johnson,Product Manager,53981
5053,John Anderson,Database Administrator,54267
5054,Alice Lewis,Software Engineer,55938
5055,Olivia Taylor,AI Researcher,79161
5056,Sophia Anderson,AI Researcher,72066
5057,Jane Clark,DevOps Engineer,59495
5058,David Clark,Database Administrator,61494
5059,Emma Walker,AI Researcher,73684
5060,Sophia Lewis,Software Engineer,80083
5061,Sophia Harris,DevOps Engineer,68041
5062,Sophia Smith,Data Analyst,83447
5063,Bob Lewis,DevOps Engineer,50877
5064,John Taylor,Data Analyst,51386
5065,Emma Harris,System Administrator,95499
5066,Olivia Brown,Product Manager,76783
5067,Jane Walker,Database Administrator,56208
5068,David Anderson,AI Researcher,82710
5069,Alice Martinez,Project Manager,85448
5070,Emma Clark,Project Manager,94831
5071,David Martinez,Software Engineer,88390
5072,Michael Walker,Product Manager,96441
5073,Charlie Smith,Network Engineer,71881
5074,Charlie Anderson,System Administrator,84044
5075,David Johnson,Software Engineer,96862
5076,Michael Martinez,Project Manager,53805
5077,Emma Walker,Software Engineer,63278
5078,Michael Smith,DevOps Engineer,99560
5079,Alice Anderson,System Administrator,90637
5080,David Harris,UX Designer,53221
5081,Sophia Walker,Data Analyst,78908
5082,David Lewis,AI Researcher,66737
5083,Jane Martinez,System Administrator,70347
5084,Sophia Harris,DevOps Engineer,59810
5085,David Clark,UX Designer,68734
5086,Alice Smith,Network Engineer,96199
5087,Sophia Lewis,Database Administrator,74067
5088,Alice Martinez,Software Engineer,54882
5089,Charlie Walker,Software Engineer,98131
5090,Charlie Anderson,Data Analyst,84053
5091,David Harris,Software Engineer,95810
5092,David Walker,AI Researcher,96163
5093,Michael Anderson,Network Engineer,53769
5094,Charlie Harris,UX Designer,92549
5095,Emma Clark,Data Analyst,93432
5096,Michael Anderson,System Administrator,69983
5097,Emma Martinez,AI Researcher,50104
5098,Sophia Anderson,DevOps Engineer,88799
5099,John Walker,Software Engineer,97783
5100,Michael Smith,Software Engineer,77983
5101,David Brown,AI Researcher,89980
5102,Olivia Lewis,System Administrator,97875
5103,John Anderson,Database Administrator,62487
5104,Alice Smith,Database Administrator,65697
5105,Olivia Martinez,AI Researcher,93032
5106,Emma Taylor,DevOps Engineer,83353
5107,Charlie Anderson,Software Engineer,60944
5108,Bob Clark,Software Engineer,55902
5109,Michael Martinez,Product Manager,75068
5110,John Lewis,Project Manager,57571
5111,David Anderson,System Administrator,72888
5112,Olivia Smith,AI Researcher,90064
5113,Bob Walker,Software Engineer,72947
5114,Alice Lewis,Network Engineer,53825
5115,Jane Martinez,Data Analyst,89731
5116,Bob Lewis,Product Manager,66903
5117,Alice Harris,UX Designer,61464
5118,John Smith,Database Administrator,91308
5119,Jane Smith,DevOps Engineer,53702
5120,Jane Harris,Product Manager,72687
5121,Olivia Smith,DevOps Engineer,67848
5122,Olivia Clark,UX Designer,64377
5123,Olivia Johnson,Database Administrator,94343
5124,Bob Martinez,Network Engineer,80086
5125,Bob Clark,Product Manager,97225
5126,Charlie Walker,Data Analyst,58506
5127,Olivia Walker,DevOps Engineer,94205
5128,Sophia Walker,AI Researcher,75870
5129,Olivia Martinez,Network Engineer,61267
5130,Olivia Lewis,AI Researcher,76248
5131,Bob Harris,Software Engineer,90906
5132,Charlie Martinez,Project Manager,68145
5133,Emma Lewis,DevOps Engineer,86780
5134,Olivia Harris,AI Researcher,98212
5135,Olivia Anderson,System Administrator,51495
5136,Alice Johnson,DevOps Engineer,88621
5137,Olivia Harris,DevOps Engineer,70264
5138,Alice Smith,Data Analyst,89748
5139,Jane Walker,Product Manager,86148
5140,Alice Martinez,UX Designer,63293
5141,Charlie Smith,Product Manager,75565
5142,Sophia Brown,Network Engineer,75383
5143,Charlie Lewis,DevOps Engineer,93505
5144,Sophia Martinez,DevOps Engineer,78071
5145,Jane Johnson,Network Engineer,57498
5146,Michael Harris,Software Engineer,92347
5147,Emma Smith,DevOps Engineer,99509
5148,Emma Taylor,Software Engineer,99371
5149,David Harris,System Administrator,95202
5150,Jane Taylor,Network Engineer,57382
5151,Olivia Brown,UX Designer,57015
5152,Jane Smith,System Administrator,98875
5153,Olivia Lewis,UX Designer,52390
5154,Charlie Lewis,DevOps Engineer,94838
5155,Jane Walker,DevOps Engineer,75567
5156,Bob Johnson,DevOps Engineer,84912
5157,Jane Harris,AI Researcher,70955
5158,Michael Clark,AI Researcher,61986
5159,Emma Clark,DevOps Engineer,60869
5160,Alice Harris,Network Engineer,60025
5161,Jane Harris,Database Administrator,58677
5162,Alice Walker,DevOps Engineer,95699
5163,Bob Martinez,Product Manager,80410
5164,Michael Johnson,DevOps Engineer,99608
5165,David Brown,Project Manager,60642
5166,Bob Martinez,Network Engineer,58891
5167,Olivia Walker,Software Engineer,93499
5168,David Clark,DevOps Engineer,75244
5169,Michael Smith,Project Manager,98958
5170,Sophia Smith,AI Researcher,68413
5171,David Martinez,Database Administrator,51119
5172,Charlie Johnson,Project Manager,87999
5173,Bob Johnson,Project Manager,87227
5174,David Anderson,AI Researcher,78743
5175,David Walker,Data Analyst,57938
5176,Sophia Anderson,Database Administrator,50990
5177,Emma Brown,System Administrator,74721
5178,Charlie Martinez,DevOps Engineer,57207
5179,Jane Martinez,Data Analyst,69892
5180,David Walker,UX Designer,60294
5181,David Clark,Project Manager,97059
5182,Michael Clark,Project Manager,73356
5183,Emma Clark,System Administrator,70260
5184,Olivia Smith,AI Researcher,59241
5185,Bob Smith,DevOps Engineer,52880
5186,Michael Smith,AI Researcher,74839
5187,Charlie Taylor,DevOps Engineer,91282
5188,Michael Smith,DevOps Engineer,81106
5189,Olivia Lewis,Database Administrator,89691
5190,Bob Harris,Database Administrator,52070
5191,Alice Taylor,DevOps Engineer,89892
5192,John Walker,DevOps Engineer,50197
5193,Bob Martinez,Data Analyst,56177
5194,Michael Harris,AI Researcher,55298
5195,Emma Smith,System Administrator,81276
5196,Charlie Walker,Database Administrator,72303
5197,Sophia Smith,Project Manager,91956
5198,Olivia Martinez,Data Analyst,97183
5199,Sophia Anderson,Data Analyst,53358
5200,Charlie Smith,Product Manager,59054
5201,Michael Brown,System Administrator,95197
5202,Charlie Brown,AI Researcher,86469
5203,Olivia Harris,Product Manager,53692
5204,Michael Brown,Database Administrator,83997
5205,Sophia Johnson,AI Researcher,72215
5206,Olivia Taylor,Database Administrator,99717
5207,Sophia Clark,Network Engineer,74804
5208,Charlie Clark,Data Analyst,50402
5209,David Taylor,Product Manager,63550
5210,Olivia Lewis,UX Designer,69796
5211,Sophia Lewis,Database Administrator,92815
5212,Bob Clark,Database Administrator,95936
5213,Emma Smith,Network Engineer,55856
5214,Michael Martinez,Network Engineer,89382
5215,Alice Brown,UX Designer,83641
5216,Jane Martinez,System Administrator,99690
5217,Charlie Harris,Product Manager,90978
5218,Bob Walker,Product Manager,82011
5219,David Anderson,System Administrator,58241
5220,Bob Harris,Database Administrator,77730
5221,Alice Anderson,Data Analyst,73986
5222,Jane Taylor,Software Engineer,97658
5223,Bob Taylor,Database Administrator,73175
5224,John Martinez,DevOps Engineer,84414
5225,Sophia Martinez,Network Engineer,61905
5226,John Lewis,Product Manager,51071
5227,Bob Brown,Software Engineer,66676
5228,Olivia Taylor,Software Engineer,81793
5229,Jane Brown,UX Designer,57545
5230,Emma Johnson,Project Manager,96468
5231,John Martinez,Project Manager,77060
5232,Michael Clark,Network Engineer,90287
5233,John Martinez,Network Engineer,58224
5234,Charlie Johnson,Product Manager,62057
5235,Sophia Walker,Network Engineer,61730
5236,David Brown,System Administrator,64912
5237,Jane Walker,Product Manager,89040
5238,Alice Anderson,System Administrator,66484
5239,Jane Anderson,DevOps Engineer,81132
5240,Charlie Lewis,UX Designer,74803
5241,Bob Martinez,Software Engineer,91939
5242,Bob Brown,Database Administrator,52871
5243,David Johnson,UX Designer,51378
5244,Sophia Lewis,Network Engineer,66926
5245,John Walker,Product Manager,65987
5246,Alice Taylor,Database Administrator,72421
5247,Alice Walker,Project Manager,57264
5248,Michael Lewis,AI Researcher,76011
5249,Alice Walker,Software Engineer,56221
5250,Alice Smith,Product Manager,77106
5251,Bob Clark,Network Engineer,64808
5252,Bob Clark,Product Manager,77342
5253,David Harris,DevOps Engineer,53368
5254,John Clark,UX Designer,58655
5255,Sophia Lewis,Project Manager,86110
5256,Jane Walker,Network Engineer,72871
5257,Emma Clark,Data Analyst,75638
5258,Olivia Anderson,Project Manager,93916
5259,Alice Anderson,Database Administrator,71126
5260,Bob Brown,Product Manager,93955
5261,Michael Walker,Product Manager,65221
5262,Jane Lewis,DevOps Engineer,61138
5263,Jane Johnson,DevOps Engineer,63464
5264,Michael Brown,System Administrator,72218
5265,Jane Harris,Data Analyst,61986
5266,Charlie Smith,System Administrator,50643
5267,John Brown,Software Engineer,97678
5268,Alice Harris,Data Analyst,84511
5269,Olivia Harris,Product Manager,89909
5270,Jane Lewis,Network Engineer,61733
5271,Michael Clark,AI Researcher,71109
5272,Michael Harris,Network Engineer,97313
5273,David Brown,Project Manager,54201
5274,Sophia Martinez,Product Manager,88970
5275,Jane Clark,Network Engineer,85800
5276,Emma Clark,System Administrator,71767
5277,Alice Johnson,Software Engineer,91042
5278,John Anderson,DevOps Engineer,96046
5279,Charlie Smith,Database Administrator,71979
5280,John Harris,Data Analyst,99494
5281,Michael Walker,System Administrator,97577
5282,David Taylor,Database Administrator,81005
5283,Jane Clark,Database Administrator,71791
5284,Alice Harris,DevOps Engineer,93695
5285,Sophia Clark,Data Analyst,63689
5286,Jane Martinez,System Administrator,90883
5287,Sophia Walker,Project Manager,53518
5288,John Anderson,Database Administrator,52833
5289,Alice Brown,Software Engineer,95444
5290,Alice Lewis,System Administrator,99400
5291,Charlie Clark,Database Administrator,72732
5292,Bob Martinez,Product Manager,74287
5293,Emma Lewis,Project Manager,82527
5294,Jane Taylor,Software Engineer,84296
5295,David Smith,DevOps Engineer,74450
5296,Olivia Lewis,Data Analyst,66070
5297,Alice Smith,UX Designer,80380
5298,Bob Anderson,System Administrator,62714
5299,Alice Brown,System Administrator,98702
5300,Bob Martinez,DevOps Engineer,60204
5301,Charlie Lewis,Product Manager,99474
5302,Michael Smith,Data Analyst,58960
5303,Emma Johnson,DevOps Engineer,84129
5304,Michael Johnson,UX Designer,61263
5305,Michael Johnson,AI Researcher,83469
5306,Sophia Walker,AI Researcher,56691
5307,Olivia Lewis,Data Analyst,53556
5308,Bob Martinez,Network Engineer,68025
5309,Sophia Martinez,Data Analyst,76273
5310,Michael Brown,DevOps Engineer,86035
5311,Olivia Brown,Software Engineer,82531
5312,Charlie Brown,Project Manager,63917
5313,John Walker,Software Engineer,76582
5314,Olivia Martinez,Software Engineer,86598
5315,Charlie Clark,AI Researcher,93504
5316,David Anderson,Network Engineer,91530
5317,Jane Taylor,AI Researcher,97963
5318,Jane Johnson,AI Researcher,67262
5319,Michael Johnson,Project Manager,59803
5320,Alice Anderson,UX Designer,87728
5321,John Martinez,Product Manager,74325
5322,Emma Smith,System Administrator,92659
5323,Jane Martinez,Product Manager,68431
5324,David Clark,System Administrator,62598
5325,David Lewis,Software Engineer,74783
5326,John Taylor,UX Designer,96846
5327,Bob Brown,Data Analyst,72960
5328,David Taylor,System Administrator,80804
5329,Alice Harris,Network Engineer,84600
5330,Alice Anderson,System Administrator,72170
5331,John Martinez,Software Engineer,91942
5332,Emma Lewis,Project Manager,53539
5333,Michael Walker,System Administrator,58678
5334,John Johnson,DevOps Engineer,90164
5335,John Johnson,System Administrator,70739
5336,Jane Clark,Data Analyst,60704
5337,Olivia Lewis,Project Manager,65329
5338,Emma Walker,DevOps Engineer,79808
5339,Emma Smith,System Administrator,82536
5340,Jane Martinez,DevOps Engineer,58627
5341,Alice Harris,UX Designer,86636
5342,David Lewis,Network Engineer,78769
5343,Olivia Harris,AI Researcher,99801
5344,Olivia Johnson,Data Analyst,85346
5345,David Taylor,Network Engineer,86799
5346,John Anderson,Database Administrator,69496
5347,Emma Smith,Software Engineer,52099
5348,Alice Lewis,Network Engineer,91475
5349,Emma Clark,AI Researcher,81619
5350,David Smith,Product Manager,51319
5351,Olivia Clark,AI Researcher,74193
5352,Alice Taylor,UX Designer,72045
5353,David Anderson,Data Analyst,61766
5354,Emma Walker,Data Analyst,66794
5355,Alice Taylor,Data Analyst,71345
5356,Emma Smith,Product Manager,96510
5357,Michael Martinez,UX Designer,71036
5358,David Clark,UX Designer,63094
5359,Emma Anderson,Data Analyst,57553
5360,John Anderson,Network Engineer,50114
5361,Michael Walker,System Administrator,71883
5362,Emma Johnson,Product Manager,71228
5363,David Lewis,Network Engineer,63956
5364,Michael Walker,DevOps Engineer,56500
5365,Charlie Harris,System Administrator,88400
5366,David Johnson,Network Engineer,82146
5367,John Martinez,Database Administrator,71386
5368,John Martinez,UX Designer,95290
5369,David Lewis,Product Manager,63074
5370,David Taylor,AI Researcher,85646
5371,Bob Anderson,Project Manager,53280
5372,Bob Harris,Database Administrator,96765
5373,Jane Smith,AI Researcher,57630
5374,Alice Lewis,Data Analyst,88930
5375,Olivia Taylor,AI Researcher,75358
5376,John Brown,Data Analyst,57030
5377,John Lewis,UX Designer,51153
5378,Bob Taylor,Data Analyst,72021
5379,Bob Walker,System Administrator,80728
5380,Emma Brown,Project Manager,78443
5381,Bob Smith,System Administrator,79150
5382,Olivia Anderson,Database Administrator,86978
5383,David Harris,Product Manager,79487
5384,Jane Brown,AI Researcher,52533
5385,John Brown,Product Manager,84784
5386,John Walker,DevOps Engineer,63366
5387,David Walker,Database Administrator,58126
5388,Emma Clark,DevOps Engineer,88453
5389,Bob Taylor,Software Engineer,92806
5390,John Brown,UX Designer,89146
5391,David Brown,AI Researcher,72549
5392,Olivia Taylor,UX Designer,50128
5393,Olivia Lewis,UX Designer,94257
5394,Charlie Brown,AI Researcher,91616
5395,John Lewis,DevOps Engineer,76671
5396,Olivia Johnson,Project Manager,59201
5397,Alice Martinez,System Administrator,61202
5398,Michael Brown,UX Designer,77702
5399,Olivia Brown,Software Engineer,82363
5400,John Brown,Project Manager,87986
5401,John Brown,DevOps Engineer,83652
5402,Sophia Walker,Database Administrator,97202
5403,David Johnson,Network Engineer,61436
5404,Michael Martinez,Product Manager,57080
5405,David Brown,UX Designer,89157
5406,Michael Johnson,Project Manager,86494
5407,Bob Anderson,Project Manager,58106
5408,Olivia Anderson,AI Researcher,89200
5409,Alice Anderson,System Administrator,69289
5410,Emma Harris,Project Manager,86003
5411,John Clark,Product Manager,70877
5412,Alice Anderson,System Administrator,69327
5413,Sophia Taylor,Product Manager,54251
5414,Sophia Smith,Data Analyst,84858
5415,Olivia Harris,DevOps Engineer,69409
5416,Charlie Clark,Software Engineer,92397
5417,Jane Walker,Database Administrator,92965
5418,Jane Anderson,UX Designer,73796
5419,Jane Lewis,System Administrator,88400
5420,John Brown,Network Engineer,56161
5421,Michael Martinez,DevOps Engineer,60732
5422,Charlie Taylor,UX Designer,90600
5423,Olivia Brown,UX Designer,86770
5424,Charlie Johnson,DevOps Engineer,85705
5425,Charlie Lewis,System Administrator,70990
5426,Jane Harris,System Administrator,59463
5427,Jane Lewis,System Administrator,64724
5428,Bob Harris,UX Designer,58286
5429,Bob Smith,AI Researcher,61483
5430,Emma Martinez,DevOps Engineer,59124
5431,Emma Brown,Data Analyst,65956
5432,Bob Taylor,UX Designer,65558
5433,Alice Martinez,Database Administrator,65708
5434,Bob Anderson,UX Designer,98519
5435,Jane Anderson,DevOps Engineer,90697
5436,Emma Martinez,Database Administrator,62672
5437,Michael Lewis,Network Engineer,64955
5438,Jane Taylor,AI Researcher,73734
5439,Charlie Harris,Project Manager,54429
5440,Michael Smith,Software Engineer,54663
5441,Bob Anderson,Database Administrator,55607
5442,Charlie Clark,Database Administrator,73977
5443,Sophia Walker,Project Manager,54619
5444,Bob Clark,AI Researcher,80696
5445,David Brown,Network Engineer,54380
5446,Emma Taylor,Product Manager,71373
5447,Bob Lewis,Product Manager,55246
5448,Alice Anderson,DevOps Engineer,61088
5449,Olivia Smith,Database Administrator,98824
5450,Sophia Walker,System Administrator,91957
5451,Emma Johnson,Database Administrator,70715
5452,Bob Harris,UX Designer,68270
5453,Alice Smith,DevOps Engineer,64019
5454,Charlie Johnson,Product Manager,78851
5455,Olivia Johnson,DevOps Engineer,96694
5456,Bob Lewis,UX Designer,89526
5457,Bob Anderson,UX Designer,61534
5458,Michael Anderson,Database Administrator,63011
5459,David Lewis,Software Engineer,86310
5460,David Johnson,Product Manager,80427
5461,Sophia Harris,Product Manager,73512
5462,Emma Lewis,Software Engineer,97299
5463,John Anderson,Software Engineer,75692
5464,Michael Harris,Data Analyst,50675
5465,Michael Harris,Network Engineer,80434
5466,Emma Clark,Project Manager,86098
5467,Emma Smith,Network Engineer,56653
5468,Sophia Taylor,Database Administrator,99289
5469,Olivia Walker,Project Manager,99958
5470,Sophia Lewis,DevOps Engineer,84311
5471,Michael Lewis,Software Engineer,75535
5472,Alice Johnson,Project Manager,97205
5473,Charlie Anderson,Network Engineer,55221
5474,Olivia Martinez,Network Engineer,92684
5475,Alice Anderson,System Administrator,94963
5476,Bob Smith,Network Engineer,65094
5477,Michael Smith,Software Engineer,70889
5478,Jane Lewis,DevOps Engineer,84326
5479,Sophia Smith,Database Administrator,53901
5480,Michael Anderson,Project Manager,89214
5481,Michael Lewis,Database Administrator,69345
5482,Bob Taylor,AI Researcher,59774
5483,Jane Martinez,Data Analyst,78493
5484,Michael Martinez,Network Engineer,52713
5485,Alice Clark,Database Administrator,94987
5486,David Clark,Product Manager,50876
5487,Emma Martinez,Database Administrator,86600
5488,David Martinez,Data Analyst,89797
5489,Emma Taylor,Network Engineer,50071
5490,Alice Clark,Software Engineer,51697
5491,Alice Clark,Network Engineer,85632
5492,Charlie Lewis,DevOps Engineer,57013
5493,David Smith,UX Designer,56689
5494,Charlie Clark,Network Engineer,69393
5495,Sophia Walker,DevOps Engineer,53685
5496,Sophia Johnson,Database Administrator,55202
5497,Bob Harris,Database Administrator,53317
5498,Emma Taylor,Network Engineer,67992
5499,Michael Anderson,DevOps Engineer,54141
5500,John Anderson,DevOps Engineer,77224
5501,Olivia Clark,DevOps Engineer,56231
5502,Sophia Taylor,Product Manager,78875
5503,Charlie Taylor,UX Designer,72008
5504,David Anderson,AI Researcher,89975
5505,Jane Martinez,Database Administrator,63396
5506,Alice Brown,Project Manager,64259
5507,Michael Johnson,UX Designer,90193
5508,Jane Anderson,AI Researcher,50837
5509,Bob Martinez,Data Analyst,54980
5510,Sophia Taylor,Software Engineer,62705
5511,John Taylor,Software Engineer,75938
5512,Bob Brown,Software Engineer,89723
5513,Olivia Harris,Project Manager,64027
5514,Alice Taylor,UX Designer,84925
5515,Alice Anderson,Network Engineer,91567
5516,Olivia Lewis,Software Engineer,51621
5517,Sophia Taylor,Product Manager,77814
5518,Bob Brown,Software Engineer,94146
5519,Sophia Martinez,Database Administrator,66615
5520,David Anderson,Network Engineer,65147
5521,John Anderson,Project Manager,74263
5522,Sophia Harris,UX Designer,81758
5523,Jane Walker,Network Engineer,93748
5524,Olivia Lewis,UX Designer,94162
5525,Olivia Johnson,Data Analyst,64985
5526,Sophia Taylor,Network Engineer,76567
5527,Michael Anderson,AI Researcher,50085
5528,Sophia Clark,Product Manager,94397
5529,Michael Johnson,Software Engineer,77783
5530,Emma Harris,Network Engineer,53597
5531,Olivia Walker,Database Administrator,58082
5532,Michael Johnson,System Administrator,54817
5533,David Taylor,Product Manager,53128
5534,Emma Brown,Network Engineer,94159
5535,Charlie Harris,DevOps Engineer,93956
5536,David Smith,DevOps Engineer,81100
5537,Olivia Clark,DevOps Engineer,82201
5538,Olivia Brown,AI Researcher,71838
5539,Charlie Clark,UX Designer,77022
5540,Sophia Smith,UX Designer,56209
5541,Jane Lewis,Product Manager,55753
5542,Jane Taylor,UX Designer,60885
5543,Michael Smith,Product Manager,72925
5544,John Martinez,UX Designer,72108
5545,Michael Walker,Network Engineer,60134
5546,David Harris,Software Engineer,58528
5547,Charlie Martinez,Project Manager,80735
5548,Bob Martinez,UX Designer,83215
5549,Emma Martinez,DevOps Engineer,97286
5550,Sophia Walker,Project Manager,85708
5551,Olivia Taylor,Network Engineer,70058
5552,Alice Brown,DevOps Engineer,75117
5553,David Brown,Product Manager,72596
5554,Bob Lewis,AI Researcher,74625
5555,Bob Clark,AI Researcher,94515
5556,Jane Martinez,DevOps Engineer,75297
5557,Emma Lewis,Data Analyst,94287
5558,Sophia Martinez,Database Administrator,80256
5559,Jane Clark,Project Manager,79721
5560,Michael Lewis,Software Engineer,54609
5561,Bob Anderson,DevOps Engineer,86944
5562,John Clark,Project Manager,77158
5563,Michael Smith,Network Engineer,76639
5564,Emma Smith,Database Administrator,50347
5565,Alice Clark,Database Administrator,92530
5566,Olivia Clark,Data Analyst,69977
5567,Michael Anderson,DevOps Engineer,79046
5568,Bob Brown,UX Designer,61367
5569,John Taylor,AI Researcher,67851
5570,Olivia Lewis,Network Engineer,67948
5571,David Brown,Data Analyst,59338
5572,Charlie Johnson,System Administrator,60658
5573,Bob Lewis,UX Designer,86149
5574,Alice Anderson,Product Manager,69817
5575,Sophia Lewis,Project Manager,94089
5576,Bob Taylor,Data Analyst,50801
5577,Emma Brown,Software Engineer,50040
5578,Sophia Martinez,DevOps Engineer,82147
5579,Emma Brown,UX Designer,64409
5580,Emma Johnson,Data Analyst,56005
5581,Alice Lewis,DevOps Engineer,55440
5582,Sophia Martinez,UX Designer,59890
5583,David Brown,Project Manager,87993
5584,Sophia Walker,Network Engineer,55765
5585,Sophia Walker,UX Designer,91030
5586,Bob Brown,Data Analyst,84621
5587,David Johnson,DevOps Engineer,84734
5588,Bob Harris,AI Researcher,97463
5589,Charlie Lewis,Network Engineer,98349
5590,Jane Harris,System Administrator,51278
5591,Bob Harris,DevOps Engineer,88049
5592,David Smith,AI Researcher,70279
5593,Michael Johnson,Product Manager,85847
5594,Bob Anderson,UX Designer,59654
5595,Emma Taylor,Network Engineer,52054
5596,Bob Walker,UX Designer,74831
5597,David Anderson,UX Designer,96896
5598,Jane Walker,Database Administrator,66922
5599,Olivia Anderson,Project Manager,55671
5600,Charlie Johnson,Network Engineer,85425
5601,John Martinez,Data Analyst,87362
5602,Michael Brown,UX Designer,70107
5603,Charlie Anderson,Database Administrator,55548
5604,Bob Brown,Project Manager,68995
5605,Charlie Lewis,Product Manager,83097
5606,Olivia Johnson,Data Analyst,81232
5607,Charlie Brown,AI Researcher,83655
5608,John Lewis,Software Engineer,84970
5609,Bob Walker,DevOps Engineer,51377
5610,Olivia Walker,Project Manager,85483
5611,Bob Brown,Software Engineer,50153
5612,Jane Martinez,UX Designer,86491
5613,David Walker,Data Analyst,87521
5614,Emma Clark,Product Manager,94599
5615,Emma Harris,Project Manager,92167
5616,Olivia Anderson,System Administrator,78060
5617,Jane Martinez,Network Engineer,80342
5618,John Taylor,Project Manager,66657
5619,Bob Anderson,Network Engineer,68004
5620,Alice Anderson,UX Designer,85513
5621,Alice Lewis,Network Engineer,98938
5622,Jane Walker,System Administrator,56127
5623,David Smith,Network Engineer,70602
5624,Emma Anderson,DevOps Engineer,54428
5625,John Walker,AI Researcher,95320
5626,Charlie Anderson,Product Manager,82309
5627,Charlie Harris,DevOps Engineer,67304
5628,John Martinez,AI Researcher,53219
5629,Emma Johnson,System Administrator,97309
5630,Bob Brown,Network Engineer,71261
5631,Sophia Johnson,Project Manager,97276
5632,Olivia Anderson,DevOps Engineer,73184
5633,Charlie Harris,System Administrator,78686
5634,Olivia Walker,Database Administrator,91320
5635,Charlie Anderson,Project Manager,68026
5636,Sophia Brown,AI Researcher,91887
5637,Bob Smith,DevOps Engineer,64161
5638,David Martinez,Network Engineer,68134
5639,Alice Johnson,System Administrator,50298
5640,Alice Johnson,AI Researcher,61317
5641,John Lewis,System Administrator,82281
5642,Bob Johnson,AI Researcher,94076
5643,Olivia Anderson,Database Administrator,97141
5644,Emma Brown,Product Manager,98250
5645,John Walker,DevOps Engineer,72113
5646,John Brown,Project Manager,69712
5647,Alice Harris,Network Engineer,66065
5648,Alice Martinez,DevOps Engineer,65574
5649,Charlie Martinez,Data Analyst,65576
5650,Jane Lewis,Database Administrator,71831
5651,Alice Smith,Project Manager,74163
5652,Sophia Lewis,System Administrator,66803
5653,Charlie Clark,UX Designer,70380
5654,David Martinez,Product Manager,74667
5655,Charlie Taylor,Software Engineer,61032
5656,Charlie Clark,Project Manager,53560
5657,Alice Johnson,System Administrator,62118
5658,Michael Harris,Product Manager,76376
5659,Sophia Brown,UX Designer,71341
5660,Sophia Harris,Software Engineer,88596
5661,John Taylor,Database Administrator,71522
5662,John Johnson,UX Designer,88234
5663,Alice Brown,Network Engineer,53419
5664,Charlie Lewis,Software Engineer,81010
5665,Charlie Harris,DevOps Engineer,85270
5666,John Walker,Project Manager,94974
5667,Alice Walker,Software Engineer,86261
5668,Emma Brown,Data Analyst,50757
5669,Sophia Taylor,UX Designer,84191
5670,Olivia Johnson,DevOps Engineer,80399
5671,Michael Johnson,DevOps Engineer,83088
5672,Charlie Smith,Project Manager,87374
5673,Michael Lewis,Software Engineer,58736
5674,Charlie Martinez,Product Manager,96997
5675,Olivia Clark,Product Manager,66992
5676,John Smith,UX Designer,98941
5677,Olivia Johnson,DevOps Engineer,97101
5678,John Clark,UX Designer,94080
5679,Jane Brown,Network Engineer,77854
5680,Charlie Walker,Data Analyst,90090
5681,Jane Brown,Data Analyst,61990
5682,Sophia Brown,AI Researcher,68620
5683,Michael Smith,Project Manager,56636
5684,Michael Lewis,Network Engineer,59800
5685,Olivia Walker,Project Manager,99707
5686,John Taylor,Database Administrator,67833
5687,Bob Martinez,UX Designer,74963
5688,David Lewis,Product Manager,83961
5689,Sophia Harris,Project Manager,65571
5690,Alice Clark,Database Administrator,50143
5691,Michael Taylor,Database Administrator,70642
5692,Michael Smith,DevOps Engineer,74070
5693,David Harris,DevOps Engineer,69211
5694,Bob Lewis,System Administrator,52747
5695,Jane Harris,Data Analyst,91312
5696,Emma Smith,System Administrator,50819
5697,John Lewis,Data Analyst,75493
5698,Charlie Walker,AI Researcher,53239
5699,Jane Smith,Software Engineer,78403
5700,Jane Walker,AI Researcher,76885
5701,Sophia Martinez,UX Designer,91964
5702,Charlie Martinez,DevOps Engineer,71769
5703,Sophia Brown,System Administrator,58136
5704,Bob Walker,System Administrator,92899
5705,Michael Johnson,Network Engineer,54730
5706,Michael Smith,Network Engineer,64545
5707,David Martinez,Project Manager,52524
5708,Sophia Harris,Data Analyst,66601
5709,Bob Brown,DevOps Engineer,57007
5710,Alice Taylor,Network Engineer,73216
5711,Alice Taylor,AI Researcher,96328
5712,John Brown,Database Administrator,92785
5713,Bob Martinez,Software Engineer,72401
5714,Bob Harris,Database Administrator,75685
5715,Alice Johnson,DevOps Engineer,89786
5716,David Walker,Project Manager,98767
5717,Emma Harris,AI Researcher,71204
5718,Charlie Harris,Project Manager,86025
5719,Bob Johnson,UX Designer,92232
5720,Charlie Taylor,AI Researcher,93586
5721,Charlie Anderson,System Administrator,74230
5722,Sophia Johnson,AI Researcher,97325
5723,Charlie Clark,Software Engineer,73055
5724,John Lewis,DevOps Engineer,75579
5725,Michael Taylor,Software Engineer,72109
5726,Bob Brown,Data Analyst,72674
5727,Michael Harris,System Administrator,80370
5728,Olivia Martinez,Product Manager,83580
5729,David Smith,Data Analyst,99321
5730,Sophia Johnson,Project Manager,96163
5731,Olivia Walker,Software Engineer,88608
5732,John Martinez,Database Administrator,97695
5733,John Walker,Data Analyst,81034
5734,Alice Brown,UX Designer,89652
5735,Emma Taylor,System Administrator,98744
5736,Alice Taylor,AI Researcher,82474
5737,Alice Walker,UX Designer,96092
5738,Charlie Smith,Network Engineer,93851
5739,Emma Walker,Database Administrator,99504
5740,Charlie Anderson,UX Designer,67342
5741,Jane Johnson,UX Designer,81744
5742,Olivia Taylor,UX Designer,86303
5743,Charlie Walker,Software Engineer,84759
5744,Alice Walker,Network Engineer,98438
5745,Olivia Martinez,UX Designer,75231
5746,Charlie Johnson,Network Engineer,83060
5747,David Smith,UX Designer,56952
5748,David Martinez,Project Manager,57265
5749,Michael Walker,Network Engineer,76557
5750,Bob Smith,Project Manager,64707
5751,Alice Lewis,Data Analyst,50738
5752,Jane Brown,Software Engineer,94868
5753,John Martinez,Data Analyst,74615
5754,Olivia Taylor,Database Administrator,51961
5755,Michael Johnson,Data Analyst,97946
5756,John Martinez,DevOps Engineer,53077
5757,Michael Anderson,Product Manager,69267
5758,Sophia Walker,Software Engineer,61651
5759,Emma Martinez,DevOps Engineer,83756
5760,John Lewis,DevOps Engineer,88407
5761,Sophia Clark,System Administrator,85646
5762,Charlie Harris,Project Manager,85165
5763,Alice Harris,AI Researcher,90191
5764,Emma Smith,UX Designer,85859
5765,Bob Harris,DevOps Engineer,74278
5766,Olivia Brown,Project Manager,70717
5767,Jane Harris,UX Designer,91343
5768,Emma Taylor,DevOps Engineer,90404
5769,David Martinez,Product Manager,61340
5770,David Anderson,Software Engineer,89365
5771,John Taylor,Database Administrator,60984
5772,Olivia Walker,UX Designer,85841
5773,Michael Johnson,Software Engineer,61858
5774,Michael Harris,UX Designer,75978
5775,Alice Taylor,Project Manager,55237
5776,Charlie Harris,UX Designer,92425
5777,Emma Clark,Network Engineer,62556
5778,Jane Walker,AI Researcher,79150
5779,Emma Johnson,Software Engineer,57105
5780,Alice Martinez,Network Engineer,78651
5781,David Lewis,Product Manager,52895
5782,Alice Smith,AI Researcher,82804
5783,Sophia Martinez,UX Designer,75192
5784,Olivia Smith,Software Engineer,95206
5785,Charlie Smith,System Administrator,96463
5786,Jane Johnson,AI Researcher,68915
5787,Bob Anderson,DevOps Engineer,51446
5788,Jane Smith,System Administrator,74746
5789,John Smith,Software Engineer,76492
5790,Michael Lewis,UX Designer,50971
5791,Sophia Martinez,UX Designer,61528
5792,John Lewis,UX Designer,90958
5793,Olivia Martinez,Project Manager,71040
5794,Jane Lewis,UX Designer,74938
5795,Sophia Brown,System Administrator,99264
5796,Charlie Clark,DevOps Engineer,95593
5797,Sophia Martinez,Database Administrator,80547
5798,John Anderson,Network Engineer,67893
5799,Alice Taylor,DevOps Engineer,60757
5800,Michael Brown,System Administrator,98410
5801,Olivia Anderson,AI Researcher,75539
5802,Charlie Johnson,Software Engineer,77061
5803,Michael Smith,AI Researcher,59760
5804,Alice Smith,UX Designer,98845
5805,Sophia Clark,DevOps Engineer,58680
5806,John Taylor,Software Engineer,62540
5807,David Taylor,AI Researcher,99727
5808,Jane Smith,Data Analyst,91911
5809,David Smith,Project Manager,96755
5810,David Harris,UX Designer,55634
5811,Sophia Walker,Product Manager,92890
5812,Charlie Brown,Data Analyst,80972
5813,John Taylor,Product Manager,85948
5814,Jane Lewis,Product Manager,71096
5815,Alice Anderson,Software Engineer,96557
5816,Charlie Martinez,Network Engineer,73966
5817,Jane Clark,Product Manager,94967
5818,David Lewis,Database Administrator,78769
5819,Charlie Walker,System Administrator,95901
5820,Alice Brown,AI Researcher,88173
5821,Emma Taylor,UX Designer,52295
5822,Jane Taylor,Data Analyst,63087
5823,Alice Harris,Data Analyst,80790
5824,Alice Brown,DevOps Engineer,51127
5825,Sophia Clark,AI Researcher,74998
5826,Sophia Lewis,Project Manager,59043
5827,Charlie Anderson,Database Administrator,87191
5828,Olivia Smith,Software Engineer,80350
5829,Olivia Smith,Product Manager,67602
5830,Bob Clark,Product Manager,71562
5831,Emma Martinez,Database Administrator,83831
5832,Sophia Anderson,Network Engineer,84724
5833,Jane Johnson,UX Designer,51831
5834,Charlie Lewis,System Administrator,75627
5835,John Johnson,Product Manager,57812
5836,Emma Smith,Software Engineer,74266
5837,Bob Brown,Project Manager,60967
5838,Jane Walker,AI Researcher,93044
5839,Alice Smith,Product Manager,81605
5840,Alice Clark,Data Analyst,60049
5841,Jane Clark,System Administrator,57850
5842,Olivia Clark,Data Analyst,78655
5843,Olivia Harris,DevOps Engineer,77274
5844,Emma Walker,Data Analyst,83965
5845,Bob Martinez,UX Designer,51580
5846,Bob Johnson,Software Engineer,89217
5847,Emma Smith,Project Manager,55200
5848,David Johnson,AI Researcher,78078
5849,Charlie Brown,Database Administrator,72535
5850,Michael Walker,Project Manager,68318
5851,Charlie Taylor,System Administrator,65809
5852,Charlie Smith,AI Researcher,75265
5853,Emma Anderson,Database Administrator,85944
5854,John Johnson,AI Researcher,51401
5855,Jane Clark,System Administrator,72331
5856,Charlie Clark,Database Administrator,58654
5857,Michael Clark,Data Analyst,60085
5858,Alice Harris,UX Designer,56206
5859,Olivia Walker,System Administrator,50030
5860,Olivia Walker,Database Administrator,60522
5861,Emma Lewis,UX Designer,52475
5862,Michael Lewis,System Administrator,51660
5863,Olivia Martinez,AI Researcher,89090
5864,Jane Walker,Product Manager,78997
5865,Sophia Clark,Product Manager,66696
5866,Emma Brown,UX Designer,60667
5867,Bob Clark,UX Designer,75750
5868,Bob Taylor,System Administrator,88878
5869,Michael Clark,Data Analyst,91551
5870,John Clark,Product Manager,58992
5871,John Smith,UX Designer,60914
5872,Michael Harris,Data Analyst,86480
5873,Olivia Martinez,Product Manager,90862
5874,Charlie Clark,Project Manager,53020
5875,Michael Martinez,Data Analyst,71595
5876,David Smith,DevOps Engineer,89551
5877,Bob Martinez,Data Analyst,53844
5878,Charlie Smith,Project Manager,80554
5879,Alice Taylor,Project Manager,83140
5880,Alice Taylor,Project Manager,52530
5881,John Lewis,Database Administrator,79629
5882,Bob Johnson,AI Researcher,85474
5883,Alice Martinez,AI Researcher,96581
5884,Charlie Clark,Project Manager,88536
5885,Olivia Walker,System Administrator,94801
5886,Sophia Brown,DevOps Engineer,67968
5887,Sophia Martinez,Software Engineer,68680
5888,Jane Anderson,Database Administrator,91506
5889,Sophia Smith,DevOps Engineer,97884
5890,Bob Johnson,Data Analyst,90815
5891,Bob Harris,Network Engineer,68682
5892,Jane Taylor,Network Engineer,59737
5893,Bob Taylor,Database Administrator,74406
5894,John Martinez,System Administrator,78872
5895,Sophia Smith,AI Researcher,61081
5896,John Lewis,Database Administrator,61382
5897,John Clark,Software Engineer,57290
5898,Michael Lewis,Network Engineer,73099
5899,Alice Brown,Network Engineer,95963
5900,Olivia Anderson,System Administrator,96009
5901,Emma Harris,Product Manager,54690
5902,David Lewis,Network Engineer,64037
5903,John Harris,System Administrator,73105
5904,Emma Martinez,AI Researcher,70125
5905,Jane Clark,Software Engineer,65946
5906,Olivia Walker,Database Administrator,52696
5907,Olivia Brown,Data Analyst,95702
5908,Charlie Anderson,System Administrator,77435
5909,Charlie Smith,DevOps Engineer,78129
5910,Bob Brown,DevOps Engineer,65537
5911,Sophia Brown,Network Engineer,97891
5912,John Lewis,Network Engineer,95269
5913,Alice Lewis,UX Designer,93511
5914,Sophia Anderson,AI Researcher,97655
5915,Olivia Anderson,Network Engineer,71873
5916,Sophia Lewis,System Administrator,94406
5917,Olivia Walker,Database Administrator,93776
5918,Jane Taylor,AI Researcher,99787
5919,Alice Johnson,AI Researcher,79349
5920,David Anderson,UX Designer,74281
5921,Sophia Brown,Network Engineer,75642
5922,Emma Clark,Software Engineer,66416
5923,David Smith,Product Manager,89937
5924,Sophia Taylor,Product Manager,76048
5925,Olivia Smith,Product Manager,79390
5926,Alice Walker,Product Manager,83025
5927,Jane Johnson,AI Researcher,93523
5928,Sophia Clark,Software Engineer,80240
5929,John Clark,Product Manager,59495
5930,Emma Taylor,Database Administrator,58944
5931,Alice Clark,Software Engineer,72770
5932,Bob Clark,System Administrator,52544
5933,Emma Martinez,Project Manager,64810
5934,Bob Clark,Project Manager,50976
5935,Jane Brown,System Administrator,67084
5936,David Walker,Network Engineer,62485
5937,Sophia Brown,Product Manager,90854
5938,Olivia Brown,UX Designer,94310
5939,David Lewis,Network Engineer,59010
5940,Alice Taylor,DevOps Engineer,63496
5941,David Clark,AI Researcher,73403
5942,Sophia Brown,System Administrator,93046
5943,Bob Smith,Database Administrator,71910
5944,Alice Johnson,Project Manager,96992
5945,Sophia Taylor,DevOps Engineer,80698
5946,Alice Taylor,Project Manager,78089
5947,Charlie Johnson,UX Designer,98849
5948,John Smith,Software Engineer,52498
5949,Charlie Walker,Product Manager,79871
5950,Sophia Harris,UX Designer,95803
5951,David Brown,Database Administrator,82379
5952,Olivia Brown,Project Manager,55208
5953,Charlie Smith,Project Manager,56417
5954,Emma Clark,Database Administrator,86911
5955,Emma Anderson,Network Engineer,71519
5956,Charlie Smith,Software Engineer,64739
5957,Jane Smith,Project Manager,89632
5958,Olivia Anderson,Database Administrator,95196
5959,Charlie Taylor,Data Analyst,99449
5960,Bob Lewis,Database Administrator,79133
5961,Emma Brown,Project Manager,64571
5962,Bob Anderson,Database Administrator,74230
5963,Sophia Smith,AI Researcher,70459
5964,Bob Taylor,Product Manager,77320
5965,Alice Johnson,Network Engineer,93852
5966,Charlie Lewis,UX Designer,78749
5967,Michael Clark,Network Engineer,89766
5968,David Anderson,Project Manager,69041
5969,Emma Taylor,Software Engineer,83864
5970,Sophia Taylor,System Administrator,80439
5971,Bob Johnson,Data Analyst,55544
5972,Charlie Brown,AI Researcher,86095
5973,John Walker,Project Manager,55365
5974,Sophia Walker,Data Analyst,70897
5975,Olivia Smith,UX Designer,89246
5976,Jane Smith,System Administrator,96049
5977,Emma Johnson,System Administrator,79198
5978,Alice Lewis,Project Manager,67703
5979,Emma Martinez,System Administrator,90410
5980,Michael Harris,Software Engineer,90337
5981,Olivia Harris,Network Engineer,79532
5982,Emma Brown,Database Administrator,97399
5983,John Walker,AI Researcher,58887
5984,Emma Taylor,System Administrator,51740
5985,Bob Clark,AI Researcher,63628
5986,Jane Anderson,DevOps Engineer,92856
5987,Sophia Walker,Product Manager,72439
5988,David Johnson,Database Administrator,78119
5989,Alice Harris,Network Engineer,88084
5990,Emma Johnson,DevOps Engineer,81696
5991,Olivia Lewis,Project Manager,86457
5992,Jane Smith,AI Researcher,64522
5993,Bob Brown,DevOps Engineer,79291
5994,Sophia Johnson,UX Designer,61987
5995,Charlie Lewis,Product Manager,60637
5996,John Lewis,System Administrator,56021
5997,Emma Martinez,Database Administrator,77921
5998,Bob Walker,UX Designer,90134
5999,Emma Clark,Project Manager,77610
6000,John Taylor,AI Researcher,83242
6001,John Clark,AI Researcher,67641
6002,Alice Harris,Network Engineer,51012
6003,Sophia Anderson,Database Administrator,94986
6004,Alice Walker,UX Designer,83063
6005,Charlie Clark,Data Analyst,97987
6006,Sophia Brown,Database Administrator,64946
6007,Olivia Taylor,UX Designer,83584
6008,Sophia Johnson,Product Manager,77538
6009,John Martinez,DevOps Engineer,95865
6010,Charlie Anderson,Product Manager,95131
6011,Michael Taylor,AI Researcher,77657
6012,Emma Clark,Data Analyst,76842
6013,Sophia Smith,Product Manager,90186
6014,John Harris,Software Engineer,61898
6015,Emma Clark,System Administrator,81118
6016,Jane Anderson,Data Analyst,62450
6017,Charlie Lewis,Software Engineer,91195
6018,Alice Walker,Product Manager,57054
6019,Olivia Smith,Data Analyst,57334
6020,Olivia Taylor,Project Manager,73914
6021,Bob Smith,UX Designer,50699
6022,Michael Johnson,Database Administrator,58273
6023,Bob Martinez,System Administrator,76157
6024,Alice Lewis,Software Engineer,73463
6025,Charlie Anderson,AI Researcher,60497
6026,Alice Harris,Project Manager,92046
6027,David Lewis,Project Manager,56782
6028,Michael Johnson,Database Administrator,53078
6029,Sophia Lewis,DevOps Engineer,64634
6030,Emma Martinez,Database Administrator,60845
6031,John Clark,Product Manager,81877
6032,Bob Harris,Software Engineer,78608
6033,Bob Johnson,AI Researcher,97978
6034,Sophia Clark,Data Analyst,95210
6035,Alice Harris,AI Researcher,84916
6036,Michael Taylor,DevOps Engineer,72199
6037,David Harris,UX Designer,58761
6038,Alice Brown,UX Designer,91189
6039,Alice Harris,System Administrator,76292
6040,Sophia Clark,Project Manager,81699
6041,Bob Clark,AI Researcher,68844
6042,Michael Anderson,Product Manager,82795
6043,Emma Johnson,Network Engineer,79329
6044,Sophia Anderson,Network Engineer,71427
6045,Jane Lewis,DevOps Engineer,83397
6046,Jane Taylor,Database Administrator,83757
6047,Bob Johnson,Software Engineer,59783
6048,Charlie Lewis,Network Engineer,59130
6049,Charlie Walker,Data Analyst,69491
6050,Bob Lewis,System Administrator,55756
6051,Bob Smith,Project Manager,77522
6052,Emma Johnson,Network Engineer,70172
6053,Bob Clark,Project Manager,68176
6054,Alice Martinez,Data Analyst,76412
6055,Bob Anderson,AI Researcher,60814
6056,Jane Clark,Data Analyst,69206
6057,Sophia Johnson,System Administrator,53148
6058,David Lewis,Database Administrator,88029
6059,Sophia Walker,DevOps Engineer,55781
6060,John Anderson,AI Researcher,94465
6061,Michael Anderson,Project Manager,91863
6062,Alice Clark,Data Analyst,54431
6063,Charlie Johnson,Software Engineer,84572
6064,John Brown,Software Engineer,89228
6065,John Clark,UX Designer,61139
6066,Sophia Clark,UX Designer,56353
6067,Michael Smith,Network Engineer,65369
6068,Jane Harris,Network Engineer,96871
6069,Michael Taylor,System Administrator,66751
6070,Michael Clark,System Administrator,99744
6071,Sophia Walker,Product Manager,51671
6072,Jane Lewis,Project Manager,90214
6073,Bob Anderson,Database Administrator,62614
6074,Emma Johnson,Software Engineer,57618
6075,Emma Johnson,Project Manager,71250
6076,Michael Martinez,Database Administrator,69599
6077,Sophia Brown,Database Administrator,65007
6078,Alice Walker,DevOps Engineer,99460
6079,Charlie Anderson,DevOps Engineer,72815
6080,Alice Brown,Project Manager,98689
6081,Emma Johnson,DevOps Engineer,71990
6082,David Harris,Software Engineer,82857
6083,John Lewis,Network Engineer,93938
6084,Sophia Brown,Project Manager,66454
6085,Olivia Martinez,System Administrator,68902
6086,Bob Johnson,AI Researcher,53825
6087,Sophia Anderson,Data Analyst,69302
6088,Sophia Clark,Project Manager,62390
6089,Olivia Harris,AI Researcher,59759
6090,Sophia Taylor,DevOps Engineer,72953
6091,Emma Taylor,Network Engineer,72485
6092,Alice Harris,Network Engineer,98191
6093,Alice Martinez,Network Engineer,85082
6094,Charlie Anderson,Network Engineer,93466
6095,Emma Smith,Database Administrator,89988
6096,Jane Clark,Product Manager,55352
6097,Michael Martinez,System Administrator,71216
6098,Jane Clark,UX Designer,81007
6099,Charlie Anderson,UX Designer,78277
6100,Sophia Martinez,Software Engineer,71608
6101,Sophia Walker,Product Manager,79235
6102,John Walker,DevOps Engineer,57666
6103,David Martinez,DevOps Engineer,57800
6104,Charlie Smith,UX Designer,71803
6105,Bob Walker,Project Manager,99042
6106,Jane Martinez,Data Analyst,90813
6107,Bob Lewis,Data Analyst,61580
6108,Charlie Brown,UX Designer,83449
6109,Michael Walker,Data Analyst,50388
6110,Charlie Clark,UX Designer,95925
6111,David Clark,Software Engineer,81308
6112,Jane Walker,DevOps Engineer,78045
6113,Jane Lewis,DevOps Engineer,66109
6114,Michael Clark,Data Analyst,98989
6115,Emma Taylor,System Administrator,80295
6116,Charlie Johnson,Database Administrator,67333
6117,Michael Taylor,Software Engineer,62807
6118,Charlie Johnson,Project Manager,60752
6119,Bob Brown,Network Engineer,58641
6120,Olivia Anderson,Software Engineer,84542
6121,John Smith,System Administrator,74956
6122,David Walker,Software Engineer,99724
6123,David Johnson,UX Designer,99849
6124,Bob Anderson,AI Researcher,51303
6125,Michael Lewis,Project Manager,82621
6126,Jane Martinez,Software Engineer,60954
6127,Bob Smith,Project Manager,59257
6128,Olivia Harris,Project Manager,63193
6129,Charlie Anderson,UX Designer,98867
6130,John Harris,Network Engineer,95974
6131,Bob Clark,UX Designer,92715
6132,Michael Johnson,Project Manager,53302
6133,Bob Smith,Network Engineer,51153
6134,Jane Walker,Product Manager,79431
6135,Michael Anderson,Network Engineer,50382
6136,Michael Anderson,Software Engineer,53422
6137,Charlie Martinez,DevOps Engineer,58220
6138,Emma Martinez,Project Manager,96978
6139,Emma Harris,Product Manager,97461
6140,Alice Lewis,Project Manager,87254
6141,Michael Clark,AI Researcher,65286
6142,Alice Walker,Data Analyst,68889
6143,Bob Taylor,AI Researcher,76871
6144,Emma Harris,Network Engineer,73925
6145,Bob Walker,Network Engineer,66359
6146,Sophia Harris,UX Designer,67824
6147,Bob Anderson,Project Manager,64616
6148,Charlie Martinez,Product Manager,81493
6149,Olivia Taylor,Project Manager,70105
6150,Alice Lewis,Data Analyst,65559
6151,Alice Clark,Data Analyst,67151
6152,John Taylor,AI Researcher,59267
6153,Bob Anderson,DevOps Engineer,54917
6154,Jane Clark,UX Designer,56033
6155,Emma Walker,AI Researcher,93482
6156,David Clark,AI Researcher,86885
6157,David Anderson,Network Engineer,77202
6158,David Martinez,DevOps Engineer,75021
6159,Emma Harris,Software Engineer,67001
6160,David Taylor,AI Researcher,99823
6161,Olivia Taylor,Software Engineer,96566
6162,Bob Clark,AI Researcher,94592
6163,Emma Johnson,Data Analyst,55745
6164,Sophia Martinez,DevOps Engineer,86800
6165,Charlie Lewis,AI Researcher,69658
6166,Charlie Martinez,UX Designer,91141
6167,Alice Walker,AI Researcher,62192
6168,Michael Walker,DevOps Engineer,56556
6169,Bob Lewis,Project Manager,94425
6170,John Walker,Software Engineer,79696
6171,John Johnson,Database Administrator,75157
6172,Bob Clark,AI Researcher,53772
6173,Michael Martinez,Data Analyst,98965
6174,Bob Brown,Database Administrator,77816
6175,John Clark,DevOps Engineer,91768
6176,Michael Harris,DevOps Engineer,57067
6177,Bob Smith,AI Researcher,75890
6178,Emma Taylor,Product Manager,95868
6179,Charlie Brown,AI Researcher,73096
6180,John Clark,Data Analyst,61519
6181,Olivia Martinez,System Administrator,68644
6182,Bob Anderson,AI Researcher,55930
6183,Emma Anderson,UX Designer,65299
6184,Jane Lewis,Software Engineer,57155
6185,Emma Lewis,Data Analyst,55420
6186,Olivia Brown,Software Engineer,82059
6187,Michael Brown,AI Researcher,91096
6188,Jane Taylor,AI Researcher,61045
6189,Jane Brown,Data Analyst,59795
6190,Bob Smith,Software Engineer,71712
6191,John Smith,System Administrator,92868
6192,Emma Taylor,Database Administrator,92961
6193,Michael Johnson,Project Manager,77350
6194,Bob Clark,Data Analyst,67230
6195,David Taylor,Network Engineer,95574
6196,David Martinez,System Administrator,91204
6197,Olivia Harris,Product Manager,54953
6198,Olivia Clark,Network Engineer,51714
6199,Charlie Johnson,Network Engineer,72522
6200,Emma Brown,DevOps Engineer,83521
6201,Emma Harris,AI Researcher,55553
6202,Olivia Lewis,AI Researcher,99235
6203,Alice Lewis,Network Engineer,96712
6204,John Martinez,DevOps Engineer,66140
6205,Olivia Clark,Network Engineer,55059
6206,John Anderson,DevOps Engineer,67085
6207,Jane Anderson,Software Engineer,92771
6208,Michael Harris,Database Administrator,72707
6209,Bob Brown,Product Manager,80338
6210,Michael Walker,AI Researcher,87353
6211,Jane Taylor,Data Analyst,99534
6212,Jane Lewis,Product Manager,68101
6213,Olivia Lewis,System Administrator,81950
6214,Sophia Walker,UX Designer,62369
6215,Sophia Brown,AI Researcher,99543
6216,Jane Johnson,Data Analyst,63473
6217,John Lewis,Database Administrator,97796
6218,Emma Johnson,Product Manager,60253
6219,Sophia Lewis,Software Engineer,59850
6220,Jane Taylor,Software Engineer,92720
6221,Bob Clark,Product Manager,57662
6222,Sophia Smith,UX Designer,63392
6223,Michael Walker,System Administrator,65384
6224,Sophia Brown,AI Researcher,87984
6225,Emma Clark,AI Researcher,93566
6226,David Johnson,AI Researcher,74792
6227,David Clark,UX Designer,63087
6228,David Anderson,UX Designer,81064
6229,Alice Smith,UX Designer,76248
6230,Sophia Anderson,UX Designer,57787
6231,Michael Johnson,Database Administrator,60330
6232,Sophia Martinez,AI Researcher,94457
6233,Bob Harris,Project Manager,58373
6234,Sophia Walker,Product Manager,90237
6235,David Lewis,Product Manager,85887
6236,Alice Taylor,System Administrator,69269
6237,John Harris,DevOps Engineer,98919
6238,John Anderson,Product Manager,89493
6239,John Johnson,Network Engineer,72700
6240,Michael Johnson,Network Engineer,76881
6241,Alice Martinez,Project Manager,98673
6242,Olivia Harris,Project Manager,93346
6243,John Clark,Network Engineer,52691
6244,David Harris,Product Manager,87729
6245,Olivia Brown,Data Analyst,85877
6246,Olivia Brown,Project Manager,70092
6247,Charlie Johnson,Network Engineer,65275
6248,Bob Martinez,AI Researcher,86561
6249,Sophia Taylor,Project Manager,66264
6250,John Clark,Network Engineer,70249
6251,John Taylor,AI Researcher,52998
6252,Olivia Clark,Data Analyst,77869
6253,Bob Smith,Software Engineer,53800
6254,Charlie Lewis,Product Manager,97139
6255,Sophia Taylor,System Administrator,50005
6256,Olivia Walker,Software Engineer,52816
6257,Charlie Anderson,Software Engineer,62117
6258,Emma Smith,Project Manager,69899
6259,Emma Lewis,AI Researcher,66406
6260,Michael Lewis,Product Manager,99182
6261,John Lewis,Network Engineer,67703
6262,John Johnson,Data Analyst,52109
6263,Charlie Johnson,UX Designer,64388
6264,Jane Harris,Network Engineer,87827
6265,Olivia Brown,Product Manager,57973
6266,Sophia Martinez,Database Administrator,70122
6267,Jane Smith,DevOps Engineer,57614
6268,John Anderson,Database Administrator,72443
6269,Michael Walker,Software Engineer,82852
6270,John Brown,AI Researcher,68146
6271,Michael Walker,Database Administrator,62880
6272,Emma Anderson,DevOps Engineer,63424
6273,Bob Brown,Product Manager,67743
6274,John Clark,Project Manager,88732
6275,Charlie Taylor,System Administrator,62932
6276,Bob Johnson,AI Researcher,72488
6277,David Walker,Product Manager,55951
6278,David Lewis,Database Administrator,92530
6279,Charlie Clark,UX Designer,97183
6280,John Taylor,Software Engineer,66226
6281,John Martinez,AI Researcher,77390
6282,Sophia Martinez,Database Administrator,87953
6283,Sophia Brown,Product Manager,88636
6284,Michael Brown,System Administrator,79276
6285,Emma Brown,Network Engineer,84292
6286,Sophia Taylor,Product Manager,91039
6287,John Taylor,Data Analyst,68558
6288,Emma Anderson,Database Administrator,89825
6289,Olivia Taylor,Database Administrator,61813
6290,Olivia Walker,System Administrator,51802
6291,David Lewis,UX Designer,71725
6292,Jane Anderson,Database Administrator,87803
6293,Bob Clark,Project Manager,88575
6294,David Clark,Network Engineer,81938
6295,Bob Walker,Project Manager,62025
6296,Jane Brown,Project Manager,96012
6297,Bob Lewis,DevOps Engineer,63706
6298,Olivia Smith,UX Designer,75381
6299,Michael Walker,Data Analyst,83940
6300,Sophia Clark,Project Manager,94913
6301,John Johnson,Software Engineer,56278
6302,David Walker,Network Engineer,79263
6303,Sophia Martinez,Network Engineer,65377
6304,Sophia Brown,Network Engineer,53761
6305,Bob Johnson,UX Designer,52426
6306,Olivia Anderson,UX Designer,89920
6307,Alice Smith,Software Engineer,51674
6308,Olivia Lewis,AI Researcher,67055
6309,Charlie Harris,Data Analyst,86821
6310,Jane Lewis,Data Analyst,70420
6311,Emma Clark,UX Designer,64276
6312,David Anderson,Data Analyst,78648
6313,John Anderson,DevOps Engineer,96027
6314,Michael Taylor,Network Engineer,53239
6315,Olivia Walker,Software Engineer,65646
6316,Michael Walker,Product Manager,94235
6317,Jane Lewis,Database Administrator,82155
6318,David Smith,Database Administrator,73987
6319,Alice Clark,Data Analyst,74488
6320,John Smith,Project Manager,59320
6321,Michael Martinez,AI Researcher,74908
6322,Bob Walker,System Administrator,65470
6323,Jane Anderson,Network Engineer,56468
6324,David Taylor,DevOps Engineer,84211
6325,John Smith,DevOps Engineer,79861
6326,Alice Martinez,System Administrator,63241
6327,Emma Lewis,UX Designer,72279
6328,David Walker,Software Engineer,71611
6329,Charlie Martinez,UX Designer,86537
6330,Olivia Lewis,System Administrator,79275
6331,Jane Smith,DevOps Engineer,63471
6332,Jane Johnson,DevOps Engineer,52197
6333,Alice Lewis,UX Designer,50272
6334,Emma Clark,DevOps Engineer,64066
6335,Alice Smith,System Administrator,78251
6336,Sophia Anderson,Database Administrator,70412
6337,Emma Clark,Software Engineer,61571
6338,Jane Anderson,Product Manager,72537
6339,Bob Taylor,Software Engineer,56630
6340,Emma Johnson,AI Researcher,63600
6341,Jane Clark,Network Engineer,76799
6342,Emma Harris,Software Engineer,89505
6343,Bob Taylor,Data Analyst,91652
6344,Olivia Lewis,Project Manager,76169
6345,Charlie Taylor,DevOps Engineer,82662
6346,Emma Clark,System Administrator,74853
6347,Jane Anderson,System Administrator,92448
6348,Sophia Clark,Project Manager,50159
6349,Olivia Walker,Project Manager,68883
6350,Alice Lewis,DevOps Engineer,99887
6351,Emma Brown,DevOps Engineer,81606
6352,Charlie Clark,Data Analyst,60050
6353,David Clark,DevOps Engineer,58857
6354,Sophia Martinez,UX Designer,78586
6355,Jane Johnson,Database Administrator,60129
6356,Jane Anderson,System Administrator,79132
6357,Sophia Lewis,AI Researcher,70953
6358,Emma Anderson,Database Administrator,83287
6359,John Lewis,Network Engineer,78836
6360,Michael Walker,AI Researcher,77235
6361,Olivia Lewis,Network Engineer,99189
6362,John Smith,Software Engineer,59529
6363,Sophia Anderson,Network Engineer,55925
6364,Emma Martinez,Project Manager,95877
6365,Sophia Walker,Data Analyst,78411
6366,Alice Walker,Software Engineer,52282
6367,Michael Taylor,UX Designer,52204
6368,Charlie Johnson,Database Administrator,98879
6369,Jane Brown,Project Manager,54650
6370,Charlie Clark,Network Engineer,57725
6371,Charlie Taylor,AI Researcher,60563
6372,Bob Smith,DevOps Engineer,82278
6373,Olivia Anderson,UX Designer,78714
6374,Bob Clark,Project Manager,57532
6375,Emma Walker,Network Engineer,79929
6376,David Clark,DevOps Engineer,82894
6377,John Walker,Project Manager,72167
6378,John Harris,Product Manager,51600
6379,Michael Smith,Network Engineer,93642
6380,Charlie Lewis,Network Engineer,53673
6381,Olivia Brown,Network Engineer,51796
6382,Bob Lewis,System Administrator,96737
6383,Jane Lewis,Project Manager,70737
6384,Michael Harris,Database Administrator,74799
6385,Charlie Anderson,System Administrator,87861
6386,Michael Smith,Project Manager,58549
6387,Jane Lewis,Data Analyst,50221
6388,Olivia Johnson,System Administrator,53026
6389,Sophia Harris,AI Researcher,76979
6390,Bob Lewis,UX Designer,74146
6391,Sophia Clark,Network Engineer,83186
6392,John Walker,Product Manager,71805
6393,Jane Smith,Product Manager,79991
6394,Bob Brown,Product Manager,97433
6395,Bob Brown,AI Researcher,73673
6396,Bob Harris,Product Manager,90590
6397,Jane Harris,Data Analyst,71319
6398,Charlie Johnson,System Administrator,92639
6399,Charlie Taylor,Software Engineer,91420
6400,Bob Harris,DevOps Engineer,51850
6401,Michael Taylor,Network Engineer,92600
6402,Sophia Brown,Network Engineer,70540
6403,Charlie Johnson,DevOps Engineer,97925
6404,Bob Lewis,Database Administrator,57525
6405,David Brown,Data Analyst,53055
6406,Sophia Walker,DevOps Engineer,94044
6407,Olivia Lewis,Database Administrator,74701
6408,Emma Brown,Database Administrator,84483
6409,David Johnson,UX Designer,89742
6410,Alice Lewis,Network Engineer,86553
6411,John Johnson,Network Engineer,88759
6412,Bob Taylor,UX Designer,67606
6413,Emma Anderson,Network Engineer,58588
6414,Alice Walker,UX Designer,56437
6415,Alice Brown,Data Analyst,99866
6416,Alice Clark,Project Manager,78784
6417,Michael Johnson,UX Designer,68808
6418,Olivia Clark,AI Researcher,80868
6419,John Martinez,UX Designer,51024
6420,Olivia Walker,Project Manager,56583
6421,Michael Walker,Network Engineer,58949
6422,Michael Johnson,AI Researcher,61785
6423,John Smith,Data Analyst,83364
6424,Charlie Brown,DevOps Engineer,68947
6425,Bob Johnson,DevOps Engineer,54424
6426,Olivia Brown,Data Analyst,51333
6427,Emma Harris,UX Designer,94192
6428,Olivia Martinez,System Administrator,78234
6429,Jane Brown,UX Designer,86819
6430,Charlie Harris,Project Manager,79856
6431,Michael Taylor,System Administrator,56720
6432,Jane Brown,AI Researcher,68297
6433,Charlie Anderson,Database Administrator,90974
6434,Alice Anderson,Network Engineer,98344
6435,Emma Taylor,UX Designer,83606
6436,Charlie Smith,Data Analyst,55761
6437,Michael Taylor,Network Engineer,90920
6438,Jane Johnson,Product Manager,63180
6439,Bob Taylor,System Administrator,69683
6440,David Johnson,Network Engineer,73753
6441,David Lewis,Database Administrator,70362
6442,Charlie Clark,AI Researcher,67536
6443,John Johnson,Product Manager,98904
6444,Sophia Harris,Project Manager,87994
6445,Emma Anderson,Database Administrator,56770
6446,John Anderson,Software Engineer,67585
6447,Michael Brown,Product Manager,75884
6448,David Johnson,DevOps Engineer,66651
6449,Sophia Johnson,System Administrator,60724
6450,Sophia Taylor,AI Researcher,65459
6451,Emma Taylor,Product Manager,68831
6452,Emma Brown,Software Engineer,93526
6453,David Harris,System Administrator,67609
6454,Michael Lewis,Product Manager,52368
6455,Olivia Lewis,Product Manager,84097
6456,Alice Taylor,Project Manager,82593
6457,Emma Brown,Data Analyst,66874
6458,Alice Clark,Software Engineer,77838
6459,Sophia Anderson,UX Designer,83004
6460,David Taylor,AI Researcher,61957
6461,John Martinez,Project Manager,85174
6462,Alice Smith,Network Engineer,50252
6463,Sophia Smith,UX Designer,66403
6464,Olivia Harris,DevOps Engineer,90464
6465,John Harris,AI Researcher,80086
6466,Charlie Smith,AI Researcher,77103
6467,David Johnson,Database Administrator,69586
6468,Jane Johnson,AI Researcher,61684
6469,Bob Johnson,Software Engineer,76459
6470,Michael Lewis,Product Manager,85576
6471,Michael Clark,AI Researcher,88953
6472,Jane Brown,Database Administrator,68375
6473,Bob Clark,Database Administrator,93329
6474,Bob Anderson,UX Designer,72032
6475,Alice Martinez,Network Engineer,53406
6476,Charlie Smith,AI Researcher,83873
6477,Olivia Walker,Project Manager,51021
6478,Sophia Brown,Data Analyst,95967
6479,Michael Walker,Data Analyst,58937
6480,Charlie Harris,DevOps Engineer,79473
6481,Jane Clark,Database Administrator,87224
6482,David Martinez,Database Administrator,85043
6483,Charlie Anderson,System Administrator,83490
6484,Michael Clark,Network Engineer,82498
6485,Emma Smith,Project Manager,62880
6486,Emma Taylor,Product Manager,81348
6487,David Lewis,Data Analyst,99956
6488,David Anderson,UX Designer,76076
6489,Sophia Johnson,Project Manager,75666
6490,Michael Walker,UX Designer,58802
6491,David Taylor,UX Designer,96830
6492,Michael Martinez,System Administrator,66859
6493,Sophia Brown,Product Manager,67140
6494,Jane Smith,Network Engineer,62234
6495,Bob Johnson,UX Designer,62198
6496,David Taylor,Data Analyst,81575
6497,David Johnson,Software Engineer,83758
6498,Jane Smith,AI Researcher,77691
6499,Jane Brown,System Administrator,51576
6500,Emma Lewis,Product Manager,58762
6501,David Walker,Product Manager,87724
6502,Bob Walker,Data Analyst,83953
6503,David Taylor,Software Engineer,62206
6504,Sophia Anderson,AI Researcher,69267
6505,Jane Anderson,UX Designer,73808
6506,Jane Smith,AI Researcher,66274
6507,Sophia Clark,Data Analyst,68566
6508,David Walker,Software Engineer,70780
6509,Michael Smith,Project Manager,71234
6510,Emma Lewis,Network Engineer,83656
6511,Bob Brown,Product Manager,65571
6512,Alice Taylor,Data Analyst,94545
6513,David Anderson,Project Manager,81549
6514,Alice Anderson,Product Manager,82840
6515,Sophia Johnson,UX Designer,60859
6516,Jane Anderson,Network Engineer,61970
6517,Michael Walker,Data Analyst,92607
6518,Emma Smith,Network Engineer,90466
6519,David Lewis,System Administrator,74797
6520,Charlie Martinez,Software Engineer,70521
6521,Sophia Johnson,AI Researcher,52722
6522,Emma Lewis,DevOps Engineer,56237
6523,Olivia Walker,UX Designer,93733
6524,Bob Lewis,Data Analyst,51886
6525,Emma Clark,Network Engineer,62008
6526,Sophia Smith,AI Researcher,69795
6527,Bob Clark,DevOps Engineer,97304
6528,Charlie Lewis,System Administrator,52822
6529,Olivia Anderson,AI Researcher,72467
6530,John Johnson,Database Administrator,67777
6531,Charlie Martinez,DevOps Engineer,69867
6532,Alice Smith,Database Administrator,52739
6533,Olivia Walker,UX Designer,71919
6534,Jane Anderson,DevOps Engineer,69421
6535,Bob Anderson,AI Researcher,99999
6536,Alice Brown,System Administrator,78290
6537,Alice Clark,Network Engineer,56686
6538,John Harris,DevOps Engineer,82246
6539,Olivia Martinez,AI Researcher,94996
6540,John Smith,Network Engineer,91246
6541,Bob Lewis,Project Manager,88461
6542,David Johnson,DevOps Engineer,91118
6543,John Lewis,Software Engineer,97478
6544,Charlie Harris,Project Manager,80281
6545,Alice Martinez,Product Manager,86224
6546,David Martinez,Product Manager,90270
6547,Alice Lewis,UX Designer,53651
6548,Alice Walker,Product Manager,98631
6549,Jane Johnson,System Administrator,86408
6550,Sophia Brown,System Administrator,54747
6551,John Walker,Network Engineer,51209
6552,Alice Walker,DevOps Engineer,59055
6553,David Johnson,Software Engineer,87905
6554,Charlie Taylor,DevOps Engineer,83497
6555,Emma Lewis,Product Manager,58366
6556,Alice Martinez,Software Engineer,55429
6557,Sophia Walker,Project Manager,65652
6558,Charlie Clark,Product Manager,84416
6559,Olivia Walker,Data Analyst,83743
6560,Michael Brown,Database Administrator,53166
6561,Olivia Martinez,Network Engineer,95593
6562,Bob Clark,UX Designer,63229
6563,David Walker,Network Engineer,71776
6564,John Harris,Product Manager,92825
6565,Michael Walker,Project Manager,64838
6566,Sophia Harris,Product Manager,62672
6567,Jane Brown,AI Researcher,75991
6568,Bob Clark,Network Engineer,93854
6569,Charlie Taylor,Network Engineer,86014
6570,Olivia Taylor,Data Analyst,94676
6571,Olivia Brown,System Administrator,55675
6572,Michael Johnson,Project Manager,82492
6573,John Lewis,AI Researcher,75057
6574,Bob Lewis,DevOps Engineer,81195
6575,Charlie Clark,DevOps Engineer,98145
6576,David Harris,UX Designer,86013
6577,David Johnson,DevOps Engineer,66694
6578,Sophia Clark,Data Analyst,72547
6579,Bob Lewis,Product Manager,98777
6580,John Johnson,System Administrator,64385
6581,Charlie Johnson,System Administrator,97222
6582,Sophia Harris,Software Engineer,50202
6583,Emma Johnson,UX Designer,64366
6584,Jane Smith,Software Engineer,77989
6585,Emma Smith,Product Manager,92161
6586,Emma Smith,Project Manager,69482
6587,Sophia Martinez,UX Designer,62121
6588,Olivia Brown,DevOps Engineer,53716
6589,Jane Brown,AI Researcher,97179
6590,Jane Smith,Project Manager,70653
6591,Alice Brown,Data Analyst,89706
6592,Emma Harris,Software Engineer,92836
6593,David Clark,System Administrator,75262
6594,Jane Martinez,Product Manager,80708
6595,Michael Martinez,Project Manager,53195
6596,Sophia Taylor,Data Analyst,85893
6597,David Anderson,UX Designer,97523
6598,Emma Johnson,Software Engineer,58180
6599,Emma Walker,UX Designer,70802
6600,Olivia Clark,DevOps Engineer,60002
6601,Emma Smith,Project Manager,70950
6602,David Lewis,Network Engineer,70132
6603,Bob Lewis,Software Engineer,80494
6604,Jane Clark,UX Designer,81333
6605,Michael Anderson,Product Manager,57840
6606,David Anderson,System Administrator,70512
6607,Charlie Lewis,AI Researcher,72301
6608,Olivia Clark,System Administrator,65490
6609,Sophia Taylor,Project Manager,95880
6610,Olivia Taylor,Network Engineer,68476
6611,Bob Martinez,AI Researcher,92593
6612,Emma Anderson,Data Analyst,94752
6613,Jane Martinez,Network Engineer,85848
6614,Jane Taylor,System Administrator,80818
6615,Bob Clark,DevOps Engineer,92865
6616,Charlie Lewis,AI Researcher,61727
6617,Alice Lewis,Database Administrator,85575
6618,Olivia Taylor,Data Analyst,89132
6619,Jane Walker,System Administrator,97672
6620,Bob Taylor,Product Manager,87819
6621,Charlie Anderson,System Administrator,55567
6622,Olivia Brown,Product Manager,91746
6623,Alice Taylor,Database Administrator,77595
6624,Sophia Johnson,System Administrator,73818
6625,Emma Harris,Data Analyst,66499
6626,Charlie Johnson,Network Engineer,83262
6627,David Anderson,DevOps Engineer,65235
6628,Sophia Lewis,UX Designer,67679
6629,Bob Brown,Product Manager,52898
6630,Alice Smith,Data Analyst,91896
6631,Sophia Brown,Product Manager,91449
6632,Sophia Brown,Software Engineer,74817
6633,Sophia Smith,Product Manager,86612
6634,Olivia Harris,Data Analyst,71926
6635,Michael Brown,UX Designer,88496
6636,Alice Johnson,Product Manager,54666
6637,Emma Harris,Product Manager,59622
6638,John Anderson,Database Administrator,72769
6639,Bob Taylor,Database Administrator,51863
6640,Charlie Lewis,DevOps Engineer,70165
6641,Jane Brown,Database Administrator,51520
6642,Emma Smith,Software Engineer,86053
6643,Charlie Harris,Software Engineer,51051
6644,David Smith,Software Engineer,75159
6645,Bob Taylor,DevOps Engineer,99704
6646,Alice Anderson,System Administrator,59054
6647,John Brown,Project Manager,93280
6648,Sophia Brown,Network Engineer,91854
6649,Olivia Walker,UX Designer,57508
6650,Michael Taylor,Data Analyst,77626
6651,Olivia Walker,AI Researcher,70520
6652,David Taylor,Data Analyst,81336
6653,Charlie Lewis,Database Administrator,89127
6654,David Clark,Database Administrator,99408
6655,John Martinez,UX Designer,69978
6656,Charlie Brown,System Administrator,76163
6657,Alice Taylor,AI Researcher,73169
6658,David Smith,Software Engineer,57329
6659,Bob Walker,Database Administrator,70875
6660,Emma Anderson,Software Engineer,66980
6661,David Clark,Product Manager,94530
6662,Sophia Harris,DevOps Engineer,81043
6663,Michael Walker,UX Designer,77998
6664,John Clark,Product Manager,54615
6665,Alice Lewis,UX Designer,86521
6666,John Harris,UX Designer,90604
6667,Jane Smith,DevOps Engineer,91033
6668,Olivia Brown,Software Engineer,95073
6669,Olivia Johnson,Software Engineer,96563
6670,Alice Clark,UX Designer,90840
6671,Michael Taylor,Data Analyst,93283
6672,Jane Martinez,AI Researcher,72703
6673,Emma Taylor,UX Designer,94922
6674,Sophia Clark,Project Manager,92255
6675,David Anderson,System Administrator,66346
6676,Charlie Harris,UX Designer,71443
6677,Alice Brown,Data Analyst,51561
6678,Bob Brown,Network Engineer,57251
6679,Bob Martinez,AI Researcher,51006
6680,Sophia Clark,DevOps Engineer,74139
6681,Michael Anderson,System Administrator,60453
6682,Charlie Clark,AI Researcher,60876
6683,Charlie Smith,Project Manager,61452
6684,Michael Brown,Product Manager,58104
6685,Alice Lewis,System Administrator,70735
6686,John Harris,Product Manager,82920
6687,Michael Walker,Data Analyst,59727
6688,Bob Brown,Software Engineer,66373
6689,Olivia Harris,Network Engineer,86028
6690,Emma Harris,DevOps Engineer,80432
6691,Sophia Taylor,System Administrator,92308
6692,Bob Brown,Product Manager,54745
6693,Emma Brown,AI Researcher,54662
6694,John Smith,Software Engineer,69717
6695,Olivia Smith,AI Researcher,50910
6696,Jane Smith,UX Designer,55142
6697,Bob Taylor,Product Manager,84850
6698,David Lewis,Product Manager,98845
6699,David Clark,Software Engineer,92604
6700,Alice Smith,Product Manager,88514
6701,Olivia Anderson,AI Researcher,72019
6702,Emma Smith,Database Administrator,87968
6703,John Lewis,UX Designer,65592
6704,Michael Taylor,UX Designer,93974
6705,Sophia Taylor,UX Designer,68299
6706,Bob Johnson,Data Analyst,67945
6707,Bob Smith,Data Analyst,72858
6708,Alice Harris,Software Engineer,71942
6709,Sophia Walker,Project Manager,72703
6710,Charlie Taylor,UX Designer,91610
6711,Charlie Brown,Software Engineer,83411
6712,Alice Lewis,Project Manager,84129
6713,Emma Clark,Software Engineer,60875
6714,Sophia Brown,Data Analyst,91828
6715,Bob Martinez,Data Analyst,58770
6716,Sophia Smith,System Administrator,78484
6717,Bob Anderson,Software Engineer,98686
6718,Jane Taylor,Data Analyst,61238
6719,Jane Smith,Project Manager,85273
6720,David Lewis,Project Manager,83707
6721,John Lewis,UX Designer,98668
6722,John Smith,Data Analyst,79570
6723,Michael Johnson,UX Designer,98989
6724,John Johnson,Software Engineer,61778
6725,Olivia Johnson,AI Researcher,59472
6726,John Brown,Database Administrator,55881
6727,Bob Brown,System Administrator,58391
6728,Bob Johnson,Database Administrator,67169
6729,David Harris,Network Engineer,81669
6730,Emma Brown,Product Manager,50556
6731,Charlie Smith,System Administrator,75409
6732,Charlie Harris,Database Administrator,72726
6733,Alice Brown,Project Manager,77389
6734,Charlie Brown,Project Manager,64764
6735,Charlie Walker,Product Manager,79154
6736,Olivia Lewis,AI Researcher,83545
6737,David Johnson,DevOps Engineer,92130
6738,David Clark,Project Manager,97664
6739,David Smith,System Administrator,98000
6740,Charlie Taylor,UX Designer,99399
6741,Michael Martinez,AI Researcher,85861
6742,Michael Martinez,UX Designer,86402
6743,Michael Johnson,Software Engineer,72070
6744,David Clark,Data Analyst,88348
6745,John Smith,Database Administrator,83063
6746,Alice Brown,DevOps Engineer,77452
6747,David Martinez,Database Administrator,61455
6748,David Anderson,Data Analyst,79164
6749,John Martinez,Project Manager,99841
6750,Jane Walker,Project Manager,76279
6751,Sophia Johnson,Project Manager,77946
6752,Charlie Johnson,Software Engineer,79969
6753,Sophia Johnson,AI Researcher,89762
6754,Olivia Anderson,System Administrator,67523
6755,Sophia Harris,Data Analyst,95679
6756,Jane Taylor,Database Administrator,74332
6757,Bob Lewis,AI Researcher,67114
6758,Michael Walker,System Administrator,81163
6759,Alice Anderson,DevOps Engineer,55131
6760,Bob Taylor,AI Researcher,52793
6761,John Harris,AI Researcher,78894
6762,Michael Johnson,DevOps Engineer,57875
6763,Jane Smith,Product Manager,78093
6764,Bob Harris,Software Engineer,54919
6765,David Johnson,Software Engineer,89456
6766,Sophia Harris,Product Manager,54804
6767,Sophia Lewis,UX Designer,70206
6768,Jane Clark,UX Designer,65285
6769,Sophia Harris,System Administrator,90400
6770,Charlie Lewis,Software Engineer,65227
6771,David Taylor,DevOps Engineer,65368
6772,Michael Taylor,Database Administrator,97251
6773,Alice Walker,DevOps Engineer,80468
6774,Bob Johnson,AI Researcher,91662
6775,Alice Walker,DevOps Engineer,65928
6776,Emma Anderson,Software Engineer,99188
6777,Michael Harris,System Administrator,50669
6778,Bob Anderson,Database Administrator,55749
6779,Sophia Clark,Software Engineer,70702
6780,David Walker,Software Engineer,78052
6781,Jane Johnson,DevOps Engineer,71170
6782,Bob Anderson,Network Engineer,57123
6783,Olivia Martinez,UX Designer,62826
6784,Jane Anderson,Network Engineer,52313
6785,Michael Harris,Data Analyst,63416
6786,Emma Taylor,Database Administrator,51246
6787,Jane Johnson,Software Engineer,79096
6788,Sophia Lewis,Software Engineer,73904
6789,David Lewis,Project Manager,59260
6790,Charlie Clark,UX Designer,85753
6791,Alice Johnson,Project Manager,58959
6792,Bob Johnson,System Administrator,75933
6793,David Anderson,Software Engineer,62530
6794,Sophia Clark,AI Researcher,99561
6795,John Walker,Project Manager,65188
6796,Jane Johnson,DevOps Engineer,75978
6797,Charlie Walker,Software Engineer,86340
6798,David Johnson,Software Engineer,73723
6799,Charlie Anderson,UX Designer,61007
6800,Olivia Smith,Database Administrator,95756
6801,Sophia Clark,Software Engineer,91447
6802,Bob Smith,DevOps Engineer,62128
6803,Michael Johnson,UX Designer,76988
6804,Emma Martinez,Software Engineer,88029
6805,Olivia Lewis,Project Manager,97207
6806,Alice Clark,AI Researcher,60183
6807,Sophia Harris,Product Manager,63533
6808,Emma Lewis,Database Administrator,74013
6809,John Lewis,Data Analyst,71267
6810,Bob Brown,Database Administrator,66937
6811,David Anderson,Project Manager,74471
6812,Emma Lewis,System Administrator,73376
6813,Charlie Clark,Product Manager,64306
6814,Charlie Martinez,Network Engineer,97012
6815,David Taylor,Network Engineer,71190
6816,David Harris,DevOps Engineer,77235
6817,Alice Taylor,Network Engineer,94212
6818,David Johnson,Database Administrator,90263
6819,Bob Walker,Network Engineer,75958
6820,Alice Johnson,Project Manager,64235
6821,Charlie Johnson,UX Designer,90761
6822,Alice Martinez,Software Engineer,98199
6823,Charlie Clark,Database Administrator,57486
6824,Sophia Smith,Network Engineer,88622
6825,Charlie Brown,Data Analyst,74426
6826,Charlie Harris,Software Engineer,75893
6827,Charlie Harris,Product Manager,61668
6828,Olivia Johnson,DevOps Engineer,63049
6829,Olivia Martinez,Database Administrator,76244
6830,Jane Harris,Project Manager,96215
6831,Emma Clark,Network Engineer,66486
6832,Michael Anderson,Product Manager,59811
6833,Jane Martinez,Project Manager,66005
6834,Sophia Clark,AI Researcher,95923
6835,Alice Taylor,UX Designer,85061
6836,Olivia Anderson,Product Manager,87560
6837,John Clark,Network Engineer,50948
6838,Charlie Clark,Product Manager,87318
6839,Jane Harris,UX Designer,84794
6840,Bob Martinez,DevOps Engineer,79356
6841,Jane Johnson,Product Manager,65087
6842,Sophia Martinez,AI Researcher,95557
6843,Bob Clark,DevOps Engineer,66935
6844,Jane Anderson,Project Manager,52079
6845,John Johnson,UX Designer,54983
6846,Olivia Harris,UX Designer,74539
6847,Alice Brown,Product Manager,82057
6848,David Brown,Data Analyst,61972
6849,Jane Martinez,AI Researcher,76855
6850,Jane Martinez,Project Manager,60867
6851,John Taylor,Network Engineer,99634
6852,Charlie Anderson,Software Engineer,98308
6853,Jane Clark,Product Manager,66075
6854,Olivia Brown,AI Researcher,62401
6855,Sophia Lewis,Network Engineer,77550
6856,John Brown,DevOps Engineer,67308
6857,Michael Walker,Database Administrator,53811
6858,Emma Clark,DevOps Engineer,89169
6859,Sophia Martinez,Software Engineer,81693
6860,Bob Anderson,Database Administrator,93745
6861,Bob Harris,Project Manager,72700
6862,Sophia Smith,Database Administrator,64425
6863,Charlie Lewis,Database Administrator,50889
6864,Jane Johnson,Project Manager,51095
6865,Michael Johnson,Database Administrator,98963
6866,David Brown,Network Engineer,85839
6867,Alice Martinez,Network Engineer,96306
6868,Sophia Johnson,DevOps Engineer,66854
6869,Sophia Johnson,AI Researcher,74609
6870,Emma Smith,Project Manager,65869
6871,Olivia Lewis,Data Analyst,93920
6872,John Clark,Product Manager,52807
6873,Alice Martinez,UX Designer,53070
6874,Michael Smith,Software Engineer,82361
6875,John Harris,Product Manager,64425
6876,Olivia Smith,Software Engineer,54018
6877,David Lewis,AI Researcher,58991
6878,David Smith,AI Researcher,86455
6879,Alice Johnson,Product Manager,97435
6880,Olivia Clark,Network Engineer,56397
6881,Emma Lewis,AI Researcher,61921
6882,John Clark,Network Engineer,86619
6883,Alice Anderson,Product Manager,69583
6884,Michael Johnson,Database Administrator,96038
6885,Bob Clark,System Administrator,88934
6886,Michael Johnson,Project Manager,51818
6887,John Johnson,Project Manager,51169
6888,Bob Clark,DevOps Engineer,89855
6889,Bob Taylor,System Administrator,84650
6890,Michael Walker,Network Engineer,89300
6891,Michael Clark,Product Manager,75952
6892,Emma Johnson,Network Engineer,63838
6893,David Johnson,Product Manager,76814
6894,Emma Brown,Product Manager,83555
6895,Olivia Walker,DevOps Engineer,65825
6896,Olivia Lewis,Data Analyst,86238
6897,John Anderson,DevOps Engineer,93698
6898,John Smith,Network Engineer,61866
6899,Olivia Brown,Product Manager,84413
6900,Michael Harris,Network Engineer,75612
6901,Jane Brown,System Administrator,57189
6902,Charlie Johnson,Software Engineer,94495
6903,Sophia Walker,AI Researcher,93271
6904,Bob Martinez,Project Manager,98621
6905,Emma Martinez,AI Researcher,91418
6906,Jane Anderson,Software Engineer,79219
6907,Jane Martinez,Project Manager,93480
6908,Olivia Johnson,AI Researcher,93159
6909,Bob Smith,Data Analyst,51615
6910,David Martinez,Project Manager,68858
6911,Alice Johnson,Database Administrator,61768
6912,Jane Harris,Software Engineer,57919
6913,Sophia Martinez,Database Administrator,86904
6914,Jane Smith,Project Manager,65335
6915,Jane Anderson,Database Administrator,55214
6916,John Taylor,Network Engineer,89880
6917,Sophia Martinez,Data Analyst,85273
6918,Alice Smith,System Administrator,53453
6919,Alice Brown,Software Engineer,53582
6920,Jane Smith,Network Engineer,88129
6921,Charlie Taylor,DevOps Engineer,80184
6922,David Johnson,DevOps Engineer,82210
6923,Sophia Taylor,Database Administrator,79017
6924,John Lewis,Product Manager,95663
6925,Alice Clark,DevOps Engineer,99017
6926,Jane Taylor,Software Engineer,61651
6927,Michael Taylor,Project Manager,69711
6928,Charlie Johnson,Network Engineer,85348
6929,Bob Johnson,Software Engineer,65930
6930,David Lewis,Product Manager,60355
6931,John Anderson,Network Engineer,78092
6932,Olivia Anderson,DevOps Engineer,54110
6933,Charlie Harris,DevOps Engineer,81826
6934,Olivia Clark,Data Analyst,67494
6935,Charlie Lewis,UX Designer,92802
6936,Sophia Smith,Data Analyst,83305
6937,Alice Taylor,Database Administrator,72426
6938,Jane Walker,Network Engineer,57507
6939,Jane Johnson,System Administrator,60285
6940,Charlie Anderson,Project Manager,62471
6941,Jane Anderson,Data Analyst,52191
6942,David Smith,UX Designer,83494
6943,Emma Martinez,Software Engineer,77885
6944,Michael Harris,Product Manager,60575
6945,Sophia Clark,DevOps Engineer,86362
6946,Alice Anderson,Software Engineer,86798
6947,Michael Johnson,Software Engineer,67420
6948,Michael Taylor,System Administrator,86715
6949,Alice Smith,Project Manager,78489
6950,Charlie Taylor,Database Administrator,87858
6951,Michael Taylor,UX Designer,91298
6952,Jane Taylor,AI Researcher,68006
6953,Emma Lewis,Product Manager,52384
6954,Alice Harris,DevOps Engineer,97530
6955,David Smith,Data Analyst,88083
6956,John Johnson,Network Engineer,55803
6957,David Johnson,Data Analyst,50605
6958,David Smith,AI Researcher,55207
6959,Charlie Anderson,DevOps Engineer,62322
6960,John Martinez,DevOps Engineer,58316
6961,Emma Walker,Software Engineer,91068
6962,Jane Martinez,AI Researcher,54513
6963,Bob Smith,UX Designer,80509
6964,David Walker,UX Designer,66010
6965,Olivia Lewis,Data Analyst,63836
6966,David Martinez,Network Engineer,98317
6967,David Johnson,Software Engineer,66713
6968,Michael Walker,Software Engineer,56823
6969,David Smith,System Administrator,62545
6970,Alice Anderson,Network Engineer,66510
6971,Emma Harris,Software Engineer,63133
6972,David Anderson,Software Engineer,83032
6973,Emma Harris,Product Manager,65643
6974,Sophia Walker,AI Researcher,54049
6975,Jane Harris,Database Administrator,63645
6976,Charlie Anderson,Data Analyst,50633
6977,Bob Walker,Software Engineer,89264
6978,Alice Anderson,Data Analyst,87641
6979,David Lewis,Product Manager,74531
6980,Olivia Anderson,Project Manager,91352
6981,Bob Lewis,Project Manager,96083
6982,Sophia Martinez,AI Researcher,83824
6983,Charlie Walker,Network Engineer,77344
6984,Michael Lewis,Data Analyst,52661
6985,Emma Johnson,DevOps Engineer,81392
6986,Bob Walker,Database Administrator,74894
6987,Emma Brown,Network Engineer,78917
6988,John Taylor,Data Analyst,91398
6989,Jane Smith,DevOps Engineer,59696
6990,Charlie Martinez,Product Manager,68256
6991,Emma Martinez,System Administrator,82138
6992,Emma Brown,DevOps Engineer,50410
6993,John Johnson,Network Engineer,73652
6994,Bob Anderson,Network Engineer,50000
6995,Olivia Smith,Software Engineer,57342
6996,Jane Lewis,UX Designer,78845
6997,John Harris,Product Manager,75967
6998,Jane Lewis,Data Analyst,59349
6999,Sophia Walker,DevOps Engineer,50794
7000,David Harris,DevOps Engineer,57488
7001,Charlie Martinez,Database Administrator,64823
7002,Sophia Walker,Database Administrator,79014
7003,Alice Harris,Product Manager,96759
7004,David Brown,DevOps Engineer,81014
7005,Jane Johnson,DevOps Engineer,85638
7006,Michael Taylor,Database Administrator,74558
7007,Bob Johnson,Project Manager,62083
7008,Bob Walker,UX Designer,55684
7009,John Walker,Data Analyst,57037
7010,Olivia Martinez,Database Administrator,81852
7011,Alice Anderson,Data Analyst,68260
7012,Jane Clark,Network Engineer,55624
7013,Olivia Brown,Network Engineer,89107
7014,Emma Brown,DevOps Engineer,70485
7015,Michael Taylor,Product Manager,72809
7016,Jane Lewis,Data Analyst,87470
7017,Alice Walker,Product Manager,59366
7018,David Lewis,System Administrator,72341
7019,Alice Anderson,System Administrator,53208
7020,David Lewis,Data Analyst,88532
7021,Michael Clark,Product Manager,99968
7022,Sophia Brown,Database Administrator,57273
7023,Olivia Harris,Database Administrator,97886
7024,Charlie Walker,Product Manager,63469
7025,Emma Lewis,Data Analyst,72609
7026,Emma Walker,Software Engineer,80531
7027,Emma Lewis,Network Engineer,99230
7028,Charlie Clark,UX Designer,81721
7029,Alice Smith,System Administrator,58537
7030,Jane Walker,Data Analyst,68221
7031,John Brown,Product Manager,80473
7032,Charlie Johnson,Product Manager,88963
7033,Emma Martinez,Network Engineer,82547
7034,John Walker,Network Engineer,99708
7035,John Anderson,DevOps Engineer,74087
7036,Jane Taylor,Software Engineer,73991
7037,Alice Smith,Product Manager,95430
7038,Sophia Walker,Product Manager,58483
7039,Bob Clark,Project Manager,98059
7040,Alice Harris,System Administrator,53040
7041,Emma Lewis,Software Engineer,58815
7042,Emma Brown,UX Designer,69167
7043,Michael Smith,Product Manager,83152
7044,Emma Johnson,Database Administrator,55389
7045,Michael Martinez,System Administrator,88812
7046,Charlie Brown,Database Administrator,57809
7047,David Anderson,Project Manager,99297
7048,Bob Smith,System Administrator,89102
7049,Bob Walker,Data Analyst,69240
7050,Charlie Walker,DevOps Engineer,74708
7051,Michael Harris,Project Manager,58012
7052,David Clark,Project Manager,99239
7053,Sophia Taylor,Product Manager,75208
7054,Michael Anderson,UX Designer,61667
7055,Michael Brown,Project Manager,61693
7056,John Anderson,AI Researcher,60803
7057,David Martinez,System Administrator,70691
7058,Sophia Lewis,Project Manager,69766
7059,Sophia Walker,Network Engineer,76106
7060,Jane Smith,UX Designer,99519
7061,David Taylor,Data Analyst,76089
7062,Michael Martinez,DevOps Engineer,68291
7063,John Clark,DevOps Engineer,97463
7064,Emma Clark,Database Administrator,91449
7065,John Lewis,Data Analyst,81698
7066,Michael Taylor,Project Manager,64273
7067,Sophia Johnson,Data Analyst,95690
7068,Charlie Anderson,Database Administrator,70028
7069,John Smith,Project Manager,74501
7070,Olivia Harris,System Administrator,52927
7071,Sophia Martinez,AI Researcher,53501
7072,Charlie Brown,Data Analyst,83934
7073,Alice Lewis,DevOps Engineer,62981
7074,Bob Taylor,AI Researcher,77171
7075,Emma Brown,AI Researcher,84624
7076,David Johnson,UX Designer,80317
7077,John Smith,Project Manager,53991
7078,Emma Harris,Data Analyst,50801
7079,Olivia Martinez,Software Engineer,61862
7080,Alice Walker,Project Manager,50421
7081,Bob Walker,System Administrator,54152
7082,Olivia Walker,System Administrator,98525
7083,Emma Walker,Database Administrator,60996
7084,Olivia Smith,System Administrator,90591
7085,Charlie Clark,System Administrator,60863
7086,Alice Anderson,DevOps Engineer,80779
7087,Charlie Martinez,Database Administrator,78532
7088,Olivia Anderson,AI Researcher,84890
7089,Emma Walker,AI Researcher,81125
7090,Jane Harris,Database Administrator,86208
7091,Bob Clark,Database Administrator,99661
7092,Charlie Harris,DevOps Engineer,95477
7093,Charlie Lewis,Data Analyst,74034
7094,Michael Smith,Data Analyst,52154
7095,John Martinez,UX Designer,50600
7096,Jane Smith,Project Manager,83795
7097,Sophia Harris,System Administrator,91792
7098,Charlie Lewis,System Administrator,62892
7099,Charlie Lewis,UX Designer,78521
7100,Sophia Taylor,System Administrator,85382
7101,Bob Martinez,Database Administrator,83123
7102,Emma Lewis,Data Analyst,69123
7103,Alice Anderson,System Administrator,77561
7104,Michael Anderson,Product Manager,74709
7105,Alice Anderson,DevOps Engineer,58919
7106,Olivia Martinez,Software Engineer,95290
7107,Olivia Harris,UX Designer,53521
7108,Charlie Lewis,AI Researcher,75998
7109,Charlie Clark,Data Analyst,99736
7110,Sophia Clark,System Administrator,92794
7111,Charlie Johnson,Software Engineer,61471
7112,Emma Walker,Network Engineer,89582
7113,Sophia Clark,Project Manager,61307
7114,Bob Brown,System Administrator,91118
7115,Emma Harris,AI Researcher,79190
7116,Sophia Brown,System Administrator,68202
7117,John Anderson,Project Manager,97884
7118,Michael Martinez,Data Analyst,78782
7119,Michael Smith,Software Engineer,53562
7120,Emma Martinez,UX Designer,56467
7121,Charlie Martinez,System Administrator,94961
7122,Jane Smith,Network Engineer,88807
7123,Bob Smith,Software Engineer,92780
7124,Olivia Taylor,UX Designer,54004
7125,Jane Harris,Network Engineer,57398
7126,Alice Smith,Database Administrator,92132
7127,John Walker,UX Designer,86212
7128,Jane Anderson,Product Manager,56782
7129,Alice Anderson,Software Engineer,53227
7130,Olivia Anderson,UX Designer,83531
7131,Alice Anderson,Project Manager,53267
7132,Olivia Smith,UX Designer,80795
7133,John Harris,Data Analyst,75987
7134,Emma Smith,AI Researcher,68729
7135,Michael Martinez,System Administrator,93249
7136,Michael Taylor,System Administrator,91725
7137,Bob Smith,Product Manager,61357
7138,Michael Harris,Project Manager,98290
7139,John Martinez,Network Engineer,96258
7140,Olivia Johnson,Project Manager,68630
7141,Sophia Clark,AI Researcher,91270
7142,Sophia Brown,Project Manager,66847
7143,Bob Brown,UX Designer,86536
7144,Charlie Lewis,Software Engineer,89820
7145,Olivia Harris,AI Researcher,83515
7146,Olivia Brown,Database Administrator,70399
7147,Bob Smith,Product Manager,67028
7148,Sophia Lewis,Data Analyst,69521
7149,Michael Taylor,DevOps Engineer,52867
7150,Jane Anderson,Software Engineer,55873
7151,Bob Taylor,AI Researcher,98786
7152,Charlie Brown,Product Manager,70138
7153,Emma Smith,Project Manager,69118
7154,Bob Martinez,Data Analyst,70246
7155,Olivia Taylor,Network Engineer,77592
7156,Olivia Taylor,Data Analyst,70469
7157,David Anderson,UX Designer,66071
7158,Jane Smith,Database Administrator,95173
7159,Emma Martinez,Database Administrator,74539
7160,David Anderson,Product Manager,65232
7161,Charlie Lewis,Software Engineer,61140
7162,John Brown,Database Administrator,63348
7163,Charlie Anderson,Database Administrator,58201
7164,Jane Harris,AI Researcher,88498
7165,Alice Martinez,Database Administrator,73961
7166,Charlie Harris,Software Engineer,90832
7167,Emma Johnson,DevOps Engineer,85489
7168,David Smith,System Administrator,99750
7169,Charlie Walker,Network Engineer,50717
7170,Olivia Johnson,Product Manager,63973
7171,Charlie Smith,Data Analyst,92164
7172,Sophia Clark,Database Administrator,75722
7173,John Smith,DevOps Engineer,66908
7174,John Martinez,Software Engineer,76246
7175,Sophia Harris,Network Engineer,56770
7176,Sophia Walker,Product Manager,82260
7177,Emma Lewis,Software Engineer,84438
7178,Michael Anderson,System Administrator,66969
7179,Sophia Johnson,Project Manager,91600
7180,Charlie Walker,AI Researcher,55929
7181,Bob Walker,Project Manager,84013
7182,Olivia Lewis,DevOps Engineer,53173
7183,Michael Martinez,UX Designer,52486
7184,Michael Clark,AI Researcher,93459
7185,Sophia Johnson,DevOps Engineer,83033
7186,David Smith,Software Engineer,67647
7187,Charlie Harris,DevOps Engineer,91417
7188,John Johnson,Product Manager,78194
7189,Sophia Walker,Data Analyst,75651
7190,John Brown,Database Administrator,74045
7191,Bob Martinez,Database Administrator,59399
7192,Olivia Clark,UX Designer,99194
7193,Emma Brown,Network Engineer,88335
7194,John Harris,AI Researcher,59885
7195,Olivia Taylor,Project Manager,62117
7196,Alice Johnson,Product Manager,83397
7197,John Johnson,System Administrator,92837
7198,Jane Martinez,Data Analyst,69637
7199,Olivia Walker,Data Analyst,85665
7200,Olivia Anderson,Data Analyst,79656
7201,Alice Johnson,Data Analyst,77460
7202,Emma Lewis,Network Engineer,62980
7203,John Lewis,Software Engineer,59434
7204,David Taylor,Data Analyst,67987
7205,John Martinez,Data Analyst,50495
7206,Bob Martinez,Database Administrator,52894
7207,Olivia Smith,Network Engineer,83333
7208,Emma Brown,AI Researcher,67104
7209,Michael Martinez,AI Researcher,64544
7210,Bob Clark,Data Analyst,76710
7211,Bob Smith,Software Engineer,52098
7212,Emma Clark,UX Designer,83938
7213,Michael Clark,UX Designer,88464
7214,Sophia Lewis,Project Manager,79725
7215,Michael Brown,UX Designer,95182
7216,Bob Clark,DevOps Engineer,71843
7217,John Clark,Software Engineer,76702
7218,Charlie Harris,Project Manager,65163
7219,Alice Brown,AI Researcher,65511
7220,John Walker,UX Designer,97557
7221,John Anderson,Network Engineer,81992
7222,David Anderson,Software Engineer,89441
7223,Charlie Smith,Project Manager,81127
7224,Olivia Smith,Database Administrator,60945
7225,David Taylor,System Administrator,88447
7226,Jane Johnson,Database Administrator,78066
7227,Emma Brown,System Administrator,67488
7228,Alice Johnson,Project Manager,84483
7229,Alice Harris,Network Engineer,84868
7230,John Taylor,UX Designer,92872
7231,John Lewis,Data Analyst,94563
7232,Bob Smith,Software Engineer,55421
7233,David Clark,Network Engineer,83832
7234,Michael Anderson,UX Designer,54376
7235,Sophia Harris,Project Manager,52478
7236,Emma Anderson,AI Researcher,55642
7237,Michael Johnson,Database Administrator,92956
7238,Michael Harris,Network Engineer,62217
7239,John Brown,DevOps Engineer,56869
7240,Emma Taylor,UX Designer,68531
7241,John Harris,AI Researcher,93346
7242,John Anderson,Software Engineer,74986
7243,Jane Taylor,Data Analyst,58559
7244,Jane Taylor,Network Engineer,60086
7245,John Harris,Network Engineer,71752
7246,Olivia Walker,Database Administrator,83687
7247,Sophia Johnson,DevOps Engineer,56265
7248,Bob Lewis,UX Designer,99757
7249,Jane Walker,Data Analyst,98034
7250,Olivia Lewis,Product Manager,58176
7251,Charlie Walker,Network Engineer,91020
7252,Michael Lewis,Project Manager,90885
7253,John Smith,AI Researcher,61350
7254,Sophia Walker,Network Engineer,83966
7255,Michael Brown,Software Engineer,70425
7256,Alice Walker,Network Engineer,69892
7257,David Smith,DevOps Engineer,74682
7258,John Lewis,DevOps Engineer,97191
7259,John Walker,AI Researcher,70605
7260,Olivia Martinez,Project Manager,98117
7261,John Martinez,Product Manager,60528
7262,John Martinez,UX Designer,69474
7263,David Walker,System Administrator,85524
7264,Charlie Clark,Product Manager,52520
7265,Alice Johnson,DevOps Engineer,95414
7266,Olivia Walker,Database Administrator,62658
7267,David Taylor,AI Researcher,53457
7268,Alice Anderson,Network Engineer,74703
7269,Olivia Martinez,UX Designer,75443
7270,Jane Clark,Database Administrator,52251
7271,Sophia Brown,AI Researcher,72771
7272,Charlie Johnson,AI Researcher,65196
7273,Olivia Anderson,DevOps Engineer,71849
7274,John Brown,DevOps Engineer,97136
7275,Charlie Taylor,Project Manager,75716
7276,Charlie Martinez,System Administrator,71435
7277,Bob Taylor,Software Engineer,73051
7278,John Johnson,AI Researcher,75829
7279,David Harris,DevOps Engineer,74161
7280,John Martinez,AI Researcher,75608
7281,John Smith,DevOps Engineer,81592
7282,Bob Taylor,AI Researcher,93096
7283,David Brown,Project Manager,69814
7284,Sophia Smith,Software Engineer,80157
7285,Charlie Anderson,Product Manager,54935
7286,Charlie Harris,Project Manager,83538
7287,Bob Martinez,Software Engineer,58503
7288,John Lewis,AI Researcher,74460
7289,Michael Lewis,Network Engineer,98563
7290,Sophia Lewis,Database Administrator,88637
7291,Michael Brown,UX Designer,68228
7292,Emma Harris,Network Engineer,82234
7293,Olivia Brown,Product Manager,89351
7294,Emma Walker,Project Manager,84500
7295,Jane Taylor,System Administrator,51785
7296,Sophia Anderson,UX Designer,74926
7297,Bob Brown,Project Manager,96365
7298,Charlie Brown,Database Administrator,67546
7299,Michael Harris,Project Manager,94043
7300,Charlie Johnson,Data Analyst,67480
7301,John Taylor,Product Manager,82280
7302,Bob Walker,Project Manager,71347
7303,Alice Johnson,Product Manager,87812
7304,Jane Martinez,Database Administrator,54422
7305,Michael Anderson,Database Administrator,52008
7306,Bob Lewis,AI Researcher,52671
7307,Charlie Walker,UX Designer,51745
7308,Sophia Smith,UX Designer,68367
7309,Sophia Smith,Software Engineer,93918
7310,Alice Lewis,AI Researcher,78637
7311,Jane Smith,Project Manager,71560
7312,Sophia Lewis,Network Engineer,60156
7313,Emma Martinez,Data Analyst,73845
7314,Olivia Brown,Software Engineer,94351
7315,Charlie Johnson,Software Engineer,67646
7316,John Anderson,Project Manager,77492
7317,Alice Walker,Network Engineer,88352
7318,Sophia Lewis,Software Engineer,59288
7319,Michael Harris,System Administrator,83735
7320,Michael Anderson,System Administrator,94196
7321,Olivia Clark,DevOps Engineer,97277
7322,David Clark,System Administrator,92853
7323,David Smith,Product Manager,73536
7324,John Walker,Project Manager,54738
7325,Sophia Anderson,DevOps Engineer,56578
7326,Jane Lewis,AI Researcher,70309
7327,John Martinez,UX Designer,66635
7328,Alice Smith,Product Manager,82104
7329,Jane Harris,AI Researcher,67473
7330,Bob Martinez,Data Analyst,58881
7331,Olivia Harris,Data Analyst,96955
7332,John Anderson,Product Manager,96779
7333,Alice Brown,AI Researcher,63413
7334,Sophia Clark,Product Manager,54462
7335,Jane Brown,Software Engineer,93096
7336,Michael Anderson,Software Engineer,73400
7337,Sophia Clark,Project Manager,96859
7338,Michael Brown,Software Engineer,74378
7339,Alice Harris,System Administrator,69108
7340,David Anderson,Database Administrator,57880
7341,Jane Martinez,Data Analyst,95640
7342,Emma Martinez,Database Administrator,84701
7343,Alice Clark,Project Manager,84175
7344,Emma Anderson,Software Engineer,62801
7345,Jane Taylor,AI Researcher,61910
7346,Alice Harris,Product Manager,91392
7347,Sophia Harris,UX Designer,64992
7348,Alice Taylor,AI Researcher,58654
7349,David Clark,Product Manager,68946
7350,Olivia Brown,Project Manager,63849
7351,Bob Lewis,Project Manager,57598
7352,John Walker,System Administrator,72361
7353,Olivia Brown,System Administrator,78225
7354,Sophia Lewis,Product Manager,77757
7355,Emma Taylor,Data Analyst,57661
7356,John Taylor,UX Designer,61197
7357,John Anderson,System Administrator,51207
7358,Michael Harris,Product Manager,70772
7359,Bob Smith,Software Engineer,80746
7360,Emma Anderson,Database Administrator,56708
7361,Jane Smith,Network Engineer,74199
7362,David Taylor,Software Engineer,67123
7363,Emma Anderson,System Administrator,51211
7364,David Taylor,AI Researcher,63593
7365,John Anderson,DevOps Engineer,53855
7366,John Johnson,DevOps Engineer,81560
7367,Bob Harris,Network Engineer,54411
7368,Alice Brown,AI Researcher,81988
7369,David Anderson,Network Engineer,52275
7370,John Lewis,Software Engineer,76707
7371,Emma Lewis,Project Manager,57004
7372,Alice Martinez,Project Manager,77089
7373,Jane Martinez,Software Engineer,96585
7374,Emma Martinez,Project Manager,93015
7375,Olivia Anderson,Database Administrator,67385
7376,Bob Clark,Product Manager,62777
7377,Bob Taylor,DevOps Engineer,70903
7378,Sophia Lewis,Network Engineer,64289
7379,Jane Harris,Product Manager,82303
7380,Michael Anderson,Database Administrator,84243
7381,Jane Brown,System Administrator,83157
7382,Sophia Martinez,UX Designer,86264
7383,Jane Brown,Database Administrator,74823
7384,Olivia Johnson,Product Manager,90131
7385,Sophia Walker,Product Manager,60566
7386,Michael Taylor,UX Designer,65732
7387,Charlie Taylor,UX Designer,71454
7388,David Johnson,System Administrator,51845
7389,Jane Martinez,System Administrator,72639
7390,Charlie Lewis,System Administrator,81060
7391,Emma Johnson,Network Engineer,66038
7392,Sophia Johnson,Software Engineer,72286
7393,Emma Anderson,Project Manager,64024
7394,John Brown,Software Engineer,77547
7395,Jane Taylor,System Administrator,81581
7396,Emma Anderson,UX Designer,78304
7397,David Harris,Software Engineer,83832
7398,Jane Harris,System Administrator,95305
7399,Charlie Taylor,Database Administrator,85170
7400,Emma Johnson,AI Researcher,74603
7401,Alice Johnson,Project Manager,60615
7402,Emma Taylor,Software Engineer,92074
7403,David Anderson,Data Analyst,82914
7404,Olivia Anderson,AI Researcher,51617
7405,David Martinez,Product Manager,69547
7406,Olivia Martinez,Software Engineer,95277
7407,Jane Taylor,DevOps Engineer,84283
7408,Sophia Brown,Database Administrator,60560
7409,Olivia Brown,Database Administrator,61284
7410,Bob Martinez,UX Designer,55623
7411,Alice Martinez,DevOps Engineer,90145
7412,David Martinez,Data Analyst,54593
7413,Olivia Martinez,Software Engineer,93861
7414,David Martinez,System Administrator,73172
7415,Jane Anderson,UX Designer,97941
7416,Sophia Martinez,AI Researcher,97089
7417,David Walker,Network Engineer,69068
7418,Sophia Martinez,Project Manager,60626
7419,Charlie Martinez,AI Researcher,68415
7420,John Anderson,Project Manager,80670
7421,David Martinez,AI Researcher,59420
7422,Michael Smith,Database Administrator,83942
7423,John Smith,UX Designer,88614
7424,Charlie Smith,Software Engineer,60962
7425,Michael Taylor,DevOps Engineer,73097
7426,Sophia Walker,Project Manager,70038
7427,Olivia Brown,Software Engineer,64517
7428,Charlie Anderson,DevOps Engineer,84177
7429,Emma Johnson,System Administrator,50530
7430,Sophia Lewis,Software Engineer,87363
7431,John Johnson,DevOps Engineer,71657
7432,Olivia Anderson,Project Manager,66519
7433,Jane Clark,Data Analyst,54562
7434,Olivia Taylor,UX Designer,79253
7435,Alice Anderson,Data Analyst,96447
7436,John Taylor,UX Designer,63297
7437,John Lewis,Product Manager,79793
7438,Michael Smith,Software Engineer,97082
7439,Olivia Martinez,Project Manager,53018
7440,Jane Johnson,Product Manager,80455
7441,Charlie Taylor,Product Manager,98303
7442,Sophia Brown,DevOps Engineer,75384
7443,David Walker,Software Engineer,53051
7444,Emma Johnson,AI Researcher,77477
7445,Jane Lewis,Project Manager,97019
7446,Emma Brown,Network Engineer,65110
7447,John Taylor,Project Manager,89528
7448,Sophia Smith,UX Designer,94027
7449,Bob Walker,DevOps Engineer,66346
7450,Sophia Walker,Project Manager,65445
7451,Bob Smith,Software Engineer,79947
7452,Olivia Clark,Data Analyst,69622
7453,Olivia Walker,Data Analyst,55196
7454,David Clark,Data Analyst,67489
7455,Olivia Johnson,Network Engineer,71209
7456,Emma Lewis,Product Manager,71844
7457,Michael Clark,Data Analyst,64282
7458,Alice Clark,DevOps Engineer,64693
7459,Jane Anderson,Network Engineer,56919
7460,Olivia Harris,Project Manager,65757
7461,Charlie Smith,Network Engineer,50347
7462,Sophia Harris,DevOps Engineer,88194
7463,John Martinez,DevOps Engineer,61077
7464,Alice Taylor,UX Designer,58069
7465,Emma Lewis,Data Analyst,63781
7466,Michael Brown,Project Manager,87582
7467,John Taylor,AI Researcher,61586
7468,Alice Lewis,Data Analyst,77166
7469,Olivia Lewis,AI Researcher,51007
7470,Michael Taylor,Project Manager,82120
7471,Charlie Anderson,AI Researcher,94151
7472,Emma Martinez,System Administrator,97595
7473,Olivia Martinez,AI Researcher,64447
7474,Alice Smith,Product Manager,87272
7475,Bob Martinez,Data Analyst,89670
7476,Olivia Anderson,Network Engineer,57886
7477,Emma Martinez,AI Researcher,91121
7478,Charlie Taylor,System Administrator,82812
7479,Alice Johnson,Database Administrator,52554
7480,Sophia Walker,Data Analyst,85540
7481,John Smith,Software Engineer,83919
7482,John Brown,DevOps Engineer,62850
7483,Emma Clark,Software Engineer,90606
7484,Emma Taylor,Software Engineer,89100
7485,Sophia Taylor,Project Manager,56058
7486,Alice Martinez,Project Manager,92762
7487,Michael Clark,Network Engineer,62643
7488,Alice Harris,AI Researcher,85220
7489,Alice Clark,Software Engineer,65203
7490,Alice Walker,Data Analyst,52313
7491,Charlie Brown,Project Manager,71368
7492,Charlie Johnson,DevOps Engineer,79367
7493,Emma Walker,Product Manager,76230
7494,Michael Walker,Software Engineer,71950
7495,David Johnson,DevOps Engineer,77505
7496,Michael Harris,Project Manager,77936
7497,Jane Johnson,AI Researcher,56454
7498,David Martinez,AI Researcher,90949
7499,Jane Lewis,Database Administrator,78444
7500,Sophia Harris,Product Manager,71962
7501,Sophia Martinez,Network Engineer,84743
7502,Sophia Taylor,Data Analyst,70573
7503,Olivia Taylor,Product Manager,77993
7504,Bob Brown,AI Researcher,52142
7505,Bob Lewis,System Administrator,63789
7506,Jane Lewis,Network Engineer,89188
7507,Sophia Walker,DevOps Engineer,51504
7508,Alice Taylor,Database Administrator,62247
7509,Emma Walker,DevOps Engineer,93138
7510,Alice Harris,DevOps Engineer,85600
7511,Charlie Walker,Network Engineer,75432
7512,John Smith,Product Manager,94223
7513,David Brown,Project Manager,95151
7514,David Lewis,AI Researcher,66558
7515,John Walker,Database Administrator,70339
7516,Emma Johnson,Network Engineer,75655
7517,David Harris,DevOps Engineer,61379
7518,Olivia Martinez,Software Engineer,52210
7519,Olivia Taylor,Project Manager,88657
7520,Emma Martinez,Software Engineer,65147
7521,David Walker,DevOps Engineer,65593
7522,Sophia Martinez,AI Researcher,99302
7523,Jane Martinez,Software Engineer,76981
7524,Jane Smith,AI Researcher,95205
7525,David Clark,Project Manager,61531
7526,Sophia Brown,System Administrator,64875
7527,Charlie Clark,UX Designer,82025
7528,Emma Harris,Software Engineer,75252
7529,Bob Walker,Data Analyst,83138
7530,Emma Walker,Database Administrator,89196
7531,Emma Brown,Project Manager,65496
7532,Alice Martinez,System Administrator,82221
7533,Michael Harris,Product Manager,98464
7534,Charlie Clark,Software Engineer,77513
7535,Jane Lewis,AI Researcher,53357
7536,Bob Johnson,DevOps Engineer,79783
7537,David Harris,Project Manager,53035
7538,Bob Walker,Data Analyst,77438
7539,Bob Brown,Project Manager,76069
7540,Alice Smith,UX Designer,89604
7541,Charlie Taylor,Data Analyst,76563
7542,Emma Johnson,Software Engineer,79786
7543,John Lewis,Project Manager,63060
7544,Emma Johnson,Data Analyst,69069
7545,David Clark,Data Analyst,81197
7546,Emma Martinez,Product Manager,64635
7547,Emma Clark,DevOps Engineer,68341
7548,Michael Lewis,AI Researcher,55485
7549,Alice Smith,Project Manager,86278
7550,John Johnson,System Administrator,74577
7551,Olivia Lewis,Data Analyst,51571
7552,Charlie Brown,Project Manager,51560
7553,Emma Lewis,UX Designer,92541
7554,Michael Lewis,System Administrator,65362
7555,Bob Clark,AI Researcher,83951
7556,David Lewis,DevOps Engineer,99937
7557,Michael Harris,Data Analyst,80850
7558,Bob Walker,Product Manager,53699
7559,John Anderson,Network Engineer,79384
7560,Olivia Lewis,Data Analyst,81493
7561,Michael Clark,Network Engineer,55503
7562,Emma Martinez,Network Engineer,97913
7563,Olivia Johnson,Software Engineer,75538
7564,David Anderson,UX Designer,69477
7565,John Anderson,Network Engineer,69395
7566,Jane Lewis,Product Manager,58496
7567,Olivia Anderson,UX Designer,63503
7568,Emma Anderson,AI Researcher,88719
7569,John Brown,Software Engineer,73768
7570,David Smith,Software Engineer,58621
7571,John Lewis,Software Engineer,87728
7572,Olivia Taylor,Software Engineer,54421
7573,Emma Harris,System Administrator,78064
7574,John Johnson,Database Administrator,73567
7575,Olivia Taylor,UX Designer,59769
7576,Emma Johnson,Data Analyst,53165
7577,Sophia Anderson,AI Researcher,96957
7578,Charlie Brown,DevOps Engineer,92995
7579,Alice Anderson,AI Researcher,91794
7580,Olivia Clark,DevOps Engineer,87731
7581,Michael Anderson,Product Manager,53148
7582,John Smith,Software Engineer,55383
7583,Alice Taylor,Software Engineer,97423
7584,David Harris,Data Analyst,90760
7585,Emma Anderson,Database Administrator,92735
7586,Jane Smith,AI Researcher,61894
7587,Bob Harris,UX Designer,72303
7588,Jane Brown,Network Engineer,60899
7589,Michael Taylor,DevOps Engineer,65982
7590,Emma Martinez,Project Manager,62634
7591,John Clark,Project Manager,52538
7592,Charlie Clark,Software Engineer,83980
7593,Michael Anderson,Software Engineer,75084
7594,Bob Lewis,UX Designer,56834
7595,Bob Brown,Software Engineer,93027
7596,Michael Martinez,UX Designer,80654
7597,Emma Brown,UX Designer,85371
7598,Sophia Johnson,Database Administrator,90062
7599,Bob Anderson,UX Designer,84185
7600,Alice Harris,System Administrator,86672
7601,Sophia Walker,Software Engineer,86995
7602,Charlie Harris,Software Engineer,51036
7603,Michael Harris,Network Engineer,54347
7604,Sophia Clark,UX Designer,98483
7605,Sophia Martinez,System Administrator,98325
7606,Sophia Johnson,Product Manager,98222
7607,Emma Clark,Network Engineer,93173
7608,Alice Smith,Data Analyst,82789
7609,John Walker,Network Engineer,99814
7610,Charlie Walker,UX Designer,56593
7611,Charlie Martinez,Network Engineer,53216
7612,Alice Smith,Database Administrator,97275
7613,Olivia Brown,System Administrator,57621
7614,Michael Taylor,Software Engineer,52535
7615,Sophia Walker,UX Designer,84220
7616,Olivia Lewis,Data Analyst,93811
7617,Sophia Harris,System Administrator,85613
7618,David Harris,Data Analyst,60390
7619,Alice Clark,Data Analyst,79930
7620,Michael Walker,Software Engineer,75195
7621,John Johnson,AI Researcher,75364
7622,Alice Smith,Database Administrator,89675
7623,Charlie Taylor,Product Manager,94895
7624,Michael Walker,UX Designer,56373
7625,Alice Taylor,AI Researcher,77127
7626,Sophia Taylor,Database Administrator,75441
7627,Emma Johnson,Data Analyst,59330
7628,John Martinez,Network Engineer,71565
7629,Emma Johnson,Product Manager,51476
7630,John Martinez,Software Engineer,74629
7631,David Walker,Software Engineer,70999
7632,Michael Walker,AI Researcher,98576
7633,Alice Smith,Software Engineer,51896
7634,David Smith,Network Engineer,77972
7635,Charlie Smith,Product Manager,66038
7636,Sophia Smith,DevOps Engineer,77180
7637,Jane Johnson,Network Engineer,83098
7638,Olivia Brown,Software Engineer,72306
7639,Michael Martinez,System Administrator,62214
7640,David Smith,DevOps Engineer,60905
7641,Sophia Lewis,Data Analyst,87686
7642,Olivia Anderson,DevOps Engineer,52929
7643,Bob Johnson,Software Engineer,77116
7644,Michael Walker,Data Analyst,64535
7645,John Martinez,System Administrator,56601
7646,Olivia Clark,Software Engineer,94715
7647,Charlie Johnson,Software Engineer,76982
7648,Michael Walker,System Administrator,82141
7649,Michael Smith,Database Administrator,51411
7650,Alice Lewis,Network Engineer,56634
7651,Charlie Johnson,AI Researcher,59250
7652,John Lewis,Data Analyst,87385
7653,David Clark,System Administrator,69319
7654,John Johnson,UX Designer,96391
7655,Bob Clark,UX Designer,85565
7656,Alice Smith,Data Analyst,85669
7657,John Lewis,DevOps Engineer,53534
7658,Bob Martinez,Database Administrator,63448
7659,David Clark,Network Engineer,54976
7660,Sophia Martinez,Database Administrator,68809
7661,Emma Lewis,Project Manager,87398
7662,David Johnson,Database Administrator,67495
7663,Emma Martinez,Product Manager,88128
7664,Charlie Lewis,Database Administrator,93576
7665,Jane Anderson,Database Administrator,54572
7666,Jane Walker,Data Analyst,72604
7667,Bob Clark,Database Administrator,79008
7668,Alice Anderson,Network Engineer,55120
7669,David Taylor,Database Administrator,68244
7670,Charlie Martinez,Product Manager,50754
7671,Bob Johnson,Data Analyst,56606
7672,Bob Brown,UX Designer,78366
7673,Olivia Anderson,Data Analyst,55673
7674,Olivia Anderson,UX Designer,61840
7675,Alice Johnson,Software Engineer,60122
7676,Emma Johnson,Project Manager,61768
7677,Michael Smith,Data Analyst,93519
7678,Olivia Anderson,Data Analyst,67680
7679,Charlie Smith,Product Manager,50892
7680,Jane Anderson,Data Analyst,73837
7681,Sophia Johnson,Data Analyst,91306
7682,Bob Johnson,DevOps Engineer,51195
7683,Bob Taylor,Product Manager,74546
7684,Emma Anderson,DevOps Engineer,94393
7685,Alice Walker,Software Engineer,66714
7686,David Taylor,AI Researcher,62826
7687,Bob Smith,DevOps Engineer,55306
7688,Jane Martinez,Software Engineer,67795
7689,David Johnson,AI Researcher,74614
7690,Emma Johnson,DevOps Engineer,63610
7691,John Walker,UX Designer,84192
7692,Sophia Lewis,Data Analyst,52571
7693,Olivia Anderson,Software Engineer,84070
7694,Alice Lewis,System Administrator,98027
7695,Olivia Martinez,Network Engineer,83591
7696,Emma Johnson,Database Administrator,52727
7697,Bob Smith,Database Administrator,92589
7698,David Smith,Product Manager,95694
7699,Alice Taylor,Project Manager,57104
7700,David Harris,Network Engineer,55215
7701,Sophia Lewis,System Administrator,51486
7702,Jane Clark,DevOps Engineer,51871
7703,David Harris,Project Manager,91390
7704,Olivia Clark,UX Designer,68803
7705,Bob Anderson,UX Designer,84103
7706,Michael Smith,Data Analyst,94594
7707,Emma Johnson,Database Administrator,96249
7708,Jane Walker,UX Designer,52157
7709,Charlie Anderson,UX Designer,99175
7710,Alice Clark,DevOps Engineer,54059
7711,Olivia Clark,UX Designer,88643
7712,David Brown,Database Administrator,86243
7713,Jane Johnson,Product Manager,61963
7714,Emma Martinez,Database Administrator,67126
7715,Alice Taylor,Network Engineer,90015
7716,Alice Clark,Database Administrator,98094
7717,Alice Smith,UX Designer,86490
7718,John Johnson,AI Researcher,67996
7719,Jane Smith,DevOps Engineer,55973
7720,Charlie Harris,Database Administrator,56712
7721,David Walker,Project Manager,62023
7722,Sophia Clark,Data Analyst,54312
7723,John Brown,Data Analyst,81558
7724,Olivia Lewis,Project Manager,99913
7725,Charlie Smith,UX Designer,63821
7726,Charlie Martinez,Software Engineer,93164
7727,Sophia Walker,Network Engineer,58688
7728,Bob Taylor,Network Engineer,77385
7729,Jane Walker,System Administrator,53723
7730,Charlie Smith,Product Manager,71887
7731,Sophia Taylor,DevOps Engineer,87762
7732,Sophia Brown,UX Designer,67081
7733,Emma Anderson,Product Manager,93255
7734,Alice Harris,Database Administrator,65732
7735,David Anderson,Data Analyst,98469
7736,Jane Smith,UX Designer,79827
7737,Charlie Walker,Project Manager,95175
7738,Bob Martinez,Database Administrator,76694
7739,David Johnson,Project Manager,83532
7740,Michael Anderson,Database Administrator,76117
7741,Emma Clark,Network Engineer,98386
7742,David Anderson,Software Engineer,88252
7743,Alice Walker,Database Administrator,81279
7744,Bob Anderson,Software Engineer,96654
7745,Charlie Martinez,Database Administrator,76384
7746,John Walker,Product Manager,95562
7747,Bob Martinez,Project Manager,67116
7748,Bob Walker,Software Engineer,97417
7749,Alice Smith,UX Designer,82223
7750,Olivia Walker,Data Analyst,54085
7751,Michael Martinez,Network Engineer,89261
7752,Michael Taylor,Product Manager,63506
7753,Olivia Smith,Software Engineer,60519
7754,Charlie Martinez,Project Manager,82374
7755,David Lewis,Product Manager,81454
7756,Sophia Smith,DevOps Engineer,67570
7757,Michael Martinez,Product Manager,74222
7758,John Johnson,Database Administrator,76512
7759,Jane Anderson,Data Analyst,74648
7760,Emma Smith,Software Engineer,56907
7761,John Smith,Network Engineer,85414
7762,Sophia Clark,Product Manager,79507
7763,Bob Anderson,Project Manager,88649
7764,Sophia Clark,AI Researcher,83333
7765,Alice Martinez,System Administrator,60529
7766,Michael Smith,Data Analyst,90477
7767,Bob Harris,Project Manager,89065
7768,Alice Johnson,Network Engineer,65124
7769,Olivia Martinez,Data Analyst,50313
7770,Alice Walker,Network Engineer,59770
7771,David Smith,Network Engineer,84178
7772,John Lewis,Data Analyst,78285
7773,David Harris,Product Manager,94538
7774,Olivia Harris,DevOps Engineer,64820
7775,David Taylor,System Administrator,72049
7776,Olivia Clark,UX Designer,76313
7777,John Martinez,Database Administrator,57055
7778,Olivia Taylor,Database Administrator,72714
7779,Alice Smith,Software Engineer,52615
7780,Michael Martinez,Network Engineer,78141
7781,Jane Smith,Database Administrator,80162
7782,Emma Lewis,Product Manager,56941
7783,Jane Anderson,UX Designer,59853
7784,Emma Walker,Product Manager,89189
7785,Olivia Harris,UX Designer,60903
7786,Sophia Anderson,System Administrator,65636
7787,Olivia Harris,System Administrator,65401
7788,John Lewis,Software Engineer,50357
7789,Charlie Anderson,Software Engineer,57532
7790,Bob Taylor,Network Engineer,76741
7791,John Lewis,Software Engineer,99975
7792,Charlie Taylor,System Administrator,73552
7793,John Anderson,Database Administrator,79306
7794,Jane Johnson,System Administrator,68252
7795,Charlie Taylor,Database Administrator,55017
7796,Alice Martinez,AI Researcher,95187
7797,Alice Brown,Product Manager,90492
7798,Bob Smith,System Administrator,59310
7799,Jane Clark,Product Manager,95263
7800,Bob Anderson,System Administrator,77753
7801,Sophia Clark,UX Designer,69609
7802,David Taylor,Software Engineer,57878
7803,Sophia Harris,UX Designer,90513
7804,John Johnson,AI Researcher,97322
7805,Sophia Taylor,DevOps Engineer,70425
7806,David Johnson,AI Researcher,78290
7807,Jane Lewis,Product Manager,57250
7808,Emma Anderson,Database Administrator,91816
7809,Michael Anderson,System Administrator,86792
7810,John Lewis,UX Designer,60370
7811,Alice Taylor,Data Analyst,53836
7812,Michael Lewis,AI Researcher,61991
7813,Charlie Taylor,Product Manager,95183
7814,Alice Lewis,AI Researcher,60973
7815,Jane Martinez,Software Engineer,98371
7816,Bob Clark,Database Administrator,77289
7817,Jane Anderson,DevOps Engineer,84568
7818,Sophia Anderson,UX Designer,85067
7819,Bob Brown,AI Researcher,68715
7820,Michael Clark,System Administrator,89559
7821,Sophia Harris,Product Manager,70144
7822,Bob Lewis,Software Engineer,63882
7823,Olivia Harris,Network Engineer,98496
7824,Charlie Brown,Software Engineer,92270
7825,David Smith,Project Manager,90698
7826,Olivia Johnson,Product Manager,82696
7827,Sophia Smith,UX Designer,51245
7828,Bob Clark,System Administrator,63653
7829,Charlie Taylor,DevOps Engineer,80872
7830,John Smith,Product Manager,70998
7831,John Smith,UX Designer,85954
7832,Jane Lewis,Data Analyst,71542
7833,Jane Taylor,System Administrator,88468
7834,Jane Clark,UX Designer,52396
7835,Michael Taylor,Database Administrator,72326
7836,Jane Lewis,Project Manager,80106
7837,David Johnson,Project Manager,76301
7838,Charlie Smith,Product Manager,55947
7839,Emma Taylor,AI Researcher,70775
7840,Michael Harris,AI Researcher,98395
7841,Emma Harris,DevOps Engineer,74687
7842,Bob Lewis,Product Manager,50788
7843,Charlie Clark,DevOps Engineer,80200
7844,Bob Taylor,Data Analyst,80136
7845,Charlie Anderson,Data Analyst,72329
7846,Michael Brown,Database Administrator,79648
7847,Olivia Lewis,DevOps Engineer,73815
7848,Charlie Lewis,Project Manager,87357
7849,Alice Martinez,Database Administrator,90145
7850,Michael Taylor,Software Engineer,87352
7851,Bob Johnson,UX Designer,77849
7852,Alice Walker,Network Engineer,72022
7853,Olivia Smith,Data Analyst,95034
7854,David Walker,Software Engineer,67024
7855,Jane Anderson,System Administrator,76707
7856,Bob Smith,DevOps Engineer,69103
7857,Michael Walker,Product Manager,95187
7858,Emma Harris,Project Manager,74180
7859,Olivia Harris,Product Manager,91889
7860,Michael Lewis,DevOps Engineer,65130
7861,Sophia Harris,Product Manager,53589
7862,Michael Anderson,Database Administrator,54058
7863,David Martinez,DevOps Engineer,73488
7864,Charlie Johnson,Database Administrator,75783
7865,John Smith,DevOps Engineer,92159
7866,Sophia Brown,Software Engineer,94621
7867,Jane Lewis,Database Administrator,55620
7868,Alice Harris,Project Manager,71534
7869,Emma Lewis,Database Administrator,83025
7870,Sophia Johnson,DevOps Engineer,69731
7871,David Taylor,Data Analyst,62860
7872,Charlie Anderson,Software Engineer,63426
7873,Charlie Smith,UX Designer,84856
7874,Bob Harris,UX Designer,56491
7875,Sophia Martinez,Project Manager,87079
7876,John Brown,Data Analyst,75782
7877,Alice Taylor,DevOps Engineer,80662
7878,Jane Johnson,UX Designer,78991
7879,John Anderson,Database Administrator,85119
7880,Charlie Smith,UX Designer,56854
7881,Alice Harris,UX Designer,65049
7882,Alice Lewis,DevOps Engineer,67698
7883,Olivia Johnson,AI Researcher,59139
7884,Emma Smith,Product Manager,53661
7885,David Walker,DevOps Engineer,55403
7886,Bob Johnson,Data Analyst,92009
7887,Bob Walker,Database Administrator,90421
7888,Sophia Taylor,DevOps Engineer,74685
7889,John Lewis,Data Analyst,86019
7890,Olivia Clark,Software Engineer,87115
7891,Bob Walker,UX Designer,73922
7892,Sophia Johnson,Data Analyst,99808
7893,Olivia Harris,AI Researcher,76509
7894,Alice Walker,DevOps Engineer,56568
7895,Jane Smith,DevOps Engineer,73817
7896,David Walker,Software Engineer,65236
7897,Charlie Walker,Database Administrator,88758
7898,Charlie Taylor,AI Researcher,97864
7899,Sophia Smith,AI Researcher,97857
7900,Charlie Lewis,Software Engineer,82212
7901,Bob Johnson,Database Administrator,73609
7902,Jane Johnson,DevOps Engineer,72537
7903,Olivia Johnson,Database Administrator,56731
7904,Jane Clark,Project Manager,74823
7905,David Martinez,Data Analyst,52386
7906,Charlie Brown,DevOps Engineer,74474
7907,Emma Brown,AI Researcher,63840
7908,Olivia Walker,Software Engineer,86975
7909,Sophia Walker,Software Engineer,51308
7910,Alice Harris,Software Engineer,98777
7911,Sophia Harris,UX Designer,95691
7912,Alice Johnson,Data Analyst,52558
7913,David Brown,AI Researcher,87933
7914,John Lewis,Product Manager,50325
7915,Michael Brown,Project Manager,65456
7916,Jane Martinez,Project Manager,89953
7917,Bob Anderson,DevOps Engineer,95737
7918,Alice Martinez,UX Designer,98432
7919,Alice Taylor,AI Researcher,64211
7920,Emma Harris,Product Manager,96832
7921,John Brown,Network Engineer,52834
7922,Olivia Martinez,System Administrator,95270
7923,Bob Anderson,AI Researcher,83390
7924,Bob Anderson,UX Designer,87260
7925,Bob Smith,Software Engineer,77080
7926,Emma Lewis,Network Engineer,51051
7927,Alice Lewis,Software Engineer,50343
7928,Alice Taylor,Data Analyst,62715
7929,Sophia Martinez,Data Analyst,62299
7930,John Taylor,Software Engineer,99351
7931,Bob Brown,UX Designer,88800
7932,Michael Martinez,Project Manager,74757
7933,Olivia Smith,System Administrator,99863
7934,Sophia Lewis,Database Administrator,53108
7935,Jane Anderson,Product Manager,99450
7936,Michael Anderson,Software Engineer,90132
7937,David Lewis,Database Administrator,52781
7938,Olivia Lewis,Software Engineer,66687
7939,Alice Martinez,Product Manager,53294
7940,Jane Martinez,UX Designer,67790
7941,Charlie Smith,Database Administrator,87603
7942,Charlie Martinez,System Administrator,88830
7943,Michael Martinez,Database Administrator,62160
7944,Bob Anderson,Product Manager,54549
7945,Alice Anderson,Network Engineer,70222
7946,Jane Anderson,Database Administrator,65463
7947,Emma Taylor,Software Engineer,52151
7948,David Anderson,Software Engineer,72228
7949,Charlie Brown,Product Manager,95434
7950,Olivia Brown,Database Administrator,98734
7951,David Johnson,UX Designer,66665
7952,Bob Johnson,AI Researcher,64044
7953,Bob Brown,UX Designer,97615
7954,Bob Taylor,Software Engineer,69480
7955,John Walker,System Administrator,61354
7956,Charlie Harris,Project Manager,74843
7957,Jane Clark,Product Manager,64088
7958,Jane Lewis,System Administrator,64982
7959,David Taylor,Software Engineer,55463
7960,Charlie Harris,AI Researcher,66095
7961,Emma Brown,UX Designer,51519
7962,Sophia Harris,Product Manager,74416
7963,Alice Walker,Software Engineer,53672
7964,Sophia Lewis,AI Researcher,81492
7965,Jane Smith,Database Administrator,89042
7966,Michael Clark,Network Engineer,57235
7967,Jane Anderson,AI Researcher,74360
7968,Bob Harris,Project Manager,91431
7969,Bob Clark,Project Manager,86511
7970,Michael Clark,System Administrator,96343
7971,Emma Taylor,Data Analyst,67639
7972,Bob Walker,Database Administrator,61838
7973,Charlie Walker,DevOps Engineer,77542
7974,Emma Harris,Data Analyst,95322
7975,Alice Smith,DevOps Engineer,72432
7976,Charlie Clark,UX Designer,89016
7977,Jane Harris,Project Manager,90674
7978,Emma Clark,Product Manager,67049
7979,John Smith,Software Engineer,68598
7980,Olivia Johnson,DevOps Engineer,86075
7981,Jane Anderson,System Administrator,62667
7982,Olivia Walker,System Administrator,63103
7983,Bob Johnson,Data Analyst,89125
7984,Alice Clark,System Administrator,94603
7985,John Brown,UX Designer,63426
7986,Emma Martinez,Product Manager,76736
7987,Charlie Walker,Product Manager,91940
7988,Michael Johnson,System Administrator,86793
7989,Michael Smith,Database Administrator,59897
7990,Olivia Anderson,Software Engineer,76378
7991,John Clark,System Administrator,65119
7992,Olivia Walker,System Administrator,53200
7993,John Smith,Data Analyst,87903
7994,Michael Walker,Software Engineer,85603
7995,Sophia Smith,Database Administrator,85389
7996,Alice Smith,Data Analyst,62843
7997,Bob Walker,Project Manager,50499
7998,Jane Harris,Data Analyst,83353
7999,John Walker,Product Manager,92639
8000,Jane Harris,AI Researcher,65822
8001,David Walker,UX Designer,70555
8002,Michael Clark,Software Engineer,95609
8003,Olivia Clark,AI Researcher,76510
8004,Michael Harris,UX Designer,64155
8005,Charlie Walker,Product Manager,57422
8006,David Smith,Product Manager,50563
8007,Bob Lewis,UX Designer,52322
8008,Sophia Lewis,Product Manager,58747
8009,Bob Anderson,Project Manager,64814
8010,Bob Brown,DevOps Engineer,59727
8011,Emma Johnson,AI Researcher,52045
8012,Jane Walker,System Administrator,88333
8013,David Lewis,Software Engineer,91028
8014,John Taylor,Network Engineer,99971
8015,Bob Lewis,Product Manager,83734
8016,Jane Brown,System Administrator,64261
8017,Alice Brown,Product Manager,50373
8018,Jane Martinez,Project Manager,57179
8019,John Brown,AI Researcher,62476
8020,Charlie Anderson,Network Engineer,60518
8021,Michael Harris,Software Engineer,94303
8022,David Johnson,Project Manager,72196
8023,Emma Walker,Database Administrator,76143
8024,Charlie Harris,Software Engineer,71611
8025,Michael Harris,System Administrator,93032
8026,Olivia Anderson,Data Analyst,91054
8027,Sophia Smith,System Administrator,79115
8028,Emma Anderson,Data Analyst,52937
8029,Emma Taylor,Project Manager,67220
8030,Olivia Anderson,DevOps Engineer,50234
8031,Charlie Brown,Project Manager,68537
8032,Michael Martinez,Project Manager,69640
8033,Emma Anderson,System Administrator,50851
8034,Olivia Smith,System Administrator,83304
8035,Bob Harris,Software Engineer,54323
8036,Michael Clark,DevOps Engineer,76100
8037,Jane Clark,DevOps Engineer,64995
8038,Emma Martinez,DevOps Engineer,87210
8039,Emma Taylor,UX Designer,94313
8040,Charlie Lewis,Product Manager,57333
8041,John Clark,Software Engineer,92292
8042,Michael Walker,DevOps Engineer,94445
8043,Jane Walker,Software Engineer,56361
8044,David Lewis,Software Engineer,84090
8045,Sophia Harris,Product Manager,51064
8046,Olivia Taylor,DevOps Engineer,70205
8047,Alice Smith,AI Researcher,79389
8048,David Clark,Software Engineer,73949
8049,Michael Clark,Database Administrator,85042
8050,Olivia Harris,Database Administrator,88309
8051,Olivia Johnson,UX Designer,66654
8052,Bob Clark,Product Manager,82905
8053,Michael Brown,Database Administrator,64671
8054,Michael Harris,Software Engineer,75334
8055,John Lewis,System Administrator,66403
8056,David Walker,Data Analyst,84250
8057,Alice Harris,Network Engineer,75930
8058,Alice Anderson,Data Analyst,99416
8059,Olivia Smith,AI Researcher,88910
8060,Emma Johnson,DevOps Engineer,90098
8061,Charlie Walker,DevOps Engineer,67583
8062,Olivia Martinez,Software Engineer,73994
8063,Alice Harris,Database Administrator,57432
8064,Bob Harris,Product Manager,68234
8065,Sophia Taylor,Software Engineer,65944
8066,Michael Taylor,System Administrator,60500
8067,Emma Johnson,Database Administrator,86929
8068,Charlie Clark,Data Analyst,73055
8069,Michael Johnson,System Administrator,77509
8070,Michael Martinez,Project Manager,50149
8071,John Brown,Data Analyst,51398
8072,Alice Brown,Data Analyst,99660
8073,Olivia Clark,UX Designer,72821
8074,Alice Anderson,DevOps Engineer,80343
8075,Bob Anderson,Data Analyst,99380
8076,Alice Johnson,Network Engineer,85078
8077,Michael Walker,Product Manager,84140
8078,Charlie Johnson,Software Engineer,58309
8079,Bob Lewis,Database Administrator,69785
8080,Bob Brown,Database Administrator,86064
8081,Michael Brown,AI Researcher,86445
8082,Olivia Martinez,DevOps Engineer,59663
8083,Michael Taylor,System Administrator,73968
8084,Alice Lewis,Product Manager,89405
8085,Charlie Clark,System Administrator,51893
8086,Jane Lewis,Product Manager,62322
8087,Bob Martinez,System Administrator,70054
8088,Bob Taylor,Data Analyst,90587
8089,John Anderson,Software Engineer,80413
8090,Charlie Brown,Database Administrator,59629
8091,Alice Lewis,DevOps Engineer,87870
8092,Sophia Brown,AI Researcher,71740
8093,John Walker,Project Manager,66898
8094,Sophia Taylor,DevOps Engineer,57875
8095,Alice Smith,Project Manager,93874
8096,Jane Harris,Project Manager,94373
8097,Bob Lewis,DevOps Engineer,78027
8098,Jane Lewis,DevOps Engineer,81713
8099,David Martinez,DevOps Engineer,50349
8100,Charlie Johnson,Network Engineer,72120
8101,Alice Brown,Project Manager,90459
8102,Jane Johnson,System Administrator,88608
8103,Michael Walker,Network Engineer,50727
8104,Charlie Walker,Product Manager,89602
8105,Michael Smith,DevOps Engineer,75628
8106,Sophia Brown,UX Designer,98962
8107,Bob Lewis,Data Analyst,91647
8108,Michael Brown,Network Engineer,86672
8109,Emma Lewis,Database Administrator,71873
8110,Michael Clark,DevOps Engineer,95922
8111,Bob Lewis,Project Manager,92159
8112,Michael Brown,Network Engineer,51472
8113,Alice Anderson,AI Researcher,85469
8114,Emma Taylor,Product Manager,61434
8115,Bob Walker,Project Manager,99160
8116,Alice Brown,UX Designer,50339
8117,Olivia Johnson,AI Researcher,67730
8118,Alice Walker,Database Administrator,58927
8119,Jane Lewis,Product Manager,65580
8120,Michael Lewis,Database Administrator,59429
8121,Olivia Johnson,System Administrator,91736
8122,Michael Taylor,AI Researcher,78631
8123,Olivia Smith,Data Analyst,74780
8124,Sophia Taylor,Product Manager,72074
8125,David Walker,Database Administrator,55452
8126,Jane Martinez,Database Administrator,56457
8127,Bob Johnson,Software Engineer,88923
8128,Bob Brown,Data Analyst,81044
8129,Charlie Smith,Project Manager,95896
8130,Sophia Harris,System Administrator,69100
8131,Emma Clark,Project Manager,98834
8132,Bob Brown,UX Designer,90508
8133,Charlie Smith,UX Designer,64929
8134,Olivia Anderson,Product Manager,90134
8135,Olivia Johnson,UX Designer,74657
8136,Jane Johnson,Database Administrator,74926
8137,David Martinez,Network Engineer,96104
8138,Olivia Walker,AI Researcher,71934
8139,Sophia Anderson,Network Engineer,61672
8140,Jane Harris,Database Administrator,54188
8141,David Anderson,Software Engineer,61388
8142,Sophia Harris,UX Designer,73709
8143,Bob Johnson,UX Designer,83939
8144,David Clark,UX Designer,71403
8145,Bob Smith,AI Researcher,68726
8146,Olivia Taylor,Network Engineer,68450
8147,Bob Martinez,AI Researcher,77467
8148,Charlie Martinez,Data Analyst,92089
8149,Bob Brown,Product Manager,83556
8150,Charlie Harris,System Administrator,83438
8151,John Harris,Network Engineer,73143
8152,Sophia Harris,Software Engineer,59428
8153,Michael Harris,Network Engineer,96731
8154,David Martinez,Project Manager,85548
8155,Jane Martinez,AI Researcher,71457
8156,Michael Brown,Network Engineer,81894
8157,John Lewis,UX Designer,60966
8158,Alice Walker,System Administrator,65444
8159,David Brown,Project Manager,86813
8160,Bob Martinez,UX Designer,54743
8161,Olivia Walker,Data Analyst,68787
8162,Michael Clark,Software Engineer,52260
8163,Olivia Brown,AI Researcher,99400
8164,Alice Johnson,Database Administrator,91145
8165,Bob Smith,Data Analyst,74946
8166,Jane Taylor,Database Administrator,82012
8167,Alice Clark,Project Manager,52292
8168,John Martinez,System Administrator,96386
8169,Bob Taylor,AI Researcher,62442
8170,Sophia Walker,System Administrator,60081
8171,Alice Smith,UX Designer,84671
8172,John Lewis,Project Manager,94077
8173,Alice Martinez,Project Manager,56855
8174,John Martinez,Network Engineer,83464
8175,Michael Martinez,Product Manager,57994
8176,Sophia Anderson,Data Analyst,98847
8177,Olivia Johnson,DevOps Engineer,79398
8178,Bob Anderson,AI Researcher,67177
8179,Michael Smith,UX Designer,80576
8180,Michael Taylor,Database Administrator,67098
8181,Bob Martinez,AI Researcher,96308
8182,David Walker,Data Analyst,66674
8183,Bob Johnson,Software Engineer,92631
8184,Alice Smith,Database Administrator,86063
8185,John Anderson,Product Manager,68367
8186,Bob Johnson,Data Analyst,93595
8187,Sophia Walker,DevOps Engineer,98003
8188,David Anderson,Database Administrator,72778
8189,Jane Anderson,Data Analyst,52928
8190,Charlie Johnson,Network Engineer,57967
8191,Sophia Lewis,System Administrator,84381
8192,David Brown,Network Engineer,90378
8193,Emma Brown,Product Manager,55836
8194,Olivia Lewis,Software Engineer,63831
8195,David Clark,Network Engineer,73383
8196,Alice Taylor,Software Engineer,72466
8197,John Walker,Software Engineer,73421
8198,Bob Harris,Software Engineer,61745
8199,Bob Smith,AI Researcher,97538
8200,Michael Walker,UX Designer,55417
8201,Alice Johnson,DevOps Engineer,55093
8202,Charlie Martinez,DevOps Engineer,99710
8203,Jane Anderson,System Administrator,79913
8204,Sophia Taylor,Network Engineer,77419
8205,Bob Taylor,Network Engineer,81950
8206,Jane Clark,Project Manager,52102
8207,Bob Taylor,Product Manager,94176
8208,Bob Johnson,Network Engineer,50448
8209,Emma Harris,Product Manager,55278
8210,Bob Martinez,DevOps Engineer,79221
8211,Bob Lewis,AI Researcher,89560
8212,Charlie Clark,System Administrator,59968
8213,David Lewis,Database Administrator,79330
8214,Michael Johnson,Product Manager,63876
8215,Emma Anderson,Network Engineer,51000
8216,Michael Johnson,System Administrator,57251
8217,Michael Martinez,Product Manager,85190
8218,John Martinez,UX Designer,73572
8219,Michael Brown,Project Manager,55040
8220,Bob Harris,Network Engineer,77590
8221,Alice Harris,Data Analyst,64353
8222,Bob Smith,UX Designer,92978
8223,Sophia Lewis,Network Engineer,65630
8224,Alice Harris,AI Researcher,56859
8225,Alice Clark,System Administrator,82712
8226,Michael Martinez,Data Analyst,97882
8227,David Taylor,Database Administrator,90284
8228,Bob Lewis,DevOps Engineer,64011
8229,Alice Lewis,System Administrator,52295
8230,Bob Harris,Network Engineer,55458
8231,Emma Walker,UX Designer,62242
8232,John Anderson,DevOps Engineer,50438
8233,Emma Harris,Data Analyst,72709
8234,Olivia Smith,Data Analyst,70309
8235,Jane Taylor,System Administrator,80167
8236,Jane Clark,Product Manager,79728
8237,Charlie Clark,Data Analyst,52783
8238,Jane Clark,UX Designer,83762
8239,Jane Taylor,Software Engineer,55265
8240,Michael Johnson,Network Engineer,61412
8241,Bob Harris,Product Manager,81926
8242,John Johnson,Product Manager,82517
8243,Olivia Anderson,Product Manager,66631
8244,Jane Taylor,Network Engineer,98152
8245,John Martinez,Software Engineer,94828
8246,David Clark,AI Researcher,72404
8247,Sophia Brown,System Administrator,99630
8248,Olivia Harris,System Administrator,75232
8249,Jane Brown,UX Designer,87967
8250,David Smith,Product Manager,65757
8251,David Johnson,DevOps Engineer,67571
8252,Jane Taylor,System Administrator,76765
8253,Alice Harris,Network Engineer,83319
8254,Emma Anderson,UX Designer,82946
8255,Charlie Clark,Project Manager,61862
8256,Emma Smith,Network Engineer,79003
8257,John Johnson,Network Engineer,88975
8258,Michael Clark,Project Manager,86914
8259,Charlie Anderson,Database Administrator,87214
8260,Michael Lewis,DevOps Engineer,84824
8261,Alice Taylor,UX Designer,67796
8262,John Walker,Software Engineer,82097
8263,Emma Clark,System Administrator,77749
8264,Olivia Taylor,Network Engineer,66640
8265,John Johnson,System Administrator,79488
8266,David Martinez,System Administrator,71552
8267,Michael Walker,AI Researcher,94151
8268,Emma Taylor,Data Analyst,76545
8269,John Lewis,Software Engineer,99665
8270,Jane Lewis,Project Manager,58895
8271,Olivia Lewis,Data Analyst,52927
8272,Emma Brown,Product Manager,75289
8273,Olivia Anderson,Data Analyst,74911
8274,Bob Walker,Project Manager,56929
8275,Jane Smith,Database Administrator,74587
8276,Jane Brown,System Administrator,63854
8277,Emma Clark,System Administrator,54007
8278,John Brown,Software Engineer,68032
8279,David Harris,System Administrator,70962
8280,Alice Lewis,Network Engineer,68676
8281,Charlie Johnson,Network Engineer,77040
8282,John Taylor,Software Engineer,53412
8283,David Taylor,Software Engineer,82320
8284,Charlie Walker,AI Researcher,93922
8285,Olivia Clark,Software Engineer,56123
8286,Charlie Harris,UX Designer,89459
8287,Michael Harris,Project Manager,67636
8288,Sophia Johnson,UX Designer,79625
8289,David Brown,Software Engineer,97512
8290,Bob Smith,System Administrator,50954
8291,Jane Smith,DevOps Engineer,97640
8292,David Brown,Database Administrator,61145
8293,Bob Johnson,Database Administrator,59869
8294,Jane Smith,Database Administrator,65317
8295,Sophia Harris,Network Engineer,61537
8296,Jane Martinez,Product Manager,99492
8297,Charlie Anderson,Network Engineer,83925
8298,David Martinez,AI Researcher,72385
8299,Jane Taylor,AI Researcher,79479
8300,Jane Taylor,Software Engineer,73932
8301,Alice Walker,Software Engineer,99339
8302,Emma Lewis,Database Administrator,74069
8303,Charlie Anderson,System Administrator,85751
8304,John Taylor,UX Designer,98881
8305,Olivia Taylor,Network Engineer,64357
8306,Bob Lewis,UX Designer,83350
8307,Olivia Walker,Database Administrator,86955
8308,Charlie Lewis,Database Administrator,98930
8309,John Walker,Network Engineer,77222
8310,Michael Johnson,Software Engineer,50552
8311,Jane Anderson,AI Researcher,79351
8312,Sophia Harris,Database Administrator,54573
8313,Emma Taylor,Project Manager,50367
8314,Sophia Clark,Product Manager,71170
8315,Jane Walker,Project Manager,68572
8316,Jane Smith,Software Engineer,76343
8317,David Walker,Product Manager,60221
8318,Alice Brown,Network Engineer,63012
8319,Emma Smith,Software Engineer,69507
8320,Alice Lewis,Data Analyst,72833
8321,Bob Clark,Product Manager,67698
8322,Charlie Walker,System Administrator,83857
8323,Bob Brown,Network Engineer,54537
8324,Sophia Clark,DevOps Engineer,53412
8325,John Harris,System Administrator,77442
8326,Bob Anderson,DevOps Engineer,66289
8327,David Anderson,Database Administrator,73871
8328,Charlie Martinez,Network Engineer,98030
8329,David Lewis,Database Administrator,95456
8330,David Clark,Data Analyst,97328
8331,Michael Johnson,Software Engineer,77204
8332,Emma Harris,DevOps Engineer,72672
8333,Jane Walker,Product Manager,50235
8334,Emma Martinez,AI Researcher,74764
8335,Jane Anderson,AI Researcher,99394
8336,Alice Brown,Software Engineer,73433
8337,Michael Lewis,Data Analyst,73693
8338,Jane Taylor,Product Manager,79991
8339,Alice Martinez,AI Researcher,81840
8340,Olivia Harris,Product Manager,53973
8341,Alice Lewis,Software Engineer,75027
8342,Sophia Walker,System Administrator,96362
8343,Alice Smith,UX Designer,92811
8344,Olivia Anderson,UX Designer,52433
8345,John Walker,Project Manager,50873
8346,Sophia Harris,Project Manager,54139
8347,David Harris,AI Researcher,80637
8348,John Martinez,AI Researcher,62685
8349,Jane Walker,DevOps Engineer,98079
8350,Bob Johnson,AI Researcher,70016
8351,Michael Anderson,Database Administrator,61976
8352,Bob Smith,Database Administrator,56136
8353,Olivia Harris,Data Analyst,68328
8354,Olivia Brown,Network Engineer,89596
8355,David Martinez,Software Engineer,81932
8356,David Anderson,DevOps Engineer,83257
8357,Emma Clark,UX Designer,88555
8358,Jane Smith,Product Manager,54890
8359,Sophia Harris,System Administrator,74453
8360,Jane Harris,Data Analyst,56960
8361,Bob Clark,Product Manager,62502
8362,Michael Lewis,AI Researcher,53471
8363,Charlie Brown,Network Engineer,99869
8364,Michael Brown,DevOps Engineer,67367
8365,John Clark,AI Researcher,69817
8366,Charlie Lewis,Product Manager,98665
8367,Jane Harris,Data Analyst,71135
8368,David Lewis,Database Administrator,98132
8369,Jane Smith,AI Researcher,66998
8370,Michael Clark,Project Manager,70087
8371,Michael Clark,Project Manager,70674
8372,Jane Martinez,Database Administrator,65325
8373,David Walker,Product Manager,93216
8374,Bob Clark,Network Engineer,50567
8375,John Martinez,Data Analyst,55961
8376,Bob Johnson,Database Administrator,74083
8377,Olivia Smith,System Administrator,54495
8378,David Clark,Product Manager,74193
8379,Bob Martinez,DevOps Engineer,71479
8380,Jane Martinez,Product Manager,56468
8381,Emma Clark,AI Researcher,94516
8382,Charlie Johnson,Database Administrator,97684
8383,Sophia Taylor,UX Designer,76239
8384,Michael Anderson,Software Engineer,63026
8385,Bob Anderson,DevOps Engineer,71476
8386,Charlie Harris,Database Administrator,72062
8387,Alice Harris,Project Manager,92247
8388,Emma Johnson,Project Manager,73299
8389,Alice Walker,DevOps Engineer,64919
8390,Charlie Smith,DevOps Engineer,55305
8391,Alice Harris,Database Administrator,73258
8392,Olivia Anderson,AI Researcher,65754
8393,David Lewis,DevOps Engineer,79128
8394,Emma Martinez,Product Manager,79576
8395,Jane Walker,Database Administrator,69551
8396,Bob Martinez,AI Researcher,95530
8397,Michael Harris,Network Engineer,82625
8398,Michael Brown,System Administrator,67761
8399,Olivia Taylor,DevOps Engineer,57223
8400,John Clark,UX Designer,88506
8401,Olivia Smith,Software Engineer,96349
8402,David Martinez,Project Manager,58888
8403,Charlie Harris,System Administrator,86262
8404,Jane Smith,Project Manager,50662
8405,Jane Johnson,AI Researcher,53176
8406,David Harris,Network Engineer,98179
8407,Alice Johnson,Product Manager,74575
8408,Michael Taylor,DevOps Engineer,91359
8409,Emma Taylor,DevOps Engineer,95427
8410,Charlie Harris,AI Researcher,98375
8411,John Clark,DevOps Engineer,64474
8412,Bob Clark,Data Analyst,97276
8413,Jane Anderson,AI Researcher,66155
8414,John Martinez,System Administrator,56629
8415,Sophia Harris,AI Researcher,68227
8416,Emma Walker,System Administrator,95786
8417,Alice Clark,Project Manager,90532
8418,Charlie Taylor,DevOps Engineer,80664
8419,Emma Johnson,DevOps Engineer,70851
8420,Alice Lewis,Database Administrator,70647
8421,David Taylor,Project Manager,92061
8422,Olivia Martinez,UX Designer,54418
8423,Jane Lewis,Product Manager,65090
8424,David Harris,UX Designer,98442
8425,Alice Anderson,Project Manager,63772
8426,Michael Harris,Product Manager,50965
8427,Emma Clark,Software Engineer,83812
8428,John Anderson,DevOps Engineer,61086
8429,Olivia Walker,DevOps Engineer,89725
8430,Jane Lewis,Product Manager,59546
8431,Michael Clark,AI Researcher,93716
8432,Charlie Anderson,DevOps Engineer,56916
8433,Sophia Martinez,Data Analyst,99164
8434,Jane Lewis,Database Administrator,73457
8435,Olivia Walker,Database Administrator,80125
8436,Michael Taylor,Software Engineer,70897
8437,David Walker,Network Engineer,65533
8438,Olivia Smith,Network Engineer,59705
8439,Emma Harris,Network Engineer,53624
8440,John Taylor,AI Researcher,91011
8441,Alice Taylor,System Administrator,76270
8442,Emma Brown,Product Manager,75185
8443,David Walker,Product Manager,54254
8444,Bob Harris,Database Administrator,78449
8445,Emma Clark,Database Administrator,87372
8446,Alice Martinez,Network Engineer,72972
8447,Sophia Brown,Product Manager,53163
8448,Jane Harris,Database Administrator,55981
8449,David Anderson,Product Manager,68258
8450,Olivia Lewis,Project Manager,90820
8451,Jane Anderson,System Administrator,86208
8452,Emma Smith,Project Manager,68093
8453,Charlie Taylor,System Administrator,75963
8454,David Johnson,AI Researcher,88116
8455,Sophia Clark,Data Analyst,67628
8456,Charlie Smith,UX Designer,68513
8457,Jane Anderson,UX Designer,84508
8458,David Lewis,AI Researcher,91422
8459,Olivia Anderson,AI Researcher,66539
8460,Emma Clark,Project Manager,55571
8461,Emma Johnson,Software Engineer,71856
8462,David Clark,DevOps Engineer,52609
8463,Jane Taylor,UX Designer,58931
8464,Michael Taylor,AI Researcher,86058
8465,John Smith,Product Manager,86254
8466,Olivia Johnson,Project Manager,76869
8467,Michael Harris,Data Analyst,88452
8468,Sophia Taylor,Software Engineer,53672
8469,Olivia Anderson,Project Manager,92596
8470,John Walker,Product Manager,58858
8471,Sophia Clark,Data Analyst,85330
8472,Emma Harris,UX Designer,64493
8473,Bob Smith,Network Engineer,65378
8474,John Harris,Network Engineer,61592
8475,Olivia Lewis,UX Designer,63352
8476,Alice Clark,Product Manager,61287
8477,Alice Taylor,Data Analyst,69030
8478,Sophia Anderson,UX Designer,59523
8479,Sophia Anderson,AI Researcher,97100
8480,Jane Smith,Project Manager,80760
8481,David Taylor,Database Administrator,55525
8482,David Lewis,AI Researcher,96059
8483,Charlie Smith,AI Researcher,96517
8484,John Anderson,Software Engineer,71807
8485,John Smith,Project Manager,59021
8486,Bob Clark,DevOps Engineer,81077
8487,Bob Anderson,AI Researcher,68769
8488,Jane Martinez,Project Manager,96615
8489,Charlie Taylor,Database Administrator,59882
8490,Michael Walker,Project Manager,65288
8491,Jane Walker,Product Manager,71099
8492,Charlie Anderson,AI Researcher,94423
8493,Bob Walker,System Administrator,99580
8494,Sophia Lewis,Network Engineer,75735
8495,David Clark,Product Manager,96395
8496,Sophia Clark,System Administrator,50153
8497,Bob Anderson,Network Engineer,98470
8498,John Johnson,Software Engineer,67306
8499,Bob Anderson,UX Designer,73641
8500,Jane Smith,Database Administrator,61063
8501,Emma Brown,System Administrator,99203
8502,Emma Lewis,UX Designer,71636
8503,John Martinez,Product Manager,77902
8504,Emma Johnson,System Administrator,84966
8505,David Johnson,Software Engineer,72104
8506,John Walker,UX Designer,53512
8507,Charlie Walker,AI Researcher,98853
8508,Sophia Walker,DevOps Engineer,55543
8509,Sophia Harris,Project Manager,74444
8510,Alice Smith,AI Researcher,61391
8511,Emma Taylor,Database Administrator,51470
8512,David Anderson,Network Engineer,51246
8513,Emma Taylor,Product Manager,86572
8514,Olivia Lewis,Product Manager,51314
8515,Jane Lewis,System Administrator,56366
8516,Bob Martinez,Network Engineer,93440
8517,Michael Lewis,Product Manager,89483
8518,Charlie Brown,Database Administrator,60975
8519,Jane Lewis,Database Administrator,55378
8520,Bob Smith,Product Manager,50340
8521,John Brown,Database Administrator,93466
8522,Emma Lewis,DevOps Engineer,89363
8523,Alice Lewis,Project Manager,81178
8524,John Harris,Database Administrator,53279
8525,Bob Smith,Software Engineer,52718
8526,Bob Harris,Data Analyst,62802
8527,Olivia Harris,Database Administrator,58685
8528,John Brown,Database Administrator,88454
8529,Emma Lewis,Database Administrator,85444
8530,Jane Clark,Project Manager,77152
8531,Sophia Clark,UX Designer,96056
8532,Sophia Walker,Data Analyst,60769
8533,John Martinez,System Administrator,50070
8534,John Taylor,UX Designer,81235
8535,Charlie Clark,Database Administrator,67995
8536,Jane Martinez,Data Analyst,84287
8537,Sophia Anderson,Network Engineer,75549
8538,Bob Johnson,Project Manager,90722
8539,Michael Lewis,Project Manager,62532
8540,David Taylor,Project Manager,55718
8541,Emma Taylor,Network Engineer,98115
8542,John Anderson,UX Designer,55071
8543,Alice Brown,UX Designer,50437
8544,Emma Martinez,Network Engineer,69539
8545,Bob Brown,Product Manager,76339
8546,Bob Brown,Database Administrator,77822
8547,Michael Johnson,Database Administrator,86176
8548,Emma Anderson,Network Engineer,65512
8549,Olivia Brown,Project Manager,68797
8550,John Taylor,DevOps Engineer,79673
8551,Olivia Lewis,Product Manager,60632
8552,Bob Brown,Product Manager,58437
8553,David Walker,AI Researcher,93299
8554,Michael Harris,Network Engineer,87795
8555,Michael Lewis,AI Researcher,86034
8556,Olivia Walker,System Administrator,57779
8557,Olivia Clark,DevOps Engineer,82812
8558,Michael Harris,Database Administrator,92578
8559,John Smith,DevOps Engineer,54783
8560,Charlie Walker,AI Researcher,76431
8561,David Clark,Software Engineer,80842
8562,David Harris,Database Administrator,87195
8563,Emma Anderson,Project Manager,96262
8564,Sophia Clark,System Administrator,99610
8565,Alice Smith,AI Researcher,94345
8566,David Anderson,UX Designer,67836
8567,Sophia Martinez,AI Researcher,84350
8568,Jane Walker,UX Designer,61413
8569,Michael Brown,Data Analyst,94004
8570,Charlie Anderson,Database Administrator,93143
8571,Emma Taylor,Data Analyst,94715
8572,Bob Brown,Network Engineer,99462
8573,Emma Lewis,Network Engineer,94477
8574,Charlie Harris,Software Engineer,94050
8575,Alice Lewis,Product Manager,52434
8576,Jane Anderson,Product Manager,95011
8577,Alice Taylor,UX Designer,89929
8578,Alice Martinez,UX Designer,58719
8579,John Lewis,Project Manager,88146
8580,John Lewis,Software Engineer,92821
8581,Charlie Johnson,Product Manager,67562
8582,Jane Brown,System Administrator,86722
8583,Emma Johnson,Database Administrator,79971
8584,Emma Brown,Project Manager,59898
8585,Charlie Harris,Project Manager,97139
8586,Emma Brown,Database Administrator,81880
8587,Emma Anderson,System Administrator,99942
8588,David Smith,DevOps Engineer,88458
8589,Emma Clark,Project Manager,95358
8590,Jane Clark,AI Researcher,97111
8591,Jane Anderson,Product Manager,60216
8592,Sophia Lewis,System Administrator,71379
8593,Olivia Anderson,Project Manager,62507
8594,Jane Walker,DevOps Engineer,57117
8595,David Clark,AI Researcher,60977
8596,Olivia Martinez,Data Analyst,61928
8597,Michael Smith,UX Designer,66439
8598,Emma Harris,Data Analyst,94906
8599,David Lewis,Product Manager,82339
8600,David Taylor,Product Manager,77996
8601,Sophia Brown,Database Administrator,69501
8602,Emma Taylor,System Administrator,63447
8603,Sophia Walker,Project Manager,84414
8604,John Walker,UX Designer,53864
8605,Emma Brown,Product Manager,81054
8606,John Johnson,System Administrator,67194
8607,Emma Lewis,Data Analyst,71218
8608,Alice Smith,Project Manager,84100
8609,Michael Lewis,AI Researcher,80637
8610,Charlie Taylor,DevOps Engineer,60238
8611,Charlie Lewis,Software Engineer,75001
8612,Jane Brown,Database Administrator,51527
8613,Alice Smith,Product Manager,85671
8614,Alice Anderson,UX Designer,91254
8615,Emma Clark,Database Administrator,59140
8616,Sophia Taylor,Data Analyst,93756
8617,Jane Lewis,Database Administrator,73306
8618,Jane Johnson,Software Engineer,54262
8619,Charlie Walker,Database Administrator,68837
8620,Bob Taylor,UX Designer,79841
8621,David Martinez,Data Analyst,75062
8622,David Lewis,Data Analyst,94539
8623,Olivia Anderson,Network Engineer,92306
8624,Emma Harris,Network Engineer,89409
8625,Alice Lewis,Network Engineer,59109
8626,Charlie Walker,DevOps Engineer,80401
8627,Jane Walker,UX Designer,89024
8628,Alice Walker,Project Manager,59382
8629,Olivia Brown,Database Administrator,92686
8630,Sophia Harris,UX Designer,86194
8631,Olivia Harris,Database Administrator,91318
8632,David Anderson,Database Administrator,79576
8633,Michael Clark,Software Engineer,55863
8634,John Smith,AI Researcher,88449
8635,John Brown,UX Designer,75976
8636,Sophia Smith,Database Administrator,92463
8637,Olivia Martinez,Data Analyst,79997
8638,Alice Smith,Software Engineer,97855
8639,Olivia Taylor,Project Manager,98813
8640,John Harris,Database Administrator,85910
8641,Michael Lewis,Data Analyst,93118
8642,John Johnson,Database Administrator,77303
8643,Olivia Anderson,Project Manager,95244
8644,Bob Walker,System Administrator,78960
8645,Alice Walker,Database Administrator,86858
8646,Charlie Walker,System Administrator,85482
8647,Sophia Taylor,System Administrator,72942
8648,David Johnson,UX Designer,91184
8649,Olivia Johnson,Database Administrator,64533
8650,Sophia Lewis,Database Administrator,79429
8651,Emma Clark,Network Engineer,76970
8652,Olivia Walker,Project Manager,88143
8653,Sophia Smith,Product Manager,83184
8654,Michael Harris,Project Manager,82374
8655,Olivia Martinez,UX Designer,79612
8656,Bob Clark,Software Engineer,95242
8657,Michael Lewis,Software Engineer,66090
8658,Sophia Martinez,Software Engineer,55513
8659,Bob Lewis,Data Analyst,92168
8660,Emma Smith,AI Researcher,85842
8661,Alice Smith,DevOps Engineer,66585
8662,Bob Walker,DevOps Engineer,56225
8663,Bob Anderson,Product Manager,61971
8664,Charlie Harris,AI Researcher,87684
8665,Sophia Clark,Data Analyst,97445
8666,Jane Martinez,Network Engineer,51005
8667,John Smith,System Administrator,75737
8668,Sophia Johnson,Data Analyst,85026
8669,Alice Lewis,Data Analyst,74735
8670,Olivia Anderson,Data Analyst,67359
8671,Jane Harris,AI Researcher,71454
8672,Sophia Taylor,Product Manager,50610
8673,David Martinez,Network Engineer,86312
8674,Charlie Martinez,Software Engineer,60529
8675,Charlie Johnson,Product Manager,52594
8676,Olivia Smith,Software Engineer,87808
8677,David Taylor,Data Analyst,68148
8678,Michael Smith,Software Engineer,75196
8679,Alice Johnson,Network Engineer,50479
8680,Sophia Taylor,AI Researcher,78092
8681,John Taylor,Network Engineer,98108
8682,Sophia Brown,Data Analyst,60004
8683,Jane Johnson,Database Administrator,75645
8684,Charlie Walker,Database Administrator,99664
8685,Charlie Taylor,Network Engineer,95585
8686,Sophia Brown,Product Manager,61007
8687,Alice Lewis,AI Researcher,96487
8688,David Anderson,System Administrator,97813
8689,Michael Martinez,Data Analyst,55808
8690,Bob Anderson,Data Analyst,78016
8691,David Taylor,Software Engineer,98272
8692,Bob Anderson,Database Administrator,85090
8693,Alice Anderson,Data Analyst,90347
8694,Alice Brown,DevOps Engineer,93106
8695,David Walker,Network Engineer,85757
8696,Emma Brown,UX Designer,83833
8697,Olivia Taylor,UX Designer,76478
8698,Olivia Taylor,System Administrator,75608
8699,John Anderson,UX Designer,62159
8700,Olivia Johnson,AI Researcher,74559
8701,David Walker,AI Researcher,66620
8702,Emma Martinez,UX Designer,76911
8703,Bob Anderson,UX Designer,94845
8704,Michael Anderson,Network Engineer,87825
8705,David Harris,Data Analyst,68009
8706,Jane Anderson,Project Manager,65320
8707,John Brown,System Administrator,94039
8708,Sophia Smith,AI Researcher,55917
8709,John Anderson,Project Manager,66501
8710,Charlie Smith,AI Researcher,84663
8711,Emma Harris,Data Analyst,66699
8712,Alice Clark,Data Analyst,61423
8713,David Martinez,UX Designer,92522
8714,John Harris,Product Manager,94449
8715,Jane Walker,DevOps Engineer,80570
8716,Alice Harris,Database Administrator,63588
8717,Emma Lewis,Network Engineer,72170
8718,Michael Taylor,Project Manager,82804
8719,Jane Harris,Product Manager,73216
8720,Sophia Johnson,Network Engineer,86564
8721,Sophia Lewis,System Administrator,93490
8722,Olivia Walker,Network Engineer,93155
8723,Michael Clark,Project Manager,74234
8724,Charlie Lewis,Network Engineer,59214
8725,David Walker,AI Researcher,78042
8726,Bob Anderson,Data Analyst,70408
8727,Alice Smith,AI Researcher,79454
8728,Charlie Walker,Project Manager,70220
8729,Bob Johnson,UX Designer,79028
8730,Sophia Anderson,System Administrator,86787
8731,Jane Taylor,DevOps Engineer,70383
8732,Alice Walker,Software Engineer,82199
8733,Bob Martinez,Data Analyst,62977
8734,Alice Lewis,AI Researcher,93184
8735,Alice Lewis,DevOps Engineer,85690
8736,Michael Harris,DevOps Engineer,62234
8737,Bob Johnson,Project Manager,60785
8738,Bob Lewis,AI Researcher,97462
8739,Michael Lewis,System Administrator,75781
8740,Bob Johnson,System Administrator,71893
8741,Michael Walker,Database Administrator,56161
8742,Michael Lewis,Data Analyst,96417
8743,Charlie Taylor,System Administrator,54850
8744,Jane Harris,Product Manager,93352
8745,Sophia Anderson,DevOps Engineer,54820
8746,Jane Harris,Database Administrator,54056
8747,Sophia Smith,Network Engineer,69204
8748,Emma Lewis,System Administrator,85280
8749,Alice Taylor,System Administrator,69343
8750,Charlie Brown,Software Engineer,79098
8751,Sophia Taylor,Database Administrator,93367
8752,John Johnson,Software Engineer,52640
8753,Alice Anderson,UX Designer,53175
8754,John Walker,Product Manager,50753
8755,Alice Clark,UX Designer,57046
8756,Charlie Lewis,AI Researcher,67707
8757,Michael Anderson,Project Manager,56448
8758,Olivia Walker,DevOps Engineer,70680
8759,Jane Anderson,DevOps Engineer,76710
8760,Emma Lewis,System Administrator,72321
8761,Emma Anderson,DevOps Engineer,64430
8762,Bob Harris,Software Engineer,95399
8763,Emma Harris,System Administrator,80276
8764,Sophia Harris,Software Engineer,87711
8765,Michael Martinez,Network Engineer,83748
8766,Sophia Johnson,Network Engineer,93920
8767,Bob Taylor,Software Engineer,74855
8768,Emma Brown,System Administrator,70576
8769,Jane Johnson,Database Administrator,84255
8770,Sophia Lewis,Project Manager,52920
8771,Bob Harris,System Administrator,69883
8772,Charlie Martinez,AI Researcher,65590
8773,Alice Harris,AI Researcher,68100
8774,Sophia Brown,System Administrator,78261
8775,Jane Martinez,System Administrator,66619
8776,Sophia Taylor,Project Manager,83178
8777,Sophia Clark,Network Engineer,87246
8778,Bob Lewis,Database Administrator,91353
8779,David Martinez,System Administrator,87407
8780,Michael Smith,Software Engineer,90480
8781,Michael Taylor,Software Engineer,62946
8782,Emma Smith,AI Researcher,68589
8783,Charlie Smith,DevOps Engineer,78335
8784,Sophia Brown,Product Manager,84490
8785,Alice Harris,System Administrator,68564
8786,Bob Brown,Project Manager,72921
8787,Michael Clark,Product Manager,76733
8788,Emma Johnson,Product Manager,60262
8789,David Lewis,Software Engineer,80996
8790,Bob Clark,System Administrator,88030
8791,David Smith,AI Researcher,99790
8792,Jane Lewis,Data Analyst,65883
8793,David Clark,Data Analyst,71944
8794,Charlie Smith,AI Researcher,66335
8795,Michael Lewis,System Administrator,76572
8796,Jane Lewis,DevOps Engineer,65783
8797,Jane Lewis,DevOps Engineer,80939
8798,Sophia Walker,DevOps Engineer,89130
8799,Michael Brown,Product Manager,98904
8800,John Clark,UX Designer,53531
8801,Michael Anderson,UX Designer,67512
8802,Olivia Smith,System Administrator,72742
8803,Bob Johnson,System Administrator,65118
8804,Alice Taylor,DevOps Engineer,81614
8805,Bob Taylor,AI Researcher,74565
8806,Michael Harris,Software Engineer,78865
8807,Alice Clark,Software Engineer,60181
8808,Sophia Martinez,Product Manager,52226
8809,Olivia Johnson,System Administrator,97385
8810,Jane Clark,Data Analyst,67088
8811,Michael Walker,DevOps Engineer,87480
8812,Jane Lewis,AI Researcher,65100
8813,Emma Martinez,Project Manager,51413
8814,David Anderson,Project Manager,93644
8815,Alice Taylor,UX Designer,60290
8816,Jane Martinez,Product Manager,72759
8817,Alice Taylor,Database Administrator,58260
8818,Bob Harris,UX Designer,53138
8819,Bob Anderson,Software Engineer,81599
8820,Olivia Johnson,Product Manager,70070
8821,David Brown,Software Engineer,73813
8822,Bob Taylor,Database Administrator,88835
8823,Alice Brown,UX Designer,63916
8824,David Harris,UX Designer,59732
8825,Bob Clark,Database Administrator,68095
8826,Jane Harris,Software Engineer,67606
8827,Michael Anderson,Database Administrator,92728
8828,David Walker,AI Researcher,72330
8829,David Anderson,Product Manager,73169
8830,Sophia Lewis,AI Researcher,66682
8831,Charlie Anderson,UX Designer,84651
8832,David Anderson,AI Researcher,97134
8833,Michael Walker,System Administrator,90686
8834,Alice Martinez,AI Researcher,92144
8835,Emma Lewis,Software Engineer,60810
8836,Bob Harris,AI Researcher,50515
8837,Emma Taylor,Database Administrator,58531
8838,Michael Taylor,System Administrator,58256
8839,Bob Lewis,Database Administrator,66150
8840,John Johnson,Network Engineer,73640
8841,Michael Clark,UX Designer,82715
8842,Olivia Martinez,DevOps Engineer,67936
8843,Alice Harris,Project Manager,56917
8844,Bob Walker,UX Designer,78726
8845,Sophia Brown,UX Designer,88010
8846,Olivia Taylor,Project Manager,87987
8847,John Clark,UX Designer,63229
8848,Sophia Anderson,Database Administrator,53585
8849,Olivia Smith,Software Engineer,95222
8850,Sophia Anderson,Product Manager,61160
8851,Charlie Smith,Network Engineer,76276
8852,Emma Walker,Software Engineer,96616
8853,Emma Johnson,Project Manager,80377
8854,John Taylor,Network Engineer,86427
8855,David Walker,Software Engineer,58327
8856,Olivia Smith,Software Engineer,70457
8857,David Walker,System Administrator,53326
8858,Jane Smith,Project Manager,65950
8859,Olivia Taylor,Network Engineer,80362
8860,John Harris,Product Manager,74980
8861,Bob Harris,DevOps Engineer,87214
8862,Emma Taylor,Project Manager,78608
8863,Jane Brown,Network Engineer,87207
8864,Sophia Anderson,AI Researcher,85355
8865,Jane Martinez,Software Engineer,69476
8866,John Johnson,DevOps Engineer,98918
8867,Olivia Smith,UX Designer,58388
8868,Michael Taylor,AI Researcher,93690
8869,Michael Anderson,Data Analyst,61038
8870,Michael Walker,AI Researcher,52024
8871,Alice Brown,AI Researcher,57018
8872,David Smith,Database Administrator,95883
8873,John Johnson,AI Researcher,50054
8874,Michael Lewis,AI Researcher,52094
8875,Charlie Clark,DevOps Engineer,84352
8876,Bob Clark,System Administrator,87207
8877,John Smith,UX Designer,52583
8878,David Smith,UX Designer,75801
8879,Jane Lewis,Data Analyst,66613
8880,Michael Smith,AI Researcher,69304
8881,Emma Brown,DevOps Engineer,59910
8882,Charlie Clark,Software Engineer,92113
8883,David Brown,Data Analyst,78373
8884,David Brown,System Administrator,95476
8885,David Smith,Software Engineer,98260
8886,John Johnson,AI Researcher,73898
8887,Alice Clark,Database Administrator,87814
8888,Bob Clark,Data Analyst,73817
8889,John Lewis,Network Engineer,81443
8890,Olivia Clark,DevOps Engineer,66617
8891,Alice Smith,Product Manager,97306
8892,Jane Smith,AI Researcher,57980
8893,Sophia Smith,Database Administrator,61158
8894,Jane Brown,Software Engineer,80894
8895,Emma Taylor,Network Engineer,59423
8896,David Harris,DevOps Engineer,95710
8897,Charlie Walker,Database Administrator,74613
8898,Charlie Taylor,AI Researcher,97622
8899,Charlie Taylor,System Administrator,73827
8900,Sophia Lewis,Data Analyst,63167
8901,Michael Lewis,Product Manager,97150
8902,Bob Anderson,Software Engineer,92513
8903,John Clark,AI Researcher,72411
8904,Jane Lewis,Database Administrator,54631
8905,John Walker,System Administrator,81507
8906,Emma Clark,Network Engineer,51872
8907,Michael Brown,Software Engineer,97599
8908,John Clark,Network Engineer,65460
8909,Alice Clark,UX Designer,74514
8910,David Harris,Software Engineer,85927
8911,Michael Taylor,Network Engineer,77121
8912,Emma Walker,Database Administrator,93133
8913,Alice Anderson,UX Designer,94631
8914,Jane Smith,Network Engineer,93487
8915,Sophia Brown,Product Manager,75124
8916,Michael Martinez,Database Administrator,64618
8917,John Lewis,System Administrator,93070
8918,Michael Smith,Data Analyst,82493
8919,Michael Taylor,Project Manager,70067
8920,Michael Clark,UX Designer,85232
8921,Bob Harris,Database Administrator,66257
8922,Charlie Harris,AI Researcher,96183
8923,John Johnson,UX Designer,92153
8924,Sophia Lewis,System Administrator,80590
8925,Sophia Martinez,Database Administrator,54534
8926,Bob Lewis,Project Manager,69778
8927,Olivia Lewis,Project Manager,77145
8928,John Johnson,UX Designer,54151
8929,David Taylor,AI Researcher,88491
8930,Charlie Anderson,AI Researcher,80779
8931,David Johnson,Software Engineer,79201
8932,Emma Johnson,UX Designer,65124
8933,David Harris,Network Engineer,75387
8934,Charlie Clark,Software Engineer,73017
8935,Sophia Lewis,Project Manager,97828
8936,Bob Smith,System Administrator,86976
8937,Michael Anderson,UX Designer,53905
8938,Emma Clark,System Administrator,84399
8939,Bob Anderson,System Administrator,70311
8940,David Walker,Database Administrator,87963
8941,Jane Lewis,Network Engineer,85854
8942,Alice Anderson,AI Researcher,54451
8943,Michael Lewis,Project Manager,60897
8944,Michael Anderson,Software Engineer,99181
8945,Charlie Martinez,DevOps Engineer,93884
8946,Jane Brown,AI Researcher,54935
8947,Michael Martinez,Product Manager,55623
8948,John Anderson,Database Administrator,84190
8949,John Clark,Product Manager,58606
8950,Emma Taylor,AI Researcher,90008
8951,Michael Lewis,AI Researcher,70233
8952,Jane Johnson,Product Manager,86783
8953,Jane Smith,DevOps Engineer,78937
8954,Emma Anderson,UX Designer,86525
8955,Michael Harris,Project Manager,86495
8956,Alice Taylor,DevOps Engineer,54075
8957,Alice Walker,Data Analyst,86377
8958,David Johnson,AI Researcher,90150
8959,David Smith,Product Manager,67947
8960,Jane Anderson,System Administrator,78362
8961,Alice Anderson,Database Administrator,61828
8962,David Clark,AI Researcher,65175
8963,Bob Taylor,Data Analyst,59320
8964,Emma Johnson,UX Designer,93861
8965,Emma Lewis,AI Researcher,85784
8966,John Anderson,DevOps Engineer,87581
8967,Olivia Martinez,AI Researcher,71293
8968,Michael Brown,Database Administrator,52609
8969,David Lewis,Product Manager,64065
8970,Bob Johnson,Data Analyst,54212
8971,Michael Harris,Data Analyst,50716
8972,Alice Anderson,AI Researcher,96447
8973,Olivia Anderson,UX Designer,81479
8974,John Clark,System Administrator,85414
8975,John Harris,DevOps Engineer,68792
8976,Emma Johnson,Data Analyst,96435
8977,John Brown,Data Analyst,86611
8978,Sophia Smith,Network Engineer,50378
8979,Sophia Walker,Network Engineer,51190
8980,David Lewis,Database Administrator,80726
8981,Sophia Johnson,Project Manager,51402
8982,Charlie Clark,UX Designer,88484
8983,Bob Clark,System Administrator,92450
8984,Bob Harris,Network Engineer,94906
8985,David Smith,Data Analyst,95355
8986,Michael Taylor,Project Manager,57639
8987,David Brown,UX Designer,68782
8988,Charlie Smith,AI Researcher,81513
8989,Michael Walker,UX Designer,79067
8990,Emma Anderson,DevOps Engineer,90445
8991,Michael Smith,Software Engineer,86397
8992,Michael Lewis,Database Administrator,79162
8993,Michael Anderson,DevOps Engineer,83102
8994,Jane Smith,AI Researcher,87455
8995,Olivia Harris,Project Manager,77692
8996,Emma Walker,Network Engineer,92513
8997,Emma Lewis,Network Engineer,93735
8998,Alice Martinez,Network Engineer,85896
8999,Olivia Lewis,AI Researcher,52799
9000,Jane Taylor,DevOps Engineer,85237
9001,David Taylor,Software Engineer,88927
9002,Charlie Smith,Project Manager,89559
9003,John Johnson,AI Researcher,99669
9004,Emma Johnson,Database Administrator,95501
9005,David Brown,UX Designer,57134
9006,Charlie Anderson,Network Engineer,84796
9007,Sophia Taylor,Network Engineer,74414
9008,Sophia Johnson,Software Engineer,92963
9009,Michael Lewis,UX Designer,83541
9010,John Harris,Software Engineer,71984
9011,Olivia Martinez,Data Analyst,99003
9012,Bob Martinez,Software Engineer,57637
9013,Charlie Martinez,AI Researcher,78772
9014,Olivia Martinez,Software Engineer,98411
9015,Bob Harris,Product Manager,83002
9016,Emma Johnson,Network Engineer,96693
9017,Michael Walker,AI Researcher,52731
9018,Emma Anderson,UX Designer,66722
9019,John Johnson,Software Engineer,91664
9020,Michael Harris,Project Manager,81278
9021,Olivia Taylor,Network Engineer,90576
9022,Olivia Martinez,Product Manager,93843
9023,Jane Johnson,System Administrator,96282
9024,Olivia Anderson,Software Engineer,72393
9025,Jane Harris,System Administrator,85205
9026,Olivia Smith,Product Manager,53219
9027,Michael Clark,Product Manager,55253
9028,Sophia Smith,Software Engineer,64943
9029,Charlie Martinez,Network Engineer,90836
9030,Jane Taylor,Project Manager,85195
9031,Michael Harris,Software Engineer,90258
9032,Bob Lewis,Network Engineer,57960
9033,David Lewis,Software Engineer,70103
9034,Alice Johnson,Network Engineer,78688
9035,David Taylor,Product Manager,65896
9036,Sophia Martinez,Software Engineer,79568
9037,Olivia Clark,System Administrator,53283
9038,Alice Brown,UX Designer,74724
9039,Alice Smith,Data Analyst,90078
9040,Michael Smith,UX Designer,72911
9041,Jane Lewis,Software Engineer,71039
9042,Bob Harris,Database Administrator,62981
9043,Olivia Harris,Network Engineer,67345
9044,David Smith,AI Researcher,81510
9045,David Walker,AI Researcher,68256
9046,Jane Lewis,Network Engineer,52716
9047,David Harris,DevOps Engineer,62563
9048,Bob Walker,Database Administrator,98984
9049,Jane Lewis,Project Manager,59785
9050,Bob Taylor,Product Manager,94480
9051,John Taylor,Project Manager,72831
9052,Sophia Anderson,Project Manager,67551
9053,Alice Brown,Software Engineer,89716
9054,Sophia Martinez,Product Manager,93862
9055,Charlie Lewis,Database Administrator,73774
9056,Jane Martinez,DevOps Engineer,74524
9057,John Anderson,AI Researcher,52083
9058,Jane Clark,Software Engineer,76820
9059,David Lewis,Data Analyst,67727
9060,Sophia Martinez,System Administrator,71339
9061,Olivia Martinez,Software Engineer,92236
9062,Sophia Anderson,AI Researcher,62351
9063,Sophia Smith,Project Manager,76143
9064,Bob Brown,Database Administrator,53284
9065,Emma Smith,Network Engineer,74028
9066,Charlie Brown,DevOps Engineer,78253
9067,Charlie Martinez,UX Designer,55445
9068,Emma Anderson,Data Analyst,94836
9069,Jane Smith,Project Manager,87349
9070,Sophia Anderson,Project Manager,61159
9071,Charlie Johnson,Software Engineer,67645
9072,John Johnson,UX Designer,86297
9073,Bob Taylor,System Administrator,61950
9074,Bob Johnson,UX Designer,66748
9075,David Martinez,Product Manager,71563
9076,Charlie Anderson,Database Administrator,77706
9077,Jane Johnson,AI Researcher,92874
9078,Alice Lewis,Software Engineer,57466
9079,Bob Walker,Software Engineer,79346
9080,Charlie Clark,DevOps Engineer,64668
9081,Bob Harris,Product Manager,62675
9082,Alice Johnson,System Administrator,84912
9083,Charlie Martinez,Project Manager,57474
9084,John Taylor,AI Researcher,77304
9085,Alice Johnson,Project Manager,81387
9086,David Lewis,AI Researcher,99962
9087,Alice Smith,Product Manager,54766
9088,Charlie Smith,Database Administrator,70346
9089,Sophia Walker,System Administrator,97495
9090,John Lewis,Software Engineer,82760
9091,Sophia Walker,Project Manager,74365
9092,Sophia Walker,Project Manager,86606
9093,Emma Brown,Product Manager,61881
9094,Alice Brown,Network Engineer,56474
9095,Jane Johnson,Project Manager,57637
9096,Charlie Smith,Product Manager,97105
9097,Sophia Smith,AI Researcher,76502
9098,Alice Walker,AI Researcher,90307
9099,Bob Martinez,Network Engineer,97632
9100,David Martinez,System Administrator,81338
9101,Charlie Smith,Database Administrator,66167
9102,Alice Smith,Network Engineer,60904
9103,John Clark,Network Engineer,51677
9104,John Lewis,Product Manager,85306
9105,John Brown,UX Designer,52248
9106,David Harris,UX Designer,94510
9107,Michael Lewis,Software Engineer,84204
9108,David Lewis,DevOps Engineer,51553
9109,Michael Anderson,UX Designer,71961
9110,Olivia Clark,System Administrator,63065
9111,Michael Smith,Product Manager,69244
9112,Alice Martinez,DevOps Engineer,71078
9113,Charlie Johnson,Product Manager,60953
9114,John Taylor,Database Administrator,81618
9115,Emma Smith,Database Administrator,81918
9116,Michael Anderson,DevOps Engineer,56608
9117,Emma Taylor,Project Manager,88822
9118,Emma Walker,Project Manager,99432
9119,David Anderson,AI Researcher,67123
9120,Charlie Lewis,Project Manager,80667
9121,Jane Walker,Project Manager,71641
9122,John Clark,Network Engineer,71085
9123,Jane Johnson,Database Administrator,61796
9124,Jane Taylor,DevOps Engineer,77372
9125,Michael Clark,Network Engineer,72665
9126,Sophia Harris,Project Manager,61009
9127,Bob Brown,UX Designer,61886
9128,Olivia Walker,Database Administrator,69414
9129,John Lewis,Product Manager,94938
9130,Michael Martinez,Network Engineer,70696
9131,Bob Anderson,Project Manager,73782
9132,David Anderson,Database Administrator,53452
9133,Bob Anderson,AI Researcher,58930
9134,Michael Anderson,DevOps Engineer,82090
9135,David Lewis,UX Designer,52377
9136,Sophia Anderson,Network Engineer,60594
9137,Sophia Smith,AI Researcher,99783
9138,Charlie Lewis,DevOps Engineer,93037
9139,Alice Harris,UX Designer,60265
9140,David Anderson,System Administrator,93250
9141,Olivia Clark,AI Researcher,52227
9142,Emma Smith,Software Engineer,91244
9143,Bob Brown,Data Analyst,53184
9144,Bob Anderson,Network Engineer,77687
9145,John Harris,Database Administrator,67708
9146,Bob Lewis,UX Designer,54792
9147,Alice Martinez,DevOps Engineer,86077
9148,Emma Martinez,Product Manager,50420
9149,Michael Smith,Database Administrator,56733
9150,Bob Lewis,Project Manager,62294
9151,John Clark,System Administrator,52427
9152,Emma Anderson,System Administrator,98613
9153,Bob Clark,DevOps Engineer,99230
9154,Charlie Martinez,AI Researcher,96691
9155,Alice Walker,UX Designer,85574
9156,Charlie Brown,Software Engineer,78977
9157,Charlie Smith,Data Analyst,90972
9158,Charlie Clark,Project Manager,67027
9159,Bob Smith,DevOps Engineer,93336
9160,Sophia Taylor,Project Manager,78993
9161,Charlie Anderson,Product Manager,60110
9162,Bob Brown,Network Engineer,56059
9163,Michael Johnson,Data Analyst,55282
9164,Michael Brown,Software Engineer,76894
9165,Sophia Martinez,AI Researcher,50333
9166,Sophia Walker,AI Researcher,97678
9167,John Johnson,DevOps Engineer,67343
9168,Alice Walker,Project Manager,90380
9169,Sophia Smith,Data Analyst,77426
9170,Sophia Smith,AI Researcher,80941
9171,Charlie Martinez,Product Manager,56640
9172,Jane Taylor,Product Manager,86253
9173,Charlie Martinez,Product Manager,52795
9174,Alice Johnson,System Administrator,52765
9175,Bob Smith,UX Designer,62371
9176,Michael Lewis,UX Designer,81007
9177,Emma Martinez,Software Engineer,66211
9178,Bob Anderson,DevOps Engineer,78220
9179,David Walker,DevOps Engineer,51499
9180,Alice Smith,Project Manager,98187
9181,Bob Walker,UX Designer,52162
9182,Charlie Harris,Project Manager,86902
9183,Bob Anderson,AI Researcher,98224
9184,David Johnson,DevOps Engineer,79418
9185,Alice Johnson,System Administrator,86111
9186,Emma Lewis,Database Administrator,53306
9187,Charlie Harris,DevOps Engineer,95420
9188,David Walker,Data Analyst,85272
9189,David Johnson,System Administrator,58923
9190,Jane Lewis,UX Designer,77428
9191,John Martinez,Product Manager,53183
9192,Sophia Walker,Product Manager,55508
9193,David Johnson,System Administrator,57699
9194,Bob Lewis,Project Manager,90826
9195,Olivia Clark,Software Engineer,78828
9196,Olivia Harris,Software Engineer,86414
9197,Bob Smith,Project Manager,69325
9198,Alice Lewis,UX Designer,85256
9199,Sophia Smith,AI Researcher,91710
9200,Michael Lewis,UX Designer,89539
9201,Sophia Martinez,Network Engineer,96018
9202,Jane Martinez,Database Administrator,97774
9203,Olivia Lewis,Project Manager,98068
9204,Michael Clark,Network Engineer,74983
9205,Alice Taylor,UX Designer,68349
9206,David Lewis,Data Analyst,93020
9207,David Johnson,Database Administrator,89133
9208,Bob Brown,Project Manager,76484
9209,David Martinez,Product Manager,75865
9210,Sophia Anderson,DevOps Engineer,78374
9211,Michael Taylor,System Administrator,92913
9212,John Lewis,Software Engineer,70140
9213,Jane Harris,System Administrator,99024
9214,Olivia Anderson,AI Researcher,61826
9215,Bob Anderson,Project Manager,50472
9216,Michael Brown,Project Manager,67428
9217,Michael Harris,Product Manager,98027
9218,David Martinez,UX Designer,69101
9219,Bob Walker,System Administrator,73275
9220,Bob Clark,Network Engineer,62819
9221,John Walker,Product Manager,75430
9222,Jane Taylor,Project Manager,52539
9223,Michael Lewis,DevOps Engineer,96027
9224,Jane Martinez,Data Analyst,80009
9225,Charlie Walker,Product Manager,94244
9226,Charlie Smith,Software Engineer,85611
9227,Michael Anderson,Software Engineer,65868
9228,Charlie Martinez,UX Designer,72098
9229,Alice Brown,AI Researcher,58548
9230,David Smith,AI Researcher,94737
9231,Michael Harris,Database Administrator,78293
9232,David Taylor,Product Manager,51710
9233,Emma Lewis,Project Manager,88914
9234,Bob Anderson,AI Researcher,90320
9235,Michael Martinez,Network Engineer,55876
9236,Olivia Taylor,Software Engineer,91816
9237,Olivia Lewis,Data Analyst,57183
9238,John Anderson,Project Manager,72515
9239,John Harris,UX Designer,62170
9240,Sophia Taylor,Network Engineer,91297
9241,John Johnson,Software Engineer,71651
9242,Olivia Brown,Network Engineer,92809
9243,John Anderson,UX Designer,61374
9244,Olivia Harris,System Administrator,79191
9245,Sophia Brown,Database Administrator,78952
9246,Sophia Clark,Network Engineer,80068
9247,Charlie Brown,Data Analyst,86489
9248,David Smith,DevOps Engineer,50995
9249,John Anderson,AI Researcher,98659
9250,Jane Lewis,Data Analyst,70878
9251,Michael Taylor,Software Engineer,62042
9252,Alice Lewis,DevOps Engineer,90686
9253,Bob Harris,Database Administrator,69134
9254,Sophia Walker,Product Manager,53405
9255,Charlie Taylor,System Administrator,86506
9256,Olivia Smith,Software Engineer,99127
9257,Sophia Smith,UX Designer,94479
9258,David Walker,UX Designer,94213
9259,Alice Clark,Network Engineer,69951
9260,John Martinez,Project Manager,69160
9261,Michael Anderson,System Administrator,58891
9262,Bob Lewis,Data Analyst,84652
9263,Alice Taylor,System Administrator,50044
9264,Jane Walker,Database Administrator,92585
9265,Olivia Lewis,DevOps Engineer,59335
9266,Alice Brown,Project Manager,80298
9267,David Clark,Data Analyst,54633
9268,Alice Martinez,Data Analyst,93383
9269,John Taylor,Network Engineer,97852
9270,Emma Brown,Database Administrator,62482
9271,John Clark,Network Engineer,53204
9272,John Anderson,Software Engineer,86951
9273,Sophia Smith,AI Researcher,81473
9274,Sophia Taylor,Network Engineer,52965
9275,Jane Martinez,Database Administrator,73012
9276,John Taylor,Database Administrator,73032
9277,Michael Walker,Product Manager,75151
9278,Olivia Martinez,Data Analyst,97440
9279,Jane Walker,Product Manager,99495
9280,David Smith,System Administrator,92973
9281,Michael Harris,Product Manager,52776
9282,Sophia Brown,Project Manager,86671
9283,Sophia Walker,Project Manager,59439
9284,Olivia Harris,DevOps Engineer,96739
9285,Alice Anderson,Database Administrator,82957
9286,Emma Anderson,System Administrator,93190
9287,Jane Johnson,Product Manager,78055
9288,Michael Martinez,System Administrator,68367
9289,Bob Walker,AI Researcher,61487
9290,Sophia Lewis,System Administrator,90609
9291,Bob Brown,Network Engineer,51976
9292,Sophia Walker,Project Manager,72141
9293,John Clark,UX Designer,88235
9294,Emma Walker,Network Engineer,80549
9295,Charlie Lewis,Product Manager,60195
9296,Jane Lewis,UX Designer,54801
9297,Sophia Brown,Software Engineer,68412
9298,Jane Anderson,AI Researcher,72756
9299,Bob Harris,Product Manager,69489
9300,Sophia Anderson,AI Researcher,91067
9301,Olivia Martinez,Software Engineer,80706
9302,Alice Clark,UX Designer,81168
9303,Michael Johnson,Software Engineer,59216
9304,Jane Anderson,System Administrator,51378
9305,John Johnson,DevOps Engineer,52107
9306,Emma Smith,AI Researcher,68158
9307,Sophia Johnson,Data Analyst,87779
9308,Charlie Clark,Data Analyst,86727
9309,Olivia Lewis,Network Engineer,91840
9310,Alice Johnson,Product Manager,50275
9311,Charlie Harris,Data Analyst,55263
9312,Emma Clark,Project Manager,57712
9313,Bob Smith,Network Engineer,89882
9314,Jane Walker,Project Manager,59940
9315,John Lewis,Project Manager,50237
9316,Emma Smith,Project Manager,56748
9317,Charlie Harris,Data Analyst,84246
9318,Bob Walker,AI Researcher,99070
9319,Michael Taylor,AI Researcher,88147
9320,David Clark,UX Designer,72114
9321,Alice Taylor,UX Designer,89152
9322,Jane Smith,Data Analyst,68053
9323,David Smith,Data Analyst,81036
9324,Charlie Taylor,Project Manager,56104
9325,Michael Brown,Network Engineer,79498
9326,David Lewis,DevOps Engineer,51991
9327,Jane Johnson,Network Engineer,70998
9328,Sophia Walker,Product Manager,84952
9329,Bob Johnson,Database Administrator,54627
9330,Jane Walker,AI Researcher,51668
9331,Emma Taylor,Software Engineer,54925
9332,Jane Harris,AI Researcher,96594
9333,David Harris,Network Engineer,70350
9334,Emma Brown,System Administrator,65031
9335,Emma Lewis,Network Engineer,52106
9336,Emma Lewis,Project Manager,79435
9337,Michael Clark,Network Engineer,59350
9338,Bob Smith,Project Manager,76981
9339,David Walker,Database Administrator,84695
9340,Alice Smith,Database Administrator,56913
9341,Olivia Clark,DevOps Engineer,82999
9342,Emma Johnson,Project Manager,54515
9343,Charlie Lewis,System Administrator,61569
9344,Jane Smith,Product Manager,65967
9345,Alice Clark,DevOps Engineer,98055
9346,Michael Harris,Product Manager,89370
9347,Emma Walker,Database Administrator,59417
9348,Charlie Martinez,Product Manager,80677
9349,Alice Brown,System Administrator,67924
9350,Sophia Walker,System Administrator,57835
9351,John Lewis,DevOps Engineer,89839
9352,Sophia Martinez,Software Engineer,98317
9353,Bob Johnson,Product Manager,53692
9354,Sophia Anderson,DevOps Engineer,84676
9355,Jane Brown,System Administrator,59662
9356,Emma Lewis,Project Manager,72235
9357,Bob Lewis,Database Administrator,68682
9358,Emma Smith,DevOps Engineer,89553
9359,John Walker,Product Manager,88282
9360,Olivia Smith,UX Designer,91970
9361,John Anderson,UX Designer,86972
9362,Sophia Anderson,System Administrator,79031
9363,Sophia Johnson,DevOps Engineer,70005
9364,John Smith,UX Designer,99040
9365,Charlie Anderson,Project Manager,65785
9366,Jane Brown,Data Analyst,73640
9367,Bob Martinez,Software Engineer,55127
9368,Alice Brown,Software Engineer,71994
9369,John Harris,Product Manager,61160
9370,Bob Martinez,Software Engineer,68497
9371,John Taylor,Network Engineer,71993
9372,David Walker,Project Manager,89498
9373,Bob Walker,DevOps Engineer,77614
9374,Jane Smith,Network Engineer,88514
9375,Bob Anderson,DevOps Engineer,56228
9376,Jane Harris,System Administrator,56778
9377,Emma Martinez,System Administrator,71305
9378,Michael Walker,Product Manager,52367
9379,John Clark,Data Analyst,84406
9380,Emma Lewis,UX Designer,98983
9381,Bob Clark,Database Administrator,88731
9382,David Johnson,UX Designer,52185
9383,Emma Martinez,Product Manager,55621
9384,Jane Brown,AI Researcher,89896
9385,Olivia Harris,Project Manager,79621
9386,Bob Clark,Data Analyst,71876
9387,David Taylor,System Administrator,93277
9388,Emma Lewis,Product Manager,93437
9389,Emma Harris,Database Administrator,79425
9390,Emma Johnson,DevOps Engineer,85312
9391,Charlie Anderson,Product Manager,90194
9392,Emma Anderson,System Administrator,64831
9393,David Smith,System Administrator,56485
9394,Alice Anderson,DevOps Engineer,53259
9395,Olivia Walker,Data Analyst,79213
9396,Alice Clark,DevOps Engineer,63919
9397,Bob Anderson,Project Manager,97757
9398,David Harris,DevOps Engineer,75973
9399,Michael Johnson,Data Analyst,83242
9400,Jane Walker,Network Engineer,59443
9401,Olivia Walker,Project Manager,70610
9402,Alice Brown,DevOps Engineer,59240
9403,David Johnson,UX Designer,62371
9404,Michael Johnson,Software Engineer,58752
9405,Olivia Smith,Database Administrator,86334
9406,John Smith,System Administrator,95630
9407,Michael Clark,Software Engineer,50954
9408,David Anderson,AI Researcher,60981
9409,Bob Taylor,Network Engineer,88315
9410,Charlie Lewis,Database Administrator,66959
9411,Sophia Clark,UX Designer,66834
9412,Jane Taylor,Database Administrator,93113
9413,Emma Johnson,Network Engineer,95778
9414,Emma Walker,UX Designer,91224
9415,Emma Taylor,Product Manager,95464
9416,Alice Lewis,Project Manager,88035
9417,Jane Johnson,Software Engineer,59181
9418,Emma Brown,AI Researcher,83418
9419,Bob Martinez,Product Manager,74738
9420,John Brown,UX Designer,85524
9421,Emma Harris,AI Researcher,73840
9422,Emma Taylor,UX Designer,84258
9423,Emma Walker,AI Researcher,87344
9424,David Martinez,Database Administrator,58854
9425,Michael Taylor,Project Manager,51505
9426,Jane Lewis,AI Researcher,54785
9427,Olivia Martinez,Software Engineer,87006
9428,Charlie Brown,Data Analyst,69485
9429,Emma Lewis,UX Designer,76099
9430,David Taylor,Network Engineer,80909
9431,John Taylor,System Administrator,93966
9432,Alice Johnson,UX Designer,91489
9433,John Harris,Project Manager,99731
9434,Emma Martinez,Data Analyst,79509
9435,Sophia Smith,Data Analyst,51733
9436,Emma Clark,Network Engineer,93611
9437,Emma Lewis,Data Analyst,83700
9438,Emma Brown,AI Researcher,79823
9439,David Harris,Product Manager,63596
9440,David Clark,AI Researcher,90996
9441,John Taylor,DevOps Engineer,69088
9442,Alice Brown,Database Administrator,78083
9443,John Harris,Data Analyst,74775
9444,David Brown,Network Engineer,59702
9445,Alice Taylor,Network Engineer,61284
9446,Bob Harris,Project Manager,56055
9447,Emma Brown,AI Researcher,76264
9448,Olivia Smith,Project Manager,74279
9449,David Anderson,Software Engineer,96201
9450,Alice Taylor,Data Analyst,78234
9451,Emma Clark,UX Designer,53785
9452,Jane Smith,Product Manager,93523
9453,Alice Anderson,Project Manager,68466
9454,Olivia Walker,Data Analyst,99676
9455,Sophia Lewis,Network Engineer,94560
9456,Jane Lewis,Data Analyst,94787
9457,Sophia Walker,AI Researcher,67810
9458,Jane Johnson,AI Researcher,82358
9459,Bob Smith,UX Designer,85162
9460,Sophia Walker,System Administrator,83728
9461,John Anderson,Software Engineer,87084
9462,Charlie Walker,Network Engineer,64228
9463,David Johnson,UX Designer,94014
9464,Jane Clark,DevOps Engineer,95539
9465,John Smith,System Administrator,97558
9466,Charlie Johnson,UX Designer,72465
9467,Jane Brown,Database Administrator,66541
9468,Charlie Brown,Project Manager,54668
9469,Emma Harris,Database Administrator,70610
9470,Alice Harris,Project Manager,51257
9471,Alice Harris,Data Analyst,71293
9472,Charlie Anderson,Data Analyst,77128
9473,Jane Smith,Product Manager,85093
9474,Sophia Clark,System Administrator,93892
9475,John Taylor,Network Engineer,68695
9476,Bob Anderson,AI Researcher,81766
9477,Emma Anderson,AI Researcher,55839
9478,Jane Lewis,AI Researcher,76785
9479,Bob Smith,Project Manager,97091
9480,Sophia Smith,Database Administrator,91733
9481,Michael Walker,Data Analyst,66239
9482,David Harris,Data Analyst,63716
9483,Emma Martinez,Network Engineer,65787
9484,David Taylor,Product Manager,96572
9485,Sophia Walker,AI Researcher,90917
9486,Jane Smith,Network Engineer,73850
9487,John Anderson,Project Manager,53827
9488,Jane Clark,Data Analyst,85813
9489,Jane Clark,Project Manager,80374
9490,Bob Lewis,UX Designer,64931
9491,John Smith,Software Engineer,94323
9492,Charlie Martinez,Project Manager,94866
9493,Bob Clark,Software Engineer,50069
9494,David Harris,UX Designer,64208
9495,Alice Taylor,UX Designer,58744
9496,Bob Anderson,Network Engineer,81616
9497,Michael Brown,Network Engineer,97483
9498,Alice Johnson,System Administrator,80429
9499,Alice Taylor,Project Manager,61156
9500,David Clark,Software Engineer,64673
9501,John Harris,Data Analyst,84456
9502,Sophia Martinez,Database Administrator,97490
9503,Michael Brown,Product Manager,61314
9504,Emma Brown,UX Designer,66662
9505,Sophia Smith,System Administrator,81017
9506,Jane Walker,Database Administrator,53446
9507,John Walker,Project Manager,58099
9508,Jane Lewis,System Administrator,92905
9509,Sophia Taylor,Product Manager,71330
9510,John Smith,Data Analyst,72312
9511,Jane Harris,Software Engineer,58632
9512,Emma Walker,DevOps Engineer,90655
9513,John Clark,AI Researcher,54627
9514,John Brown,System Administrator,59914
9515,Michael Anderson,Product Manager,84890
9516,David Harris,Software Engineer,60505
9517,David Lewis,AI Researcher,99325
9518,David Walker,AI Researcher,58563
9519,Alice Johnson,Data Analyst,50238
9520,Michael Martinez,Network Engineer,64545
9521,Charlie Smith,Software Engineer,79105
9522,Emma Lewis,Software Engineer,85170
9523,John Brown,DevOps Engineer,85745
9524,Emma Lewis,System Administrator,84850
9525,John Brown,Database Administrator,86943
9526,Emma Martinez,Project Manager,99324
9527,Sophia Brown,Database Administrator,94616
9528,John Johnson,Project Manager,72839
9529,Bob Walker,DevOps Engineer,77392
9530,Alice Harris,Data Analyst,71880
9531,Sophia Anderson,AI Researcher,74492
9532,Emma Martinez,AI Researcher,82030
9533,David Brown,Software Engineer,65071
9534,John Taylor,AI Researcher,97673
9535,Olivia Clark,DevOps Engineer,97012
9536,Alice Lewis,Project Manager,69463
9537,Jane Harris,Project Manager,79104
9538,Jane Clark,Project Manager,85112
9539,Olivia Clark,Software Engineer,89581
9540,John Taylor,Data Analyst,85693
9541,Charlie Brown,DevOps Engineer,52003
9542,Emma Walker,AI Researcher,73833
9543,Emma Harris,Project Manager,69846
9544,Emma Harris,System Administrator,86855
9545,Charlie Brown,AI Researcher,91023
9546,Alice Johnson,Product Manager,67232
9547,Michael Lewis,Database Administrator,87657
9548,Sophia Brown,Data Analyst,79968
9549,Charlie Harris,System Administrator,88988
9550,David Johnson,Network Engineer,73486
9551,Michael Smith,AI Researcher,87239
9552,Emma Anderson,Network Engineer,69323
9553,Alice Johnson,System Administrator,68499
9554,David Harris,System Administrator,69243
9555,Emma Harris,Network Engineer,72842
9556,Emma Martinez,Product Manager,69155
9557,Olivia Lewis,Database Administrator,78769
9558,John Smith,UX Designer,98736
9559,Olivia Smith,Project Manager,93520
9560,Michael Walker,Data Analyst,78936
9561,Emma Johnson,Data Analyst,62822
9562,David Harris,DevOps Engineer,81248
9563,David Smith,UX Designer,99459
9564,Alice Clark,Data Analyst,99892
9565,Emma Martinez,Data Analyst,64880
9566,John Walker,System Administrator,62347
9567,Sophia Harris,Network Engineer,65162
9568,Jane Martinez,Database Administrator,75670
9569,Michael Brown,DevOps Engineer,91610
9570,David Clark,Product Manager,83560
9571,Olivia Smith,Product Manager,75562
9572,David Lewis,Project Manager,60779
9573,Alice Brown,Software Engineer,54609
9574,John Harris,Project Manager,68129
9575,Jane Lewis,Data Analyst,63902
9576,Michael Smith,Data Analyst,88693
9577,Emma Lewis,Data Analyst,50251
9578,Charlie Martinez,DevOps Engineer,84127
9579,David Johnson,Product Manager,65528
9580,Alice Taylor,DevOps Engineer,58899
9581,Sophia Taylor,Project Manager,89716
9582,Michael Martinez,AI Researcher,61080
9583,Sophia Martinez,AI Researcher,56075
9584,Sophia Walker,Database Administrator,65408
9585,Emma Walker,Product Manager,90581
9586,David Clark,Data Analyst,91719
9587,Bob Taylor,System Administrator,58535
9588,Bob Johnson,Network Engineer,73781
9589,Bob Harris,Data Analyst,81741
9590,Olivia Clark,AI Researcher,75797
9591,Sophia Walker,Network Engineer,54539
9592,John Taylor,DevOps Engineer,89522
9593,Emma Harris,UX Designer,68503
9594,Charlie Brown,Data Analyst,63815
9595,Bob Smith,Project Manager,58205
9596,Alice Anderson,Product Manager,95259
9597,Jane Martinez,Database Administrator,92744
9598,Emma Taylor,Product Manager,79045
9599,Jane Johnson,Network Engineer,64019
9600,Michael Harris,UX Designer,95491
9601,Emma Walker,Network Engineer,90243
9602,Emma Harris,Product Manager,68156
9603,John Lewis,AI Researcher,69549
9604,Olivia Lewis,Data Analyst,72486
9605,John Walker,Software Engineer,58541
9606,Charlie Walker,System Administrator,98970
9607,David Taylor,Software Engineer,58332
9608,Sophia Harris,DevOps Engineer,55474
9609,David Harris,Software Engineer,77556
9610,Charlie Johnson,Data Analyst,65504
9611,Jane Brown,Project Manager,53556
9612,Charlie Anderson,Software Engineer,87534
9613,Michael Taylor,UX Designer,72484
9614,Bob Anderson,UX Designer,67093
9615,John Taylor,System Administrator,73843
9616,John Anderson,DevOps Engineer,68482
9617,David Johnson,Product Manager,68755
9618,Olivia Lewis,Database Administrator,96765
9619,John Clark,Project Manager,69799
9620,Emma Walker,Software Engineer,93644
9621,Alice Taylor,Database Administrator,96622
9622,Alice Walker,Project Manager,58546
9623,Alice Harris,System Administrator,84792
9624,Alice Martinez,Project Manager,84816
9625,Michael Johnson,UX Designer,92202
9626,John Smith,Data Analyst,94810
9627,Charlie Martinez,Product Manager,71576
9628,Sophia Martinez,UX Designer,83875
9629,Michael Johnson,Project Manager,64806
9630,David Harris,Data Analyst,61379
9631,David Brown,Product Manager,50654
9632,Jane Smith,Database Administrator,73404
9633,Emma Martinez,Data Analyst,53515
9634,John Smith,Network Engineer,87867
9635,Olivia Clark,Database Administrator,85572
9636,Charlie Harris,UX Designer,96503
9637,Jane Harris,Software Engineer,59691
9638,Michael Johnson,Data Analyst,69709
9639,David Lewis,DevOps Engineer,61673
9640,Emma Walker,Data Analyst,93049
9641,David Walker,AI Researcher,67343
9642,Michael Lewis,Network Engineer,68316
9643,Olivia Johnson,Product Manager,59158
9644,Michael Clark,Project Manager,60098
9645,David Martinez,UX Designer,59568
9646,Sophia Walker,Network Engineer,54755
9647,John Anderson,UX Designer,90130
9648,David Brown,DevOps Engineer,84444
9649,Alice Brown,Product Manager,99352
9650,Emma Harris,DevOps Engineer,62343
9651,Olivia Martinez,Network Engineer,58507
9652,Sophia Martinez,System Administrator,78877
9653,Jane Harris,AI Researcher,56790
9654,David Martinez,UX Designer,85300
9655,Charlie Anderson,Product Manager,74675
9656,Emma Lewis,Product Manager,78920
9657,Bob Lewis,Product Manager,56274
9658,Olivia Taylor,Project Manager,96405
9659,Olivia Anderson,Project Manager,56448
9660,Michael Clark,DevOps Engineer,60025
9661,John Walker,Data Analyst,79742
9662,Emma Smith,UX Designer,76043
9663,Michael Brown,UX Designer,79009
9664,John Lewis,Network Engineer,59353
9665,Michael Taylor,Database Administrator,95486
9666,Charlie Brown,AI Researcher,92450
9667,Alice Smith,System Administrator,54835
9668,Bob Walker,System Administrator,88281
9669,Charlie Smith,Database Administrator,77094
9670,David Lewis,UX Designer,66780
9671,Michael Smith,Product Manager,89420
9672,Emma Taylor,Network Engineer,84301
9673,Bob Brown,AI Researcher,79131
9674,Bob Taylor,Network Engineer,82054
9675,David Smith,Project Manager,68762
9676,Charlie Taylor,AI Researcher,92510
9677,Sophia Smith,Data Analyst,68402
9678,Emma Walker,Database Administrator,85275
9679,Charlie Clark,Project Manager,84364
9680,Alice Walker,Network Engineer,77106
9681,Alice Walker,DevOps Engineer,64073
9682,Sophia Lewis,AI Researcher,80706
9683,Sophia Lewis,UX Designer,76683
9684,Michael Anderson,System Administrator,61831
9685,John Smith,Network Engineer,72096
9686,Alice Lewis,UX Designer,53757
9687,Sophia Harris,UX Designer,58012
9688,David Lewis,System Administrator,84030
9689,Michael Walker,AI Researcher,60812
9690,Olivia Brown,Network Engineer,55412
9691,David Anderson,Network Engineer,69586
9692,Emma Taylor,Software Engineer,92132
9693,Sophia Anderson,Product Manager,56804
9694,John Johnson,Database Administrator,60511
9695,Michael Harris,Data Analyst,75138
9696,Alice Walker,DevOps Engineer,91545
9697,Olivia Martinez,Project Manager,68912
9698,Alice Lewis,Data Analyst,55953
9699,Olivia Smith,AI Researcher,82365
9700,Alice Anderson,UX Designer,91438
9701,John Anderson,Data Analyst,75871
9702,Michael Johnson,DevOps Engineer,99494
9703,Olivia Harris,UX Designer,83465
9704,Emma Taylor,Product Manager,94055
9705,John Brown,Software Engineer,56991
9706,Olivia Martinez,Product Manager,92951
9707,Alice Smith,Project Manager,85851
9708,Olivia Walker,DevOps Engineer,67971
9709,Bob Walker,Product Manager,71720
9710,Jane Taylor,Network Engineer,63438
9711,Jane Brown,System Administrator,63163
9712,Emma Lewis,DevOps Engineer,54491
9713,Charlie Walker,AI Researcher,71540
9714,Bob Walker,Product Manager,81897
9715,John Johnson,AI Researcher,55241
9716,John Lewis,AI Researcher,56161
9717,Emma Martinez,Data Analyst,61098
9718,Michael Taylor,System Administrator,57289
9719,Emma Smith,UX Designer,96606
9720,Jane Anderson,DevOps Engineer,59523
9721,Emma Martinez,AI Researcher,84485
9722,Bob Lewis,Project Manager,50285
9723,Olivia Harris,Project Manager,61981
9724,Charlie Walker,Data Analyst,71851
9725,Bob Lewis,Product Manager,64568
9726,Alice Lewis,DevOps Engineer,77931
9727,Alice Martinez,Network Engineer,78757
9728,Sophia Harris,Product Manager,99043
9729,Olivia Brown,Data Analyst,69590
9730,Jane Walker,UX Designer,79312
9731,Jane Smith,Network Engineer,66453
9732,Charlie Smith,UX Designer,61247
9733,John Lewis,Product Manager,79680
9734,Emma Taylor,Project Manager,77035
9735,Emma Walker,Network Engineer,59451
9736,David Taylor,Data Analyst,96070
9737,Bob Smith,Data Analyst,86206
9738,Michael Clark,Product Manager,73776
9739,Bob Martinez,AI Researcher,87614
9740,Jane Harris,Project Manager,67466
9741,Emma Martinez,UX Designer,76301
9742,Michael Anderson,Project Manager,55304
9743,Emma Harris,System Administrator,98382
9744,John Walker,UX Designer,55131
9745,Sophia Martinez,Data Analyst,63938
9746,Sophia Walker,Data Analyst,95642
9747,Bob Lewis,Data Analyst,51337
9748,Olivia Lewis,System Administrator,74533
9749,Sophia Martinez,System Administrator,85616
9750,Jane Walker,System Administrator,52643
9751,Jane Walker,DevOps Engineer,81074
9752,Sophia Taylor,Project Manager,57560
9753,Bob Taylor,UX Designer,50491
9754,Sophia Martinez,Software Engineer,59508
9755,Emma Smith,System Administrator,59904
9756,Olivia Martinez,Product Manager,59672
9757,Sophia Taylor,AI Researcher,86881
9758,Michael Clark,UX Designer,60422
9759,Emma Anderson,UX Designer,87093
9760,Jane Smith,Project Manager,84568
9761,John Brown,System Administrator,67409
9762,Bob Clark,Data Analyst,51046
9763,Olivia Anderson,Data Analyst,64606
9764,Michael Walker,Software Engineer,67238
9765,David Johnson,Data Analyst,99464
9766,Charlie Clark,System Administrator,66859
9767,David Taylor,DevOps Engineer,82018
9768,Alice Anderson,Network Engineer,84931
9769,Charlie Harris,Product Manager,99903
9770,Jane Clark,DevOps Engineer,70132
9771,David Clark,System Administrator,72291
9772,Bob Brown,Product Manager,83961
9773,Alice Martinez,Data Analyst,94722
9774,John Johnson,Database Administrator,87302
9775,Charlie Lewis,Product Manager,74452
9776,Olivia Clark,UX Designer,50659
9777,John Brown,Data Analyst,92270
9778,Alice Brown,UX Designer,65550
9779,Sophia Anderson,Product Manager,95715
9780,David Brown,DevOps Engineer,92817
9781,Michael Clark,UX Designer,88773
9782,Bob Lewis,Product Manager,68334
9783,Michael Martinez,UX Designer,93310
9784,Olivia Brown,Product Manager,53579
9785,David Harris,Project Manager,96003
9786,Bob Clark,Network Engineer,88599
9787,Sophia Lewis,Project Manager,56450
9788,Alice Harris,System Administrator,74709
9789,Alice Anderson,Product Manager,51608
9790,Alice Anderson,System Administrator,69773
9791,Olivia Lewis,Data Analyst,92924
9792,David Smith,System Administrator,86394
9793,Jane Brown,AI Researcher,97892
9794,Sophia Walker,DevOps Engineer,62652
9795,Alice Smith,UX Designer,72292
9796,Bob Taylor,Software Engineer,66694
9797,Michael Clark,Database Administrator,62191
9798,Bob Taylor,Software Engineer,58890
9799,Olivia Taylor,DevOps Engineer,65641
9800,John Martinez,System Administrator,86754
9801,John Johnson,DevOps Engineer,98509
9802,Sophia Clark,AI Researcher,68150
9803,Alice Walker,Product Manager,78618
9804,Michael Brown,AI Researcher,93597
9805,Jane Harris,AI Researcher,99698
9806,Jane Johnson,System Administrator,91828
9807,Michael Johnson,UX Designer,76438
9808,Alice Smith,Database Administrator,56512
9809,Michael Clark,UX Designer,67193
9810,Bob Johnson,System Administrator,88913
9811,Jane Martinez,Database Administrator,58653
9812,Olivia Taylor,Data Analyst,52679
9813,David Lewis,Product Manager,92349
9814,Sophia Lewis,Product Manager,50242
9815,Michael Johnson,Product Manager,60817
9816,Michael Harris,UX Designer,69795
9817,Bob Smith,AI Researcher,84615
9818,Alice Taylor,AI Researcher,97102
9819,Bob Taylor,Network Engineer,55386
9820,Charlie Anderson,System Administrator,81005
9821,David Martinez,Database Administrator,65180
9822,Jane Lewis,UX Designer,50036
9823,Olivia Harris,Data Analyst,54034
9824,John Walker,Software Engineer,92544
9825,John Taylor,UX Designer,96747
9826,Jane Walker,Product Manager,87912
9827,Bob Johnson,Product Manager,88886
9828,Sophia Johnson,System Administrator,85146
9829,Alice Martinez,System Administrator,67511
9830,Emma Taylor,UX Designer,68115
9831,John Taylor,UX Designer,90592
9832,Michael Walker,Database Administrator,83875
9833,Bob Johnson,Project Manager,74998
9834,Jane Harris,AI Researcher,84287
9835,Bob Walker,UX Designer,70377
9836,David Harris,Software Engineer,60588
9837,Michael Johnson,Network Engineer,77235
9838,Alice Walker,AI Researcher,65642
9839,Bob Martinez,Project Manager,96678
9840,John Clark,Project Manager,75223
9841,Alice Clark,DevOps Engineer,93575
9842,Jane Johnson,Network Engineer,71592
9843,Bob Anderson,AI Researcher,91512
9844,Alice Walker,System Administrator,85090
9845,Sophia Johnson,Network Engineer,75520
9846,Sophia Anderson,Network Engineer,51413
9847,Michael Brown,Network Engineer,87766
9848,Charlie Lewis,Product Manager,77793
9849,John Harris,Data Analyst,60690
9850,Bob Taylor,Software Engineer,56988
9851,Bob Martinez,Project Manager,94095
9852,Bob Johnson,Software Engineer,73821
9853,John Anderson,Data Analyst,94840
9854,Bob Clark,DevOps Engineer,73129
9855,Jane Walker,Product Manager,99853
9856,Olivia Brown,Network Engineer,99186
9857,David Anderson,UX Designer,82108
9858,Emma Harris,Network Engineer,98273
9859,David Brown,Database Administrator,96419
9860,Bob Martinez,Network Engineer,71269
9861,Charlie Harris,UX Designer,85093
9862,Alice Brown,Product Manager,67385
9863,John Harris,Project Manager,78173
9864,David Martinez,Software Engineer,56954
9865,Alice Johnson,UX Designer,84334
9866,Olivia Anderson,Network Engineer,57427
9867,Emma Clark,Network Engineer,55843
9868,Michael Taylor,Project Manager,64221
9869,Jane Walker,System Administrator,96073
9870,Olivia Lewis,AI Researcher,96866
9871,John Martinez,Network Engineer,91432
9872,Sophia Anderson,UX Designer,79223
9873,John Johnson,Network Engineer,80633
9874,Jane Martinez,UX Designer,58527
9875,Michael Walker,Database Administrator,98479
9876,Olivia Johnson,Product Manager,68709
9877,Emma Harris,Software Engineer,90812
9878,Charlie Brown,Software Engineer,77651
9879,Sophia Taylor,UX Designer,87230
9880,Charlie Lewis,Project Manager,81328
9881,David Smith,UX Designer,52506
9882,David Johnson,Project Manager,88952
9883,David Anderson,UX Designer,65327
9884,Bob Brown,System Administrator,69442
9885,Charlie Smith,Project Manager,53183
9886,Michael Harris,Data Analyst,65825
9887,Bob Smith,System Administrator,56709
9888,Alice Harris,Software Engineer,59734
9889,Sophia Taylor,Project Manager,94893
9890,Alice Anderson,Network Engineer,73559
9891,Sophia Anderson,Software Engineer,75523
9892,Olivia Walker,Network Engineer,86687
9893,Olivia Clark,Project Manager,51978
9894,Emma Brown,DevOps Engineer,77209
9895,Emma Walker,Software Engineer,72970
9896,Alice Harris,UX Designer,74769
9897,Jane Lewis,AI Researcher,68721
9898,Bob Johnson,UX Designer,92174
9899,John Anderson,Data Analyst,57225
9900,Alice Johnson,Software Engineer,88649
9901,Charlie Walker,Database Administrator,64333
9902,Olivia Walker,Data Analyst,82677
9903,Emma Taylor,Software Engineer,81729
9904,Olivia Harris,Product Manager,72732
9905,Emma Martinez,Software Engineer,67189
9906,Michael Smith,Data Analyst,79326
9907,Emma Martinez,Network Engineer,50215
9908,Jane Harris,Data Analyst,88292
9909,David Walker,Project Manager,61444
9910,Alice Anderson,Product Manager,77316
9911,David Anderson,Project Manager,84345
9912,Alice Taylor,Product Manager,65423
9913,John Martinez,Database Administrator,78904
9914,Charlie Harris,UX Designer,61504
9915,Bob Walker,Database Administrator,68042
9916,Sophia Lewis,UX Designer,91463
9917,David Martinez,AI Researcher,95520
9918,Jane Martinez,DevOps Engineer,68157
9919,Michael Anderson,AI Researcher,98672
9920,John Harris,Data Analyst,89742
9921,Charlie Taylor,Database Administrator,53136
9922,Charlie Lewis,Data Analyst,54562
9923,Alice Harris,Project Manager,96979
9924,John Brown,Software Engineer,60858
9925,Michael Harris,DevOps Engineer,51325
9926,Sophia Johnson,Software Engineer,74147
9927,Bob Walker,Product Manager,55301
9928,Emma Lewis,Project Manager,61908
9929,Bob Clark,System Administrator,99146
9930,Charlie Smith,Database Administrator,82346
9931,Bob Harris,AI Researcher,91724
9932,Jane Clark,AI Researcher,59186
9933,Michael Anderson,Data Analyst,86169
9934,David Johnson,Product Manager,78410
9935,John Harris,Data Analyst,65818
9936,Sophia Martinez,System Administrator,55959
9937,Bob Johnson,UX Designer,50410
9938,Bob Clark,Data Analyst,65961
9939,Charlie Smith,AI Researcher,96310
9940,Bob Johnson,Software Engineer,61678
9941,Michael Taylor,System Administrator,50776
9942,Charlie Walker,Data Analyst,64824
9943,Bob Taylor,Data Analyst,89244
9944,Jane Martinez,UX Designer,95462
9945,Sophia Brown,System Administrator,81531
9946,Jane Taylor,Network Engineer,67972
9947,Alice Johnson,DevOps Engineer,73362
9948,Emma Anderson,System Administrator,79195
9949,Alice Smith,Product Manager,57906
9950,Jane Clark,Data Analyst,51107
9951,Charlie Smith,System Administrator,54199
9952,David Martinez,Network Engineer,75299
9953,Charlie Lewis,Database Administrator,55149
9954,John Clark,System Administrator,57238
9955,Michael Martinez,Database Administrator,52763
9956,Olivia Clark,AI Researcher,71580
9957,Alice Smith,Project Manager,87655
9958,Sophia Smith,Database Administrator,95719
9959,Emma Martinez,System Administrator,73457
9960,John Lewis,Product Manager,85075
9961,Michael Johnson,System Administrator,97131
9962,Alice Anderson,UX Designer,82177
9963,Emma Smith,DevOps Engineer,66566
9964,Alice Clark,Database Administrator,69312
9965,Charlie Martinez,Project Manager,71904
9966,Michael Walker,Network Engineer,61747
9967,Olivia Lewis,System Administrator,92108
9968,Bob Lewis,UX Designer,74201
9969,David Anderson,Project Manager,83157
9970,Sophia Lewis,Network Engineer,61171
9971,Olivia Taylor,System Administrator,66114
9972,Jane Brown,Project Manager,98196
9973,John Clark,Network Engineer,68953
9974,David Anderson,AI Researcher,63940
9975,Jane Clark,AI Researcher,68813
9976,Sophia Walker,Product Manager,72089
9977,Olivia Lewis,Product Manager,77991
9978,Alice Martinez,System Administrator,72098
9979,Jane Walker,AI Researcher,84711
9980,Bob Walker,Data Analyst,83257
9981,Alice Walker,DevOps Engineer,85899
9982,Bob Anderson,Database Administrator,62212
9983,Charlie Clark,System Administrator,72089
9984,John Brown,Network Engineer,53529
9985,Michael Clark,UX Designer,89656
9986,Jane Lewis,Database Administrator,81107
9987,Sophia Anderson,Software Engineer,69693
9988,David Clark,Product Manager,99885
9989,David Taylor,UX Designer,97002
9990,Alice Brown,Product Manager,89487
9991,Michael Brown,DevOps Engineer,78253
9992,Bob Harris,Network Engineer,61480
9993,Olivia Martinez,Product Manager,57675
9994,Olivia Brown,Network Engineer,89115
9995,Olivia Lewis,Project Manager,50761
9996,David Smith,Network Engineer,79762
9997,David Clark,UX Designer,72589
9998,Michael Harris,DevOps Engineer,63223
9999,Michael Lewis,AI Researcher,53015
10000,Sophia Martinez,Software Engineer,94834
